{
   "angles": [
      0.06410738064991119,
      0.3779078962636266,
      0.10271245304627705,
      0.43260810307130865,
      0.42462170567537505,
      0.6372975890878074,
      0.2166022101477372,
      1.434874167666785,
      -1.4476226858300134,
      0.5138342826612158,
      0.45456753397298044,
      0.47313562576893164,
      1.5621498575646904,
      -0.71462447171118,
      -0.2895098499286029,
      -1.0337058293736958,
      -0.7993863835328503,
      -0.7578666805016159,
      -0.8382014085961438,
      -0.7810060140691385,
      -1.3726762997581654,
      -1.3937295076914178,
      -0.16973086200447207
   ],
   "dists": [
      191.52260853595226,
      61.36802121704483,
      91.47816031730271,
      368.101859594034,
      99.45970514520198,
      305.9566830324379,
      60.848008550184296,
      238.33415654607893,
      -67.0301175046818,
      101.17074550019271,
      53.85186694271498,
      300.60963236479654,
      65.30228789165182,
      77.38194921212136,
      3.0373396645638007,
      -92.52483952863635,
      176.61199673708393,
      -81.46489830004707,
      176.44110157217258,
      164.2284878435774,
      -96.11139164498788,
      -94.1452211836727,
      242.23238778686797
   ],
   "p1s": [
      [
         189.28366088867188,
         41.018211364746094
      ],
      [
         43.55113983154297,
         56.61578369140625
      ],
      [
         87.85202026367188,
         39.88167190551758
      ],
      [
         288.13323974609375,
         254.06153869628906
      ],
      [
         88.08926391601562,
         46.588233947753906
      ],
      [
         285.5923156738281,
         128.43853759765625
      ],
      [
         0.9128776788711548,
         278.9808349609375
      ],
      [
         202.66136169433594,
         212.83575439453125
      ],
      [
         0.9188376069068909,
         67.65558624267578
      ],
      [
         1.0259504318237305,
         204.0146484375
      ],
      [
         49.142154693603516,
         22.092069625854492
      ],
      [
         288.0517578125,
         97.00265502929688
      ],
      [
         0.9939144849777222,
         65.29613494873047
      ],
      [
         104.0381851196289,
         1.8344699144363403
      ],
      [
         3.3475399017333984,
         0.5985962152481079
      ],
      [
         1.3153841495513916,
         108.47036743164062
      ],
      [
         253.662841796875,
         0.318346232175827
      ],
      [
         161.6548614501953,
         289.3266296386719
      ],
      [
         263.8626708984375,
         0.041066985577344894
      ],
      [
         231.6214141845703,
         0.38402822613716125
      ],
      [
         0.7626857161521912,
         98.18211364746094
      ],
      [
         275.82171630859375,
         144.99636840820312
      ],
      [
         289.3145446777344,
         254.1174774169922
      ]
   ],
   "p2s": [
      [
         191.66555786132812,
         3.914335012435913
      ],
      [
         65.68036651611328,
         0.87310791015625
      ],
      [
         91.36178588867188,
         5.831140995025635
      ],
      [
         300.8996887207031,
         226.41546630859375
      ],
      [
         105.06969451904297,
         9.031511306762695
      ],
      [
         300.4676818847656,
         108.34625244140625
      ],
      [
         11.705586433410645,
         229.93521118164062
      ],
      [
         294.8935546875,
         200.22158813476562
      ],
      [
         49.4135856628418,
         73.65926361083984
      ],
      [
         14.2533540725708,
         180.57858276367188
      ],
      [
         56.80344009399414,
         6.415240287780762
      ],
      [
         297.8349914550781,
         77.89168548583984
      ],
      [
         17.992643356323242,
         65.14916229248047
      ],
      [
         114.83333587646484,
         14.276997566223145
      ],
      [
         13.354401588439941,
         34.19231033325195
      ],
      [
         62.172786712646484,
         144.7098388671875
      ],
      [
         278.00799560546875,
         23.991771697998047
      ],
      [
         172.81631469726562,
         301.1202392578125
      ],
      [
         283.3694152832031,
         17.589374542236328
      ],
      [
         251.02882385253906,
         19.96268081665039
      ],
      [
         20.18446922302246,
         102.08111572265625
      ],
      [
         296.24151611328125,
         148.6503143310547
      ],
      [
         292.2019348144531,
         270.96539306640625
      ]
   ],
   "b1s": [
      1,
      1,
      1,
      1,
      1,
      1,
      0,
      1,
      0,
      0,
      1,
      1,
      0,
      0,
      0,
      0,
      0,
      1,
      0,
      0,
      0,
      1,
      1
   ],
   "b2s": [
      0,
      0,
      0,
      0,
      0,
      0,
      1,
      0,
      1,
      1,
      0,
      0,
      1,
      1,
      1,
      1,
      1,
      0,
      1,
      1,
      1,
      0,
      0
   ]
}