{
   "angles": [
      0.3631980614001587,
      0.21731628889979088,
      0.9339643603126841,
      -1.4335140468690892,
      0.6684506475480511,
      -1.5669101737991633,
      -1.4720540316257944,
      0.28351195545386726,
      -0.2893900851855801,
      -0.29216624497753296,
      0.07660737615641387,
      -0.03227068543882964,
      -0.06473419724305815,
      1.0306208082373638,
      -0.2599607001086674,
      -0.42775970030490407,
      -1.5500094072641315,
      -0.208763958600081,
      0.1734016393796559,
      -0.02946869089467662,
      -0.33684169503895633,
      -0.7693535952158264,
      1.017451843972512,
      -1.4209982365801803
   ],
   "dists": [
      369.2428795176194,
      65.56370732418848,
      196.48994550837375,
      -97.1559438609234,
      44.598089517731474,
      -101.93716786639716,
      -236.0742452574175,
      222.84507846298283,
      116.67584491395961,
      147.96752804260205,
      156.4502957236247,
      178.16066694969487,
      18.562488553236804,
      49.8368643166334,
      129.74250809439346,
      -105.39704157532682,
      1.0416934851078232,
      156.2687870802024,
      198.82620307870144,
      168.96096170651467,
      214.05649794974792,
      63.92449856922448,
      191.37724379392472,
      -164.63571485036647
   ],
   "p1s": [
      [
         280.7420959472656,
         300.662109375
      ],
      [
         61.804439544677734,
         24.177623748779297
      ],
      [
         270.5005798339844,
         44.32478332519531
      ],
      [
         266.8691711425781,
         134.947021484375
      ],
      [
         0.8505609631538391,
         70.8819808959961
      ],
      [
         251.00033569335938,
         102.91336822509766
      ],
      [
         241.88194274902344,
         261.19171142578125
      ],
      [
         144.5697784423828,
         300.4573669433594
      ],
      [
         198.34886169433594,
         257.3006286621094
      ],
      [
         229.56715393066406,
         249.5286407470703
      ],
      [
         133.8721923828125,
         300.1437072753906
      ],
      [
         186.41827392578125,
         252.92193603515625
      ],
      [
         18.6593017578125,
         0.8924362063407898
      ],
      [
         70.35354614257812,
         15.921979904174805
      ],
      [
         200.26809692382812,
         248.19467163085938
      ],
      [
         -0.23208092153072357,
         253.5617218017578
      ],
      [
         113.99317932128906,
         1.3279898166656494
      ],
      [
         211.58197021484375,
         244.72410583496094
      ],
      [
         149.26620483398438,
         300.2218017578125
      ],
      [
         176.7861785888672,
         262.9768371582031
      ],
      [
         290.696044921875,
         182.45663452148438
      ],
      [
         293.1504821777344,
         210.8226776123047
      ],
      [
         291.80877685546875,
         44.69043731689453
      ],
      [
         284.92401123046875,
         209.50352478027344
      ]
   ],
   "p2s": [
      [
         293.7204895019531,
         266.5137023925781
      ],
      [
         67.01873016357422,
         0.5625283718109131
      ],
      [
         298.4710998535156,
         23.636924743652344
      ],
      [
         299.928955078125,
         139.5142822265625
      ],
      [
         24.481334686279297,
         40.959598541259766
      ],
      [
         299.9956970214844,
         103.1037826538086
      ],
      [
         292.8768005371094,
         266.2434997558594
      ],
      [
         149.1459503173828,
         284.75115966796875
      ],
      [
         211.13888549804688,
         300.25640869140625
      ],
      [
         244.85150146484375,
         300.345458984375
      ],
      [
         137.10641479492188,
         258.0081787109375
      ],
      [
         187.93914794921875,
         300.03424072265625
      ],
      [
         21.193626403808594,
         39.987449645996094
      ],
      [
         97.269287109375,
         -0.218525230884552
      ],
      [
         213.97805786132812,
         299.7398681640625
      ],
      [
         21.29425048828125,
         300.7776794433594
      ],
      [
         165.9915008544922,
         2.4090404510498047
      ],
      [
         223.4514617919922,
         300.75177001953125
      ],
      [
         151.93447875976562,
         284.988525390625
      ],
      [
         177.87762451171875,
         300.00360107421875
      ],
      [
         299.3682861328125,
         207.22122192382812
      ],
      [
         300.5519104003906,
         218.46551513671875
      ],
      [
         300.2819519042969,
         39.45642852783203
      ],
      [
         292.8934020996094,
         210.7063446044922
      ]
   ],
   "b1s": [
      0,
      1,
      1,
      1,
      0,
      1,
      1,
      0,
      1,
      1,
      0,
      1,
      0,
      1,
      1,
      0,
      0,
      1,
      0,
      1,
      1,
      0,
      0,
      1
   ],
   "b2s": [
      0,
      0,
      0,
      0,
      1,
      0,
      0,
      1,
      0,
      0,
      1,
      0,
      1,
      0,
      0,
      0,
      0,
      0,
      1,
      0,
      0,
      0,
      0,
      0
   ]
}