{
   "angles": [
      0.6195057386467792,
      1.0508003451024108,
      -1.5417131389045846,
      1.1608539353294351,
      -0.8534340788710862,
      1.3138326250130687,
      -0.49916915866733014,
      -1.0458711974446007,
      -0.26330350212455894,
      1.5418345873294648,
      -0.23824633989854133,
      -0.4533893330506117,
      1.3522053229448707,
      -0.7404405700667325,
      1.4114396065324728,
      -0.433663048853483,
      -0.24199948658223627,
      1.3402314496441592
   ],
   "dists": [
      16.79120108188566,
      69.88001955272749,
      -213.3022667884788,
      53.4577508180988,
      49.82325055400825,
      279.12377069539633,
      41.632888702016224,
      -22.604319095581346,
      96.74464786142451,
      84.11300723811515,
      198.50034770722237,
      183.673464793338,
      168.62506008100027,
      128.17755430424057,
      255.91021277913939,
      48.69200108334988,
      100.1856017652279,
      117.79378685592869
   ],
   "p1s": [
      [
         0.29874613881111145,
         28.49989128112793
      ],
      [
         113.78678131103516,
         15.374163627624512
      ],
      [
         9.922001838684082,
         213.68115234375
      ],
      [
         109.70177459716797,
         10.614907264709473
      ],
      [
         76.82686614990234,
         0.9059579372406006
      ],
      [
         1.0827945470809937,
         288.3150939941406
      ],
      [
         47.284908294677734,
         -0.24578683078289032
      ],
      [
         211.6119842529297,
         148.6699981689453
      ],
      [
         174.12171936035156,
         274.23675537109375
      ],
      [
         288.9645690917969,
         75.77703857421875
      ],
      [
         273.9167175292969,
         286.7773742675781
      ],
      [
         267.9250793457031,
         130.54925537109375
      ],
      [
         277.5724792480469,
         111.07540893554688
      ],
      [
         174.3029022216797,
         0.7231786251068115
      ],
      [
         5.879360198974609,
         258.2493896484375
      ],
      [
         187.95640563964844,
         290.0201721191406
      ],
      [
         173.80010986328125,
         286.0493469238281
      ],
      [
         279.8372802734375,
         55.30683517456055
      ]
   ],
   "p2s": [
      [
         16.228586196899414,
         6.163019180297852
      ],
      [
         141.23268127441406,
         -0.3401546776294708
      ],
      [
         138.98731994628906,
         217.43585205078125
      ],
      [
         132.813720703125,
         0.5713273882865906
      ],
      [
         120.06776428222656,
         38.62983703613281
      ],
      [
         59.95901107788086,
         272.8440246582031
      ],
      [
         72.80511474609375,
         46.56103515625
      ],
      [
         301.3629150390625,
         200.64657592773438
      ],
      [
         181.19747924804688,
         300.4858703613281
      ],
      [
         300.01324462890625,
         75.45697021484375
      ],
      [
         277.176513671875,
         300.1999816894531
      ],
      [
         299.0633239746094,
         194.45639038085938
      ],
      [
         300.2314453125,
         106.04194641113281
      ],
      [
         188.10116577148438,
         15.821446418762207
      ],
      [
         19.022035598754883,
         256.1371154785156
      ],
      [
         192.8288116455078,
         300.5423278808594
      ],
      [
         177.28707885742188,
         300.17596435546875
      ],
      [
         295.66912841796875,
         51.59048843383789
      ]
   ],
   "b1s": [
      0,
      1,
      0,
      1,
      0,
      0,
      0,
      1,
      1,
      1,
      1,
      1,
      1,
      0,
      0,
      1,
      1,
      1
   ],
   "b2s": [
      0,
      0,
      1,
      0,
      1,
      1,
      1,
      0,
      0,
      0,
      0,
      0,
      0,
      1,
      1,
      0,
      0,
      0
   ]
}