{
   "angles": [
      -1.430685344126545,
      0.449762739696527,
      1.3184702318787507,
      1.2862360338738168,
      0.39406080076276057,
      1.5018300133715408,
      -1.5217709310109655,
      -0.3101257214014415,
      0.3910794690099424,
      1.550991145772046,
      0.3680866588961633,
      0.3056897124960151,
      1.2771288036743424,
      0.322819499588391,
      0.5439169614226395,
      -0.9697592223046442,
      -0.3040163509655973,
      0.31548520028585314,
      0.7403239778130041,
      -0.8236733399107803,
      -0.5046155733459083,
      -0.4703462530953252,
      1.2523552730510052,
      -0.0761950136047146,
      -0.3976316692388154
   ],
   "dists": [
      -54.3728209130168,
      244.48874752815752,
      212.34376918180004,
      56.76359448162343,
      7.040880979118387,
      91.9757198919009,
      -90.79571361067298,
      39.90516562601348,
      345.80680253943433,
      114.85672070838203,
      147.726802432545,
      369.8948916098116,
      60.62892608224757,
      361.84236402032235,
      337.1356687651621,
      -21.716714010957123,
      -52.34098484855275,
      254.35808838210104,
      337.4865534827785,
      85.09558409104527,
      -78.11733568309515,
      -57.75047225764821,
      68.49492939449607,
      28.49831439573388,
      33.54340692321064
   ],
   "p1s": [
      [
         277.0030822753906,
         93.97807312011719
      ],
      [
         126.15677642822266,
         301.04119873046875
      ],
      [
         238.67808532714844,
         157.75140380859375
      ],
      [
         0.6899975538253784,
         58.940155029296875
      ],
      [
         -0.0871228352189064,
         18.547964096069336
      ],
      [
         252.26040649414062,
         74.76978302001953
      ],
      [
         255.028564453125,
         103.41783905029297
      ],
      [
         42.01747131347656,
         0.3534688353538513
      ],
      [
         250.30165100097656,
         300.1243896484375
      ],
      [
         250.97836303710938,
         109.90792846679688
      ],
      [
         42.81017303466797,
         299.5411376953125
      ],
      [
         293.0936584472656,
         300.34515380859375
      ],
      [
         0.733515202999115,
         63.118797302246094
      ],
      [
         280.9741516113281,
         300.660400390625
      ],
      [
         212.14486694335938,
         300.6923828125
      ],
      [
         0.5257031917572021,
         26.691736221313477
      ],
      [
         -2.4370439052581787,
         167.07833862304688
      ],
      [
         251.5155792236328,
         49.168277740478516
      ],
      [
         182.566162109375,
         300.5173034667969
      ],
      [
         122.910400390625,
         -2.1456828117370605
      ],
      [
         -0.010053795762360096,
         161.557861328125
      ],
      [
         -0.3721666634082794,
         126.6976089477539
      ],
      [
         163.4121856689453,
         18.250343322753906
      ],
      [
         28.805574417114258,
         2.93850040435791
      ],
      [
         36.68165588378906,
         0.713702380657196
      ]
   ],
   "p2s": [
      [
         300.2459411621094,
         97.25614166259766
      ],
      [
         178.22848510742188,
         193.1792449951172
      ],
      [
         294.81396484375,
         143.2783966064453
      ],
      [
         29.447154998779297,
         50.52874755859375
      ],
      [
         7.620847225189209,
         0.010724390856921673
      ],
      [
         300.23870849609375,
         71.45565032958984
      ],
      [
         300.06732177734375,
         105.6276626586914
      ],
      [
         57.84111785888672,
         49.73044967651367
      ],
      [
         280.8841247558594,
         225.9522247314453
      ],
      [
         300.0185546875,
         108.93656158447266
      ],
      [
         60.79055404663086,
         252.91921997070312
      ],
      [
         300.7062072753906,
         276.2228698730469
      ],
      [
         30.628480911254883,
         54.07823181152344
      ],
      [
         297.527587890625,
         251.17648315429688
      ],
      [
         248.71485900878906,
         240.22279357910156
      ],
      [
         24.77948760986328,
         43.32160568237305
      ],
      [
         37.81414031982422,
         295.3720703125
      ],
      [
         267.1179504394531,
         1.3648896217346191
      ],
      [
         193.04869079589844,
         289.04449462890625
      ],
      [
         187.35000610351562,
         57.54066848754883
      ],
      [
         35.490257263183594,
         225.83384704589844
      ],
      [
         51.918155670166016,
         229.55001831054688
      ],
      [
         199.45150756835938,
         6.369625568389893
      ],
      [
         30.18337059020996,
         20.98600196838379
      ],
      [
         45.32164764404297,
         21.284910202026367
      ]
   ],
   "b1s": [
      1,
      0,
      1,
      0,
      0,
      1,
      1,
      0,
      0,
      1,
      0,
      0,
      0,
      0,
      0,
      0,
      0,
      1,
      0,
      0,
      0,
      0,
      1,
      0,
      0
   ],
   "b2s": [
      0,
      1,
      0,
      1,
      0,
      0,
      0,
      1,
      1,
      0,
      1,
      0,
      1,
      0,
      1,
      1,
      0,
      0,
      1,
      1,
      1,
      1,
      0,
      1,
      1
   ]
}