{
   "angles": [
      1.1951033446530406,
      0.5289560268703217,
      -1.4703169579670365,
      -1.5274654859294334,
      0.8729118583622694,
      1.436140634127222,
      1.2245524665325098,
      -0.7386025391948691,
      1.0252170307060875,
      1.1439418591427228,
      0.8220144497367403,
      0.9064042304087576,
      -0.5983016233754753,
      1.1383515692219834,
      -0.38288980445829,
      0.340181495362179,
      -0.46713922277415837,
      -0.8403757872442212,
      1.1124851178564221,
      0.003952041875373718,
      0.0651692856335271,
      -0.9079061730936355,
      -0.6008714829228565
   ],
   "dists": [
      225.06031368464022,
      114.02561737880781,
      -126.41904102475014,
      -86.97323371047368,
      62.27592628715307,
      76.56352925867449,
      157.0828169477581,
      121.95101023252951,
      323.2702434578397,
      326.26856138586317,
      392.72827097738275,
      403.45332840964,
      132.40960741175348,
      215.71112323815908,
      202.12242330615246,
      200.36093527614972,
      230.16463635398378,
      30.80769832267321,
      170.48284159539628,
      77.687072340169,
      190.22629579551872,
      -74.18237783421054,
      2.964262787393067
   ],
   "p1s": [
      [
         288.981201171875,
         127.95233917236328
      ],
      [
         -1.0707210302352905,
         227.7896270751953
      ],
      [
         280.761474609375,
         155.365966796875
      ],
      [
         254.9951934814453,
         98.11102294921875
      ],
      [
         52.820919036865234,
         36.978824615478516
      ],
      [
         5.077900409698486,
         76.57501220703125
      ],
      [
         240.44900512695312,
         80.24455261230469
      ],
      [
         256.03533935546875,
         100.05731201171875
      ],
      [
         248.56427001953125,
         227.28219604492188
      ],
      [
         271.89398193359375,
         234.7668914794922
      ],
      [
         264.96978759765625,
         289.8914489746094
      ],
      [
         270.48651123046875,
         300.6211853027344
      ],
      [
         166.5558319091797,
         9.25782585144043
      ],
      [
         2.694545269012451,
         236.33824157714844
      ],
      [
         284.6541442871094,
         165.7365264892578
      ],
      [
         207.52040100097656,
         14.184194564819336
      ],
      [
         258.2294921875,
         0.8842579126358032
      ],
      [
         46.020362854003906,
         -0.13921017944812775
      ],
      [
         286.0014953613281,
         49.00305938720703
      ],
      [
         76.52576446533203,
         294.0020751953125
      ],
      [
         189.45431518554688,
         18.02964973449707
      ],
      [
         240.3820037841797,
         281.7915344238281
      ],
      [
         8.439395904541016,
         7.0696635246276855
      ]
   ],
   "p2s": [
      [
         300.5482482910156,
         123.3899917602539
      ],
      [
         91.99041748046875,
         68.57891082763672
      ],
      [
         300.1690979003906,
         157.3226318359375
      ],
      [
         295.1797790527344,
         99.85335540771484
      ],
      [
         94.12332153320312,
         2.3394012451171875
      ],
      [
         91.9732894897461,
         64.80282592773438
      ],
      [
         300.5617980957031,
         58.55720901489258
      ],
      [
         294.6210632324219,
         142.4345245361328
      ],
      [
         292.6930236816406,
         200.49432373046875
      ],
      [
         300.7475891113281,
         221.6437225341797
      ],
      [
         299.1707458496094,
         258.1076965332031
      ],
      [
         300.7316589355469,
         276.9342041015625
      ],
      [
         203.42535400390625,
         63.346763610839844
      ],
      [
         21.782032012939453,
         227.5277862548828
      ],
      [
         299.3631896972656,
         202.25648498535156
      ],
      [
         211.64828491210938,
         2.5215752124786377
      ],
      [
         273.134765625,
         30.4364013671875
      ],
      [
         64.51451873779297,
         16.425556182861328
      ],
      [
         300.43524169921875,
         41.88222122192383
      ],
      [
         76.58110809326172,
         279.99835205078125
      ],
      [
         190.30760192871094,
         4.954812526702881
      ],
      [
         263.8878479003906,
         300.1436462402344
      ],
      [
         25.67823028564453,
         32.22054672241211
      ]
   ],
   "b1s": [
      1,
      0,
      1,
      1,
      1,
      0,
      1,
      1,
      1,
      1,
      1,
      0,
      0,
      0,
      1,
      1,
      0,
      0,
      1,
      0,
      1,
      1,
      0
   ],
   "b2s": [
      0,
      1,
      0,
      0,
      0,
      1,
      0,
      0,
      0,
      0,
      0,
      0,
      1,
      1,
      0,
      0,
      1,
      1,
      0,
      1,
      0,
      0,
      1
   ]
}