{
   "angles": [
      0.4834867134483097,
      0.3506555863265961,
      0.02414841944530251,
      1.2116973157930437,
      1.409456328927718,
      1.2156098561311677,
      -0.014930673369352459,
      -1.5547315113129077,
      0.6192304491591352,
      1.309117844448665,
      -0.07983754835546615,
      1.5318455545793253,
      -0.22802716777582716
   ],
   "dists": [
      51.677396465273816,
      114.32979236607098,
      126.53573488067691,
      136.08585732359884,
      105.95071392794621,
      50.51364971403125,
      129.7771015602694,
      -48.97029404798982,
      180.66198382733793,
      314.2954805281001,
      231.73432894018393,
      22.934365340740392,
      278.3954933085473
   ],
   "p1s": [
      [
         31.657926559448242,
         50.8704948425293
      ],
      [
         109.8246078491211,
         32.57007598876953
      ],
      [
         125.70213317871094,
         36.04111099243164
      ],
      [
         204.4755096435547,
         68.6027603149414
      ],
      [
         0.8703123331069946,
         107.20316314697266
      ],
      [
         0.5127443075180054,
         53.68634796142578
      ],
      [
         129.8063201904297,
         0.9879601001739502
      ],
      [
         276.9770812988281,
         53.42658233642578
      ],
      [
         13.013031959533691,
         293.0093078613281
      ],
      [
         112.34392547607422,
         295.2841796875
      ],
      [
         232.5513153076172,
         0.9558910131454468
      ],
      [
         288.9490051269531,
         11.691291809082031
      ],
      [
         289.0401916503906,
         13.990677833557129
      ]
   ],
   "p2s": [
      [
         53.50331115722656,
         9.264264106750488
      ],
      [
         118.30665588378906,
         9.380620956420898
      ],
      [
         126.54933166503906,
         0.9649622440338135
      ],
      [
         294.9862365722656,
         34.62734603881836
      ],
      [
         45.32041549682617,
         99.96871185302734
      ],
      [
         17.1861629486084,
         47.50189971923828
      ],
      [
         130.2399139404297,
         30.026281356811523
      ],
      [
         293.00506591796875,
         53.68410110473633
      ],
      [
         22.189254760742188,
         280.1348876953125
      ],
      [
         164.11236572265625,
         281.4195861816406
      ],
      [
         233.59751892089844,
         14.032201766967773
      ],
      [
         300.0490417480469,
         11.25872802734375
      ],
      [
         292.8189697265625,
         30.274078369140625
      ]
   ],
   "b1s": [
      1,
      1,
      1,
      1,
      0,
      0,
      0,
      1,
      0,
      0,
      0,
      1,
      1
   ],
   "b2s": [
      0,
      0,
      0,
      0,
      1,
      1,
      1,
      0,
      1,
      1,
      1,
      0,
      0
   ]
}