{
   "angles": [
      1.3777384246180155,
      0.6591729713268111,
      0.5186128294942536,
      0.6807185465132022,
      0.39040892826412155,
      0.5022666973338096,
      0.5389247391731087,
      0.5284141861685868,
      0.46910419277965015,
      0.8519484319587104,
      1.227355861370613,
      0.2630853142926178,
      0.346591834139212,
      0.5928131546609835,
      1.3977020416708115,
      0.2652078960586556,
      0.3156958732968906,
      -0.03687868587338202,
      0.6782997029095594,
      -0.10574214323910054,
      -1.0955113059950126,
      0.18461561766630413
   ],
   "dists": [
      227.38721595467305,
      109.81989254237425,
      160.75173218064884,
      140.03636891647932,
      271.2217483235122,
      372.3617619722466,
      379.52334385273025,
      166.7624929301917,
      203.50439705653378,
      219.82894690762518,
      316.2176426174545,
      242.30786707557053,
      70.8367148441446,
      166.67194081854882,
      333.8224680937527,
      269.4829190954017,
      123.98981472176602,
      9.572274248720358,
      166.31946574734286,
      -1.9361659059787035,
      -129.30112699922495,
      316.070705049353
   ],
   "p1s": [
      [
         -1.1661524772644043,
         231.91952514648438
      ],
      [
         96.19486236572266,
         55.15097427368164
      ],
      [
         16.178621292114258,
         295.96051025390625
      ],
      [
         146.99705505371094,
         40.997615814208984
      ],
      [
         251.35150146484375,
         101.9100570678711
      ],
      [
         279.173583984375,
         265.19384765625
      ],
      [
         261.5428771972656,
         302.1185302734375
      ],
      [
         18.4079532623291,
         299.2381591796875
      ],
      [
         78.503662109375,
         295.2552795410156
      ],
      [
         280.6146545410156,
         46.55960464477539
      ],
      [
         94.70195770263672,
         301.962890625
      ],
      [
         235.93698120117188,
         55.71369934082031
      ],
      [
         0.6044684648513794,
         206.85714721679688
      ],
      [
         0.9251355528831482,
         296.9495849609375
      ],
      [
         287.1198425292969,
         288.6854248046875
      ],
      [
         271.3439636230469,
         29.093425750732422
      ],
      [
         32.406681060791016,
         300.1328430175781
      ],
      [
         9.613486289978027,
         0.9404698610305786
      ],
      [
         193.27645874023438,
         25.222787857055664
      ],
      [
         6.350309371948242,
         78.17509460449219
      ],
      [
         286.9517517089844,
         293.09375
      ],
      [
         298.0049133300781,
         126.00091552734375
      ]
   ],
   "p2s": [
      [
         177.0385284423828,
         197.08181762695312
      ],
      [
         138.46884155273438,
         0.5884658098220825
      ],
      [
         33.45519256591797,
         265.6890563964844
      ],
      [
         180.4232635498047,
         -0.27691689133644104
      ],
      [
         293.18646240234375,
         0.2536748945713043
      ],
      [
         302.2261962890625,
         223.2227325439453
      ],
      [
         302.9976806640625,
         232.7925262451172
      ],
      [
         35.79104995727539,
         269.4618225097656
      ],
      [
         108.83016204833984,
         235.42076110839844
      ],
      [
         300.7913513183594,
         28.904367446899414
      ],
      [
         227.84068298339844,
         254.35081481933594
      ],
      [
         250.76266479492188,
         0.6667484045028687
      ],
      [
         8.760595321655273,
         184.2747039794922
      ],
      [
         23.395524978637695,
         263.5928039550781
      ],
      [
         300.0735168457031,
         286.4205627441406
      ],
      [
         279.0447692871094,
         0.740556001663208
      ],
      [
         38.00235366821289,
         283.0007629394531
      ],
      [
         10.31762409210205,
         20.025177001953125
      ],
      [
         213.27032470703125,
         0.41198888421058655
      ],
      [
         15.37179946899414,
         163.17282104492188
      ],
      [
         300.0777893066406,
         299.8488464355469
      ],
      [
         300.0572509765625,
         115.01069641113281
      ]
   ],
   "b1s": [
      0,
      1,
      0,
      1,
      1,
      1,
      0,
      0,
      0,
      1,
      0,
      1,
      0,
      0,
      1,
      1,
      0,
      0,
      1,
      0,
      0,
      0
   ],
   "b2s": [
      1,
      0,
      1,
      0,
      0,
      0,
      0,
      1,
      1,
      0,
      1,
      0,
      0,
      1,
      0,
      0,
      1,
      1,
      0,
      1,
      0,
      0
   ]
}