{
   "angles": [
      0.41171065959379166,
      1.2211361274526593,
      -1.4927709448632722,
      1.1570124549683338,
      0.25518232598800994,
      0.023072611810865267,
      1.3990984292129516,
      0.03910122514221377,
      -1.4838087226866885,
      -0.6623208291035568,
      -0.6233217678790461,
      -0.4945477166397954,
      -1.4171449366666007,
      -0.14619694988951065,
      -1.2678083920302226,
      -0.6095756034356935,
      -0.03980315208297085,
      0.3501651530866109,
      0.18469006466939938,
      0.9508450769432366,
      0.8227282454156889,
      -1.4078369959601695,
      -0.9566513093031646,
      -1.2092151551333818,
      -0.8866785433606772,
      -1.221238582964146,
      -0.3772104149222687
   ],
   "dists": [
      125.02240990449212,
      299.85673253570593,
      -136.74587082341915,
      293.9852593173386,
      63.275327274943486,
      218.69469627768797,
      76.72402221099003,
      285.8256166700777,
      -27.119282934217804,
      85.03027532023444,
      -18.308559621595663,
      89.23961619500176,
      -89.26347062502678,
      167.47048724294532,
      14.794589252501012,
      101.26519698593125,
      -6.714173367025155,
      90.92111588820845,
      52.04568277833109,
      31.18408796049414,
      370.3673130739222,
      -8.667158037640412,
      100.08459946799351,
      86.03584889414911,
      178.8145508800161,
      33.020331071741595,
      -70.71133416766921
   ],
   "p1s": [
      [
         5.194460868835449,
         300.5215759277344
      ],
      [
         53.83238220214844,
         299.54034423828125
      ],
      [
         0.9812434315681458,
         137.23989868164062
      ],
      [
         47.163177490234375,
         300.3716125488281
      ],
      [
         0.47233158349990845,
         248.8623504638672
      ],
      [
         211.8289337158203,
         300.0422058105469
      ],
      [
         272.9207763671875,
         30.543102264404297
      ],
      [
         274.305908203125,
         300.05108642578125
      ],
      [
         281.0235900878906,
         51.7296257019043
      ],
      [
         281.8327331542969,
         223.1304473876953
      ],
      [
         161.6693878173828,
         256.2377014160156
      ],
      [
         241.07284545898438,
         259.0392150878906
      ],
      [
         285.90606689453125,
         134.60650634765625
      ],
      [
         169.37210083007812,
         0.6507136821746826
      ],
      [
         278.5106201171875,
         71.56542205810547
      ],
      [
         123.81260681152344,
         0.43256744742393494
      ],
      [
         1.563042402267456,
         207.9775848388672
      ],
      [
         1.0957410335540771,
         262.03497314453125
      ],
      [
         0.8295521140098572,
         278.9681701660156
      ],
      [
         0.33808833360671997,
         38.07273864746094
      ],
      [
         294.220703125,
         232.2378387451172
      ],
      [
         281.9761047363281,
         55.14528274536133
      ],
      [
         289.99139404296875,
         82.01222229003906
      ],
      [
         244.2318115234375,
         0.3870631158351898
      ],
      [
         283.4654541015625,
         0.42924731969833374
      ],
      [
         107.92819213867188,
         4.196983337402344
      ],
      [
         3.017982244491577,
         199.59669494628906
      ]
   ],
   "p2s": [
      [
         14.70396900177002,
         278.74407958984375
      ],
      [
         138.19039916992188,
         268.7797546386719
      ],
      [
         71.17761993408203,
         142.7281494140625
      ],
      [
         68.55169677734375,
         290.9791259765625
      ],
      [
         15.658170700073242,
         190.64996337890625
      ],
      [
         212.73057556152344,
         260.970703125
      ],
      [
         296.0910949707031,
         26.525257110595703
      ],
      [
         276.8525390625,
         234.95510864257812
      ],
      [
         300.22637939453125,
         53.404266357421875
      ],
      [
         292.8882751464844,
         237.30731201171875
      ],
      [
         193.0867919921875,
         299.9375915527344
      ],
      [
         263.8003234863281,
         301.1861572265625
      ],
      [
         299.7293701171875,
         136.7473602294922
      ],
      [
         173.12371826171875,
         26.129030227661133
      ],
      [
         300.2041015625,
         78.34709930419922
      ],
      [
         144.96421813964844,
         30.723276138305664
      ],
      [
         2.361431360244751,
         228.0254364013672
      ],
      [
         14.108436584472656,
         226.40481567382812
      ],
      [
         3.99954891204834,
         261.9999084472656
      ],
      [
         12.732877731323242,
         29.22490882873535
      ],
      [
         300.4361267089844,
         226.469970703125
      ],
      [
         300.1426696777344,
         58.1321907043457
      ],
      [
         300.43829345703125,
         89.37841033935547
      ],
      [
         259.3399658203125,
         6.101114749908447
      ],
      [
         292.2991943359375,
         7.6331257820129395
      ],
      [
         123.42117309570312,
         9.844609260559082
      ],
      [
         6.300109386444092,
         207.881103515625
      ]
   ],
   "b1s": [
      0,
      0,
      0,
      0,
      0,
      0,
      1,
      0,
      1,
      1,
      1,
      1,
      1,
      0,
      1,
      0,
      0,
      0,
      0,
      0,
      0,
      1,
      1,
      0,
      0,
      0,
      0
   ],
   "b2s": [
      1,
      1,
      1,
      1,
      1,
      1,
      0,
      1,
      0,
      0,
      0,
      0,
      0,
      1,
      0,
      1,
      0,
      1,
      0,
      1,
      0,
      0,
      0,
      0,
      0,
      0,
      0
   ]
}