{
   "angles": [
      0.4834867134483097,
      1.4163103576415017,
      0.3506555863265961,
      0.02414841944530251,
      1.2116973157930437,
      -1.4825405544743075,
      1.409456328927718,
      -0.572776504570237,
      1.2156098561311677,
      -1.2411870886797625,
      -0.014930673369352459,
      1.379733095604911,
      -1.5547315113129077,
      1.5551299780233112,
      0.6192304491591352,
      1.309117844448665,
      -0.07983754835546615,
      1.232459342727431,
      1.5318455545793253,
      -0.22802716777582716,
      -1.4061782397508522
   ],
   "dists": [
      51.677396465273816,
      15.086083828793527,
      114.32979236607098,
      126.53573488067691,
      136.08585732359884,
      -279.3163794949716,
      105.95071392794621,
      -107.54908126148322,
      50.51364971403125,
      30.66282621530447,
      129.7771015602694,
      21.626099653113148,
      -48.97029404798982,
      9.554076231395552,
      180.66198382733793,
      314.2954805281001,
      231.73432894018393,
      376.74270242149,
      22.934365340740392,
      278.3954933085473,
      41.574382713802656
   ],
   "p1s": [
      [
         31.657926559448242,
         50.8704948425293
      ],
      [
         51.04954147338867,
         7.318131446838379
      ],
      [
         109.8246078491211,
         32.57007598876953
      ],
      [
         125.70213317871094,
         36.04111099243164
      ],
      [
         204.4755096435547,
         68.6027603149414
      ],
      [
         178.71495056152344,
         296.221435546875
      ],
      [
         0.8703123331069946,
         107.20316314697266
      ],
      [
         0.09244263172149658,
         198.5852813720703
      ],
      [
         0.5127443075180054,
         53.68634796142578
      ],
      [
         97.06884002685547,
         0.7987666130065918
      ],
      [
         129.8063201904297,
         0.9879601001739502
      ],
      [
         77.98880767822266,
         6.942126750946045
      ],
      [
         276.9770812988281,
         53.42658233642578
      ],
      [
         200.99069213867188,
         6.406200885772705
      ],
      [
         13.013031959533691,
         293.0093078613281
      ],
      [
         112.34392547607422,
         295.2841796875
      ],
      [
         232.5513153076172,
         0.9558910131454468
      ],
      [
         278.4902038574219,
         301.3931579589844
      ],
      [
         288.9490051269531,
         11.691291809082031
      ],
      [
         289.0401916503906,
         13.990677833557129
      ],
      [
         260.9654846191406,
         1.2078193426132202
      ]
   ],
   "p2s": [
      [
         53.50331115722656,
         9.264264106750488
      ],
      [
         96.72061920166016,
         0.205930694937706
      ],
      [
         118.30665588378906,
         9.380620956420898
      ],
      [
         126.54933166503906,
         0.9649622440338135
      ],
      [
         294.9862365722656,
         34.62734603881836
      ],
      [
         224.97216796875,
         300.3145446777344
      ],
      [
         45.32041549682617,
         99.96871185302734
      ],
      [
         8.525105476379395,
         211.66136169433594
      ],
      [
         17.1861629486084,
         47.50189971923828
      ],
      [
         119.8030014038086,
         8.575867652893066
      ],
      [
         130.2399139404297,
         30.026281356811523
      ],
      [
         98.60437774658203,
         2.9546191692352295
      ],
      [
         293.00506591796875,
         53.68410110473633
      ],
      [
         213.00341796875,
         6.2179999351501465
      ],
      [
         22.189254760742188,
         280.1348876953125
      ],
      [
         164.11236572265625,
         281.4195861816406
      ],
      [
         233.59751892089844,
         14.032201766967773
      ],
      [
         300.5712890625,
         293.6235656738281
      ],
      [
         300.0490417480469,
         11.25872802734375
      ],
      [
         292.8189697265625,
         30.274078369140625
      ],
      [
         286.1023864746094,
         5.383606433868408
      ]
   ],
   "b1s": [
      1,
      0,
      1,
      1,
      1,
      0,
      0,
      0,
      0,
      0,
      0,
      0,
      1,
      0,
      0,
      0,
      0,
      0,
      1,
      1,
      0
   ],
   "b2s": [
      0,
      0,
      0,
      0,
      0,
      0,
      1,
      0,
      1,
      0,
      1,
      0,
      0,
      0,
      1,
      1,
      1,
      0,
      0,
      0,
      0
   ]
}