{
   "angles": [
      0.6012221409774231,
      0.6135733650295322,
      -0.08019695392546226,
      0.3383637788636291,
      -1.3462637334217928,
      0.15584838366161383,
      -0.06934877698006545,
      1.2470674958223944,
      -0.6519672231871545,
      -0.8281229420414601,
      -1.2320829593765499,
      -0.37415177709469644,
      -0.15630533574447875,
      0.7386720944910592,
      -0.8813150834385303,
      0.5152177245960939
   ],
   "dists": [
      382.42878213915924,
      386.8301611529759,
      142.55292290722736,
      88.34385417567835,
      39.41963358282724,
      250.04430143556243,
      279.80227903507097,
      34.53923052746975,
      -166.5304859876905,
      114.46704917481178,
      49.72082467076317,
      -39.22051317828331,
      248.43368078070083,
      407.0977259026111,
      96.64898162475316,
      398.07640400501793
   ],
   "p1s": [
      [
         257.9795227050781,
         299.9859619140625
      ],
      [
         261.57220458984375,
         300.4029846191406
      ],
      [
         143.34474182128906,
         4.133031845092773
      ],
      [
         1.3140032291412354,
         262.4067077636719
      ],
      [
         178.16981506347656,
         0.25643977522850037
      ],
      [
         249.35690307617188,
         23.89895248413086
      ],
      [
         288.6051940917969,
         117.02742767333984
      ],
      [
         60.39195251464844,
         16.168155670166016
      ],
      [
         2.8105831146240234,
         278.14459228515625
      ],
      [
         171.20285034179688,
         1.7790228128433228
      ],
      [
         255.85263061523438,
         37.41830825805664
      ],
      [
         71.42774963378906,
         289.2247009277344
      ],
      [
         290.5680847167969,
         247.9104766845703
      ],
      [
         283.8814697265625,
         292.8920593261719
      ],
      [
         162.9381866455078,
         9.074968338012695
      ],
      [
         287.44891357421875,
         300.2541809082031
      ]
   ],
   "p2s": [
      [
         276.6532287597656,
         272.76214599609375
      ],
      [
         282.3789978027344,
         270.8584289550781
      ],
      [
         146.9638214111328,
         49.16364669799805
      ],
      [
         37.973106384277344,
         158.23104858398438
      ],
      [
         247.43930053710938,
         16.076459884643555
      ],
      [
         253.00411987304688,
         0.686401903629303
      ],
      [
         291.87335205078125,
         164.07826232910156
      ],
      [
         87.97127532958984,
         6.914396286010742
      ],
      [
         20.047853469848633,
         300.7267761230469
      ],
      [
         193.0606689453125,
         21.844593048095703
      ],
      [
         295.82391357421875,
         51.49979782104492
      ],
      [
         75.70423126220703,
         300.1161193847656
      ],
      [
         292.1542663574219,
         257.9756774902344
      ],
      [
         300.0956726074219,
         275.0871276855469
      ],
      [
         175.58575439453125,
         19.5024471282959
      ],
      [
         293.0072021484375,
         290.4378662109375
      ]
   ],
   "b1s": [
      0,
      0,
      0,
      0,
      0,
      1,
      1,
      1,
      0,
      0,
      1,
      1,
      1,
      0,
      0,
      0
   ],
   "b2s": [
      1,
      1,
      1,
      1,
      1,
      0,
      0,
      0,
      0,
      1,
      0,
      0,
      0,
      0,
      1,
      0
   ]
}