{
   "angles": [
      0.45682149811852346,
      0.20853689187019145,
      -0.08446447722698971,
      0.4779952404448459,
      -0.07268583440724664,
      1.3611708704191774,
      0.44454440405874407,
      0.26515993351781675,
      1.2364734797284656,
      1.0906837426470701,
      -0.003998954480691692,
      -0.5358928723454238,
      -1.3131607481987568,
      -0.4905607094544962,
      -1.054594014987213,
      0.10041696856543866,
      -0.8696389340695683,
      -1.0401038800085172,
      1.2124248287963035,
      1.0168034680629623,
      -0.019819394860339894,
      -0.5177001617945992
   ],
   "dists": [
      242.24103813209015,
      266.6129188275397,
      204.98667146363803,
      220.6699577880153,
      28.74919571340195,
      87.15629723581314,
      213.07611410638103,
      283.2086275423475,
      14.378446863893654,
      67.31402482141063,
      227.72751596613907,
      188.33292702903,
      -93.15083390138983,
      157.43492510184046,
      49.45935077625895,
      204.77800257199812,
      59.93295011926996,
      24.5093706021641,
      272.56249717695385,
      305.24884955719983,
      7.447696255477541,
      0.096530499713956
   ],
   "p1s": [
      [
         204.24822998046875,
         133.61349487304688
      ],
      [
         226.94534301757812,
         215.3535919189453
      ],
      [
         205.79188537597656,
         0.8482884168624878
      ],
      [
         217.34767150878906,
         60.180110931396484
      ],
      [
         28.888111114501953,
         0.8625189065933228
      ],
      [
         0.7749274969100952,
         88.94207763671875
      ],
      [
         231.39015197753906,
         9.709500312805176
      ],
      [
         211.9988555908203,
         299.99969482421875
      ],
      [
         0.6509350538253784,
         14.99509334564209
      ],
      [
         126.11447143554688,
         10.219817161560059
      ],
      [
         228.76905822753906,
         259.9969177246094
      ],
      [
         219.20742797851562,
         0.282962441444397
      ],
      [
         1.346494197845459,
         96.68498992919922
      ],
      [
         178.7919158935547,
         0.5770326852798462
      ],
      [
         101.23562622070312,
         0.5848181247711182
      ],
      [
         175.58213806152344,
         300.05865478515625
      ],
      [
         245.2910919189453,
         128.65521240234375
      ],
      [
         64.11693572998047,
         9.208782196044922
      ],
      [
         278.85394287109375,
         186.61004638671875
      ],
      [
         95.79759979248047,
         299.6728210449219
      ],
      [
         7.468404293060303,
         0.970893383026123
      ],
      [
         7.8784966468811035,
         13.63870906829834
      ]
   ],
   "p2s": [
      [
         269.1495666503906,
         1.565015435218811
      ],
      [
         272.54949951171875,
         -0.15339863300323486
      ],
      [
         208.5873260498047,
         33.86560821533203
      ],
      [
         248.64019775390625,
         -0.22253820300102234
      ],
      [
         31.159812927246094,
         32.06117630004883
      ],
      [
         93.06536102294922,
         69.30721282958984
      ],
      [
         235.80909729003906,
         0.4327170252799988
      ],
      [
         233.09896850585938,
         222.29843139648438
      ],
      [
         6.624848365783691,
         12.919992446899414
      ],
      [
         145.53477478027344,
         0.10662754625082016
      ],
      [
         228.92904663085938,
         300.0042724609375
      ],
      [
         226.3832244873047,
         12.366277694702148
      ],
      [
         80.8846435546875,
         117.64261627197266
      ],
      [
         190.8196563720703,
         23.09632110595703
      ],
      [
         123.02714538574219,
         12.952170372009277
      ],
      [
         185.27809143066406,
         203.82650756835938
      ],
      [
         296.1717224121094,
         171.61215209960938
      ],
      [
         137.0087127685547,
         51.98515319824219
      ],
      [
         293.1023864746094,
         181.27337646484375
      ],
      [
         122.035888671875,
         283.4414978027344
      ],
      [
         7.6875386238098145,
         12.026015281677246
      ],
      [
         14.93838119506836,
         26.035093307495117
      ]
   ],
   "b1s": [
      1,
      1,
      0,
      1,
      0,
      0,
      0,
      0,
      0,
      1,
      1,
      0,
      0,
      0,
      0,
      0,
      1,
      0,
      1,
      0,
      0,
      0
   ],
   "b2s": [
      0,
      0,
      1,
      0,
      1,
      1,
      0,
      1,
      0,
      0,
      0,
      1,
      1,
      1,
      1,
      1,
      0,
      1,
      0,
      1,
      0,
      1
   ]
}