{
   "angles": [
      1.4284864924781333,
      0.5990952798184206,
      0.962699408952221,
      0.8110619658636808,
      0.8020264246598661,
      0.7644410109066619,
      -1.4299503903893063,
      1.196956079286226,
      -0.060984046294638924,
      1.1650243349197797,
      0.3295540524307051,
      -1.139427774277808,
      -0.16549228342172173,
      -0.08256271483799389,
      0.05058286647575648,
      -1.0797074034155802,
      -0.8174776870098956,
      0.15567647046384442,
      -0.37989497858358967,
      -0.07434965181931587,
      -0.21178944963817942,
      -1.2828084631198615,
      1.1806788183460284,
      1.1879009562399114,
      -1.4833844975376207
   ],
   "dists": [
      129.4297495410638,
      303.56179919279464,
      209.8487815103473,
      234.24476026709013,
      208.52802325283528,
      235.45412431447795,
      -136.52263116425897,
      35.832528363469464,
      33.67302150629533,
      77.89303355507583,
      204.8626520054543,
      -144.9029495569584,
      189.50263667643716,
      228.63040491630474,
      185.37863116644735,
      -93.52350788406413,
      -112.38633133733352,
      245.0625879586941,
      173.84218771128516,
      175.4058770036592,
      198.76132125596268,
      28.225595879873296,
      204.5625415927731,
      53.092125649983934,
      -145.2918363329875
   ],
   "p1s": [
      [
         247.33157348632812,
         95.31424713134766
      ],
      [
         269.6376647949219,
         143.43539428710938
      ],
      [
         -0.4126165509223938,
         255.97064208984375
      ],
      [
         26.69365882873535,
         297.730224609375
      ],
      [
         -0.42319175601005554,
         290.5286560058594
      ],
      [
         38.75822067260742,
         299.7681579589844
      ],
      [
         0.9958540201187134,
         138.0292510986328
      ],
      [
         0.353631854057312,
         38.35231018066406
      ],
      [
         33.7938346862793,
         0.9515286684036255
      ],
      [
         0.4006768763065338,
         84.60497283935547
      ],
      [
         203.66429138183594,
         37.56923294067383
      ],
      [
         -0.13022588193416595,
         159.4555206298828
      ],
      [
         192.3137664794922,
         1.1146149635314941
      ],
      [
         229.4844512939453,
         0.8771605491638184
      ],
      [
         183.8445281982422,
         34.992130279541016
      ],
      [
         0.337888240814209,
         106.23808288574219
      ],
      [
         94.38407135009766,
         242.59046936035156
      ],
      [
         200.9309539794922,
         300.3030700683594
      ],
      [
         267.1785888671875,
         200.33152770996094
      ],
      [
         175.9554443359375,
         0.8543463349342346
      ],
      [
         262.29644775390625,
         274.3663024902344
      ],
      [
         287.7619323730469,
         55.8037109375
      ],
      [
         0.5673564672470093,
         220.9478302001953
      ],
      [
         0.5959385633468628,
         56.99679946899414
      ],
      [
         290.9695129394531,
         171.34783935546875
      ]
   ],
   "p2s": [
      [
         300.24822998046875,
         87.7324447631836
      ],
      [
         299.05401611328125,
         100.35405731201172
      ],
      [
         35.823787689208984,
         230.74685668945312
      ],
      [
         72.31906127929688,
         254.38856506347656
      ],
      [
         42.263450622558594,
         249.23854064941406
      ],
      [
         87.23018646240234,
         249.22073364257812
      ],
      [
         34.179473876953125,
         142.73419189453125
      ],
      [
         33.18547058105469,
         25.47279167175293
      ],
      [
         36.53874588012695,
         45.906044006347656
      ],
      [
         20.067039489746094,
         76.15604400634766
      ],
      [
         216.04920959472656,
         1.3588567972183228
      ],
      [
         69.34103393554688,
         191.43165588378906
      ],
      [
         213.57382202148438,
         128.4052276611328
      ],
      [
         242.06544494628906,
         152.91183471679688
      ],
      [
         185.57164001464844,
         0.8770614862442017
      ],
      [
         15.382916450500488,
         114.28398895263672
      ],
      [
         148.5296173095703,
         293.36895751953125
      ],
      [
         210.89340209960938,
         236.82632446289062
      ],
      [
         300.5059814453125,
         283.7979736328125
      ],
      [
         177.08865356445312,
         16.067882537841797
      ],
      [
         267.8607177734375,
         300.2449645996094
      ],
      [
         300.155517578125,
         59.47498321533203
      ],
      [
         11.231440544128418,
         216.56285095214844
      ],
      [
         25.05804443359375,
         47.14411163330078
      ],
      [
         300.0748596191406,
         172.1457977294922
      ]
   ],
   "b1s": [
      1,
      1,
      0,
      0,
      0,
      0,
      0,
      0,
      0,
      0,
      1,
      0,
      0,
      0,
      1,
      0,
      1,
      0,
      1,
      0,
      1,
      1,
      0,
      0,
      1
   ],
   "b2s": [
      0,
      0,
      1,
      1,
      1,
      1,
      1,
      1,
      1,
      1,
      0,
      1,
      1,
      1,
      0,
      1,
      0,
      1,
      0,
      1,
      0,
      0,
      1,
      1,
      0
   ]
}