{
   "angles": [
      0.7666068988852563,
      -1.3179832141095282,
      0.5924196630139201,
      0.29427557184598185,
      -1.412469623280156,
      -1.533469914984208,
      1.4927343113490295,
      -1.4613719888972327,
      1.3969211733645508,
      -0.10782650001711563,
      0.6798995605825728,
      -1.3887586774106984,
      -1.053118697456965,
      -0.694391311088695,
      -0.9649266529024391,
      1.4904460986276302,
      -1.0549889591258854,
      -1.1389329520732774,
      -1.316747572435084,
      0.72324721048675,
      -1.1932977008122494,
      -1.1768061718343605
   ],
   "dists": [
      159.24809433085875,
      -144.81159966630378,
      257.62852214061104,
      236.54533576608603,
      -249.7792725513981,
      -86.1929735325597,
      16.900251596152394,
      -162.98331582158985,
      240.91686797225034,
      177.82051395444384,
      260.6103014825801,
      -78.64925063649154,
      -175.4851789344272,
      184.69070311857783,
      -41.93427688891038,
      46.15151445905359,
      49.705452050294824,
      -200.839403769131,
      -22.707407336654402,
      89.04797836778138,
      -179.87619272356238,
      -53.74336971754532
   ],
   "p1s": [
      [
         1.2631168365478516,
         228.25340270996094
      ],
      [
         256.9785461425781,
         215.9539031982422
      ],
      [
         280.9631652832031,
         43.95600891113281
      ],
      [
         158.5908660888672,
         292.2698669433594
      ],
      [
         3.909446954727173,
         253.56715393066406
      ],
      [
         211.99366760253906,
         94.16969299316406
      ],
      [
         139.61134338378906,
         6.031341075897217
      ],
      [
         0.8834322690963745,
         164.06101989746094
      ],
      [
         8.034059524536133,
         243.19390869140625
      ],
      [
         206.6822967529297,
         257.0343933105469
      ],
      [
         91.95723724365234,
         300.77392578125
      ],
      [
         0.6163716316223145,
         80.08407592773438
      ],
      [
         130.00917053222656,
         275.9839172363281
      ],
      [
         240.69483947753906,
         0.4213773310184479
      ],
      [
         1.6051400899887085,
         52.12651443481445
      ],
      [
         0.8576221466064453,
         46.23183822631836
      ],
      [
         100.61734008789062,
         -0.08877327293157578
      ],
      [
         125.09392547607422,
         278.79620361328125
      ],
      [
         0.8248342275619507,
         23.674596786499023
      ],
      [
         -0.28157392144203186,
         134.86859130859375
      ],
      [
         9.840388298034668,
         197.40252685546875
      ],
      [
         0.7808319330215454,
         58.527191162109375
      ]
   ],
   "p2s": [
      [
         75.84535217285156,
         150.8141632080078
      ],
      [
         293.6323547363281,
         225.42308044433594
      ],
      [
         300.3114013671875,
         15.20959186553955
      ],
      [
         182.28622436523438,
         214.0867462158203
      ],
      [
         117.05860900878906,
         271.6329040527344
      ],
      [
         300.0948486328125,
         97.45973205566406
      ],
      [
         210.95703125,
         0.4506225287914276
      ],
      [
         25.03141975402832,
         166.71400451660156
      ],
      [
         56.3013801574707,
         234.7158203125
      ],
      [
         210.80592346191406,
         295.1292419433594
      ],
      [
         108.05998992919922,
         280.85699462890625
      ],
      [
         32.81392288208008,
         86.0108642578125
      ],
      [
         161.58798217773438,
         293.9674987792969
      ],
      [
         282.48065185546875,
         50.599754333496094
      ],
      [
         39.244964599609375,
         78.20296478271484
      ],
      [
         18.06812286376953,
         44.84599685668945
      ],
      [
         131.26824951171875,
         17.29054832458496
      ],
      [
         153.9550018310547,
         292.09765625
      ],
      [
         26.43505096435547,
         30.324533462524414
      ],
      [
         15.715266227722168,
         116.7486343383789
      ],
      [
         19.852323532104492,
         201.37242126464844
      ],
      [
         25.995927810668945,
         69.00979614257812
      ]
   ],
   "b1s": [
      0,
      1,
      1,
      0,
      0,
      1,
      0,
      0,
      0,
      1,
      0,
      0,
      1,
      0,
      0,
      0,
      0,
      1,
      0,
      0,
      0,
      0
   ],
   "b2s": [
      1,
      0,
      0,
      1,
      1,
      0,
      0,
      1,
      1,
      0,
      1,
      1,
      0,
      1,
      1,
      1,
      1,
      0,
      1,
      1,
      1,
      1
   ]
}