{
   "angles": [
      0.6998570959998308,
      -1.5688789760787438,
      0.5443712514344846,
      1.526252493902712,
      0.4616021109666177,
      0.3581080998067626,
      -0.2493976068626823,
      0.34184289040751686,
      -1.4822284928912197,
      -1.5670031380226876,
      0.7533001770851449,
      0.017886760903240026,
      1.499676057499492,
      -0.02492050229738809,
      -1.1125101192991105,
      0.1514513430836425,
      1.5427527741107987,
      0.48010528880359354,
      0.11202584924826543,
      -0.21794179773727285,
      -1.5249607325130827,
      0.030417271749925888,
      0.5010804629784262,
      -0.1785068019460426,
      0.057071488703333784
   ],
   "dists": [
      273.19538385239537,
      -213.30813118463686,
      305.57577871940674,
      20.95411933784262,
      331.01388651470813,
      263.65360218801953,
      234.64558905907984,
      286.31229184029183,
      -169.49233377152467,
      -215.86851731500687,
      401.5495865812486,
      148.12242207633227,
      251.35775746620732,
      187.1124786720601,
      -29.028808575909025,
      140.35970435661025,
      295.135196431989,
      401.52673288810246,
      112.7813910946472,
      205.5228052117937,
      -149.69147593042422,
      9.967883771638723,
      322.82897774258714,
      211.69876692137493,
      15.751809642586856
   ],
   "p1s": [
      [
         270.089111328125,
         103.39094543457031
      ],
      [
         200.99867248535156,
         213.69390869140625
      ],
      [
         264.87115478515625,
         152.5273895263672
      ],
      [
         0.9524173140525818,
         20.932472229003906
      ],
      [
         284.51641845703125,
         171.25689697265625
      ],
      [
         259.62451171875,
         58.48523712158203
      ],
      [
         242.4287567138672,
         1.1454988718032837
      ],
      [
         290.64898681640625,
         37.23092269897461
      ],
      [
         282.9744873046875,
         195.28746032714844
      ],
      [
         254.996826171875,
         216.8373260498047
      ],
      [
         270.95672607421875,
         298.0838317871094
      ],
      [
         145.2474365234375,
         162.0402069091797
      ],
      [
         210.0733184814453,
         237.02908325195312
      ],
      [
         187.1947784423828,
         0.970219612121582
      ],
      [
         288.6281433105469,
         174.75379943847656
      ],
      [
         118.49330139160156,
         153.92266845703125
      ],
      [
         143.89382934570312,
         291.2149353027344
      ],
      [
         296.16705322265625,
         300.60772705078125
      ],
      [
         79.72195434570312,
         300.1937255859375
      ],
      [
         210.64320373535156,
         0.6360967755317688
      ],
      [
         0.913274884223938,
         149.8907470703125
      ],
      [
         6.381797790527344,
         118.0116195678711
      ],
      [
         285.94091796875,
         149.9676513671875
      ],
      [
         215.2565155029297,
         0.7732914686203003
      ],
      [
         9.66204833984375,
         107.03782653808594
      ]
   ],
   "p2s": [
      [
         299.935546875,
         67.94573974609375
      ],
      [
         300.00213623046875,
         213.8837432861328
      ],
      [
         299.51043701171875,
         95.30900573730469
      ],
      [
         19.050180435180664,
         20.125804901123047
      ],
      [
         300.84967041015625,
         138.42266845703125
      ],
      [
         281.3667907714844,
         0.38878312706947327
      ],
      [
         268.1702575683594,
         102.21133422851562
      ],
      [
         300.3000793457031,
         10.106776237487793
      ],
      [
         300.10577392578125,
         196.80873107910156
      ],
      [
         300.0037536621094,
         217.008056640625
      ],
      [
         300.0566711425781,
         267.05316162109375
      ],
      [
         148.129150390625,
         0.9486443400382996
      ],
      [
         300.1858825683594,
         230.60943603515625
      ],
      [
         191.95697021484375,
         192.0260009765625
      ],
      [
         300.6492004394531,
         180.68399047851562
      ],
      [
         141.7553253173828,
         1.5047980546951294
      ],
      [
         272.9886169433594,
         287.5937194824219
      ],
      [
         300.51092529296875,
         292.2660827636719
      ],
      [
         84.2405776977539,
         260.0270690917969
      ],
      [
         233.3915252685547,
         103.35620880126953
      ],
      [
         18.96702766418457,
         150.71884155273438
      ],
      [
         7.2053327560424805,
         90.94539642333984
      ],
      [
         291.5386657714844,
         139.747314453125
      ],
      [
         222.8162384033203,
         42.672298431396484
      ],
      [
         10.345420837402344,
         95.07686614990234
      ]
   ],
   "b1s": [
      1,
      1,
      1,
      0,
      1,
      1,
      0,
      1,
      1,
      1,
      0,
      1,
      1,
      0,
      1,
      1,
      0,
      0,
      0,
      0,
      0,
      0,
      1,
      0,
      0
   ],
   "b2s": [
      0,
      0,
      0,
      1,
      0,
      0,
      1,
      0,
      0,
      0,
      0,
      0,
      0,
      1,
      0,
      0,
      1,
      0,
      1,
      1,
      1,
      0,
      0,
      1,
      1
   ]
}