{
   "angles": [
      0.8412152984332563,
      0.8520603096220118,
      -0.008879202589428163,
      -1.2701512598381477,
      0.2323635235389897,
      0.7726565212406675,
      0.2833793156294868,
      0.8155311966844616,
      0.09499509598683413,
      0.6979914474814517,
      0.2181425719238751,
      0.8929285476024363,
      0.21674194039931466,
      -0.781391773227256,
      0.13606335944329656,
      0.28044505994165286,
      0.45961627366766145,
      0.22953050460781468,
      1.0395268276044853,
      -0.021983747825688866,
      -0.8025894554962202,
      0.2558304065690732,
      -0.44828165561809624
   ],
   "dists": [
      59.19878385599736,
      73.53859194087852,
      122.9709161541047,
      -142.78903618487217,
      149.52968458913534,
      90.30357076384777,
      78.04062687128972,
      20.984645676158788,
      192.0396718844206,
      70.48906687643097,
      195.86550836765525,
      10.638329318596716,
      213.8909422126452,
      -49.79298500638254,
      244.35388130074384,
      214.03708812463213,
      262.1028190867592,
      317.72238470307184,
      24.666524935355252,
      122.99967221176048,
      -33.98741923511389,
      247.0411617622147,
      243.46921762833128
   ],
   "p1s": [
      [
         0.26407381892204285,
         79.17696380615234
      ],
      [
         -0.07394548505544662,
         97.77239990234375
      ],
      [
         125.39981842041016,
         272.9964599609375
      ],
      [
         1.3381341695785522,
         149.90939331054688
      ],
      [
         129.54757690429688,
         101.89293670654297
      ],
      [
         0.6708724498748779,
         128.6791534423828
      ],
      [
         73.19656372070312,
         27.766027450561523
      ],
      [
         2.9675137996673584,
         26.027652740478516
      ],
      [
         185.9542694091797,
         72.99564361572266
      ],
      [
         0.25540417432785034,
         109.3753890991211
      ],
      [
         196.17784118652344,
         20.039424896240234
      ],
      [
         0.43961384892463684,
         13.30398941040039
      ],
      [
         212.4364776611328,
         29.87590980529785
      ],
      [
         191.3808135986328,
         263.6222229003906
      ],
      [
         238.67987060546875,
         58.09307861328125
      ],
      [
         136.37957763671875,
         299.8212890625
      ],
      [
         144.5634002685547,
         298.7839050292969
      ],
      [
         290.2823791503906,
         154.06597900390625
      ],
      [
         6.036801815032959,
         25.0626277923584
      ],
      [
         129.20724487304688,
         280.97344970703125
      ],
      [
         247.5445556640625,
         286.4364013671875
      ],
      [
         178.1790008544922,
         295.04681396484375
      ],
      [
         270.33526611328125,
         0.3578167259693146
      ]
   ],
   "p2s": [
      [
         16.608613967895508,
         64.56228637695312
      ],
      [
         22.72420310974121,
         77.82781219482422
      ],
      [
         125.63970184326172,
         300.0120849609375
      ],
      [
         106.52787780761719,
         182.52276611328125
      ],
      [
         153.61236572265625,
         0.19835607707500458
      ],
      [
         22.39959716796875,
         106.38954162597656
      ],
      [
         81.1483154296875,
         0.460757851600647
      ],
      [
         29.78894805908203,
         0.7758299708366394
      ],
      [
         192.8338165283203,
         0.7936025261878967
      ],
      [
         15.885528564453125,
         90.74283599853516
      ],
      [
         200.47332763671875,
         0.6615840792655945
      ],
      [
         16.497135162353516,
         0.37543198466300964
      ],
      [
         217.7081298828125,
         5.935727596282959
      ],
      [
         229.219970703125,
         301.76580810546875
      ],
      [
         246.52410888671875,
         0.7979370355606079
      ],
      [
         142.95654296875,
         276.98748779296875
      ],
      [
         155.2777557373047,
         277.1374816894531
      ],
      [
         294.5809326171875,
         135.66844177246094
      ],
      [
         24.964799880981445,
         13.940099716186523
      ],
      [
         129.62625122070312,
         300.03021240234375
      ],
      [
         261.79852294921875,
         300.2085266113281
      ],
      [
         181.37289428710938,
         282.8359680175781
      ],
      [
         283.69903564453125,
         28.14474105834961
      ]
   ],
   "b1s": [
      0,
      0,
      1,
      0,
      1,
      0,
      1,
      0,
      1,
      0,
      1,
      0,
      1,
      1,
      1,
      0,
      0,
      1,
      0,
      1,
      1,
      0,
      0
   ],
   "b2s": [
      1,
      1,
      0,
      1,
      0,
      1,
      0,
      0,
      0,
      1,
      0,
      0,
      0,
      0,
      0,
      1,
      1,
      0,
      1,
      0,
      0,
      1,
      1
   ]
}