{
   "angles": [
      0.501893954119377,
      0.669253806980417,
      0.37997192300848015,
      0.477494171482023,
      0.6037473745043946,
      0.16757472270413032,
      0.5806035803140551,
      0.7247675091218572,
      1.541104299219633,
      -0.4927364893116563,
      -1.5662825662992812,
      0.020550436381349194,
      -0.8818400701297295,
      -0.496507243436346,
      -1.2655791613903487,
      -1.0146839875552724,
      -0.14946794903644067,
      0.7835061544385656,
      -0.19263605271877646,
      -0.17377235555340095,
      -0.10462884508096237,
      0.06570682172745756,
      1.3115849259366894,
      -0.22240771128076248,
      0.6337756506393597,
      1.556480847665882
   ],
   "dists": [
      150.76211962116417,
      103.83561596974704,
      4.47294069150755,
      164.39353420151673,
      167.26460462425754,
      207.86373930707612,
      74.95307300457077,
      179.08822629427505,
      223.3504557000573,
      -105.58105461106825,
      -214.3897387318357,
      301.69233874012707,
      -137.02009322127856,
      168.7858268472855,
      -205.31647733226652,
      -189.80225341763233,
      219.36662115782542,
      23.533974873775467,
      240.79707509085014,
      262.4076775472872,
      290.35744769038143,
      274.4841429028489,
      346.7263954084334,
      -11.140849781485851,
      155.22316642932805,
      229.5551347862715
   ],
   "p1s": [
      [
         7.262461185455322,
         300.1440124511719
      ],
      [
         95.61967468261719,
         46.49018859863281
      ],
      [
         0.5026269555091858,
         10.801359176635742
      ],
      [
         29.473289489746094,
         300.7623291015625
      ],
      [
         0.6117561459541321,
         293.73223876953125
      ],
      [
         206.7637176513672,
         23.96002960205078
      ],
      [
         -0.3211071193218231,
         137.13331604003906
      ],
      [
         1.0022170543670654,
         269.001953125
      ],
      [
         0.9530923962593079,
         223.42063903808594
      ],
      [
         36.760902404785156,
         291.665283203125
      ],
      [
         0.9936965703964233,
         214.3964080810547
      ],
      [
         297.4610595703125,
         208.96836853027344
      ],
      [
         1.8187987804412842,
         179.00579833984375
      ],
      [
         192.16510009765625,
         0.36877426505088806
      ],
      [
         241.2305450439453,
         291.26824951171875
      ],
      [
         62.44247817993164,
         262.2881164550781
      ],
      [
         241.36328125,
         129.64410400390625
      ],
      [
         0.1707172989845276,
         33.173851013183594
      ],
      [
         288.238037109375,
         219.9535675048828
      ],
      [
         266.5180358886719,
         0.5579788088798523
      ],
      [
         292.27703857421875,
         3.075918197631836
      ],
      [
         273.16876220703125,
         29.011104583740234
      ],
      [
         220.0919189453125,
         300.3466491699219
      ],
      [
         7.018775463104248,
         81.54345703125
      ],
      [
         3.016432762145996,
         258.0120849609375
      ],
      [
         0.979451060295105,
         229.56463623046875
      ]
   ],
   "p2s": [
      [
         40.668365478515625,
         239.2692413330078
      ],
      [
         128.55392456054688,
         4.856100559234619
      ],
      [
         4.634847640991211,
         0.4547845423221588
      ],
      [
         46.34986877441406,
         268.14617919921875
      ],
      [
         41.07900619506836,
         235.0544891357422
      ],
      [
         210.71310424804688,
         0.613145649433136
      ],
      [
         29.960712432861328,
         90.97422790527344
      ],
      [
         40.86089324951172,
         223.9912872314453
      ],
      [
         35.04182434082031,
         222.40818786621094
      ],
      [
         41.6306266784668,
         300.7352294921875
      ],
      [
         29.002153396606445,
         214.52284240722656
      ],
      [
         299.06396484375,
         130.9807586669922
      ],
      [
         44.72071838378906,
         214.33909606933594
      ],
      [
         205.20211791992188,
         24.432270050048828
      ],
      [
         256.9321594238281,
         296.2152404785156
      ],
      [
         123.75386047363281,
         300.3960266113281
      ],
      [
         266.55303955078125,
         296.9167175292969
      ],
      [
         17.1403865814209,
         16.139856338500977
      ],
      [
         300.1401062011719,
         280.9726867675781
      ],
      [
         271.52545166015625,
         29.08330535888672
      ],
      [
         295.1141662597656,
         30.093021392822266
      ],
      [
         275.0205078125,
         0.8697454333305359
      ],
      [
         236.27951049804688,
         296.0540771484375
      ],
      [
         11.447124481201172,
         101.12503051757812
      ],
      [
         12.72677230834961,
         244.7991943359375
      ],
      [
         24.988845825195312,
         229.22091674804688
      ]
   ],
   "b1s": [
      0,
      1,
      0,
      0,
      0,
      1,
      0,
      0,
      0,
      0,
      0,
      0,
      0,
      0,
      0,
      1,
      1,
      0,
      1,
      0,
      0,
      1,
      0,
      0,
      0,
      0
   ],
   "b2s": [
      1,
      0,
      0,
      1,
      1,
      0,
      1,
      1,
      1,
      0,
      1,
      0,
      1,
      1,
      0,
      0,
      0,
      1,
      0,
      1,
      0,
      0,
      0,
      1,
      1,
      1
   ]
}