{
   "angles": [
      0.6192616639523878,
      0.5978693177608863,
      -1.3305039018459943,
      0.20763791270764353,
      -1.3635093416611999,
      -1.1813494807133886,
      0.1540607274985899,
      0.20607544886426882,
      -1.5384891312581526,
      1.4633480280959397,
      -1.529540955207902,
      -0.20612412933471586,
      -0.5626378953189568,
      -0.3240698146688871,
      1.5501208427194795
   ],
   "dists": [
      240.40822697156437,
      258.9001509368256,
      10.609033424691845,
      310.48685074209095,
      4.551010813772919,
      49.81245634449129,
      305.66994545365776,
      267.1303549674167,
      2.446112330197864,
      221.99880021305722,
      -287.06197354942276,
      259.55903378935386,
      -115.91055351851264,
      185.47992105017147,
      303.1945093612424
   ],
   "p1s": [
      [
         271.06231689453125,
         33.90604019165039
      ],
      [
         277.5616760253906,
         52.382511138916016
      ],
      [
         273.950439453125,
         56.20229721069336
      ],
      [
         254.0107879638672,
         300.4236145019531
      ],
      [
         278.0372619628906,
         53.82284164428711
      ],
      [
         136.5147247314453,
         2.18243145942688
      ],
      [
         263.96533203125,
         292.14990234375
      ],
      [
         267.2495422363281,
         27.052169799804688
      ],
      [
         151.95269775390625,
         2.463484764099121
      ],
      [
         0.9124232530593872,
         223.18807983398438
      ],
      [
         203.97003173828125,
         295.72607421875
      ],
      [
         287.36407470703125,
         106.13297271728516
      ],
      [
         44.42019271850586,
         287.7350158691406
      ],
      [
         288.6402587890625,
         276.7849426269531
      ],
      [
         178.99085998535156,
         299.5580749511719
      ]
   ],
   "p2s": [
      [
         295.3539123535156,
         -0.1733110398054123
      ],
      [
         301.1324462890625,
         17.771207809448242
      ],
      [
         300.09588623046875,
         62.608638763427734
      ],
      [
         261.4960021972656,
         264.8938293457031
      ],
      [
         300.1124267578125,
         58.465431213378906
      ],
      [
         235.64453125,
         42.86614990234375
      ],
      [
         268.95892333984375,
         259.9936218261719
      ],
      [
         272.75018310546875,
         0.7387388348579407
      ],
      [
         242.05250549316406,
         5.375380039215088
      ],
      [
         30.112016677856445,
         220.03851318359375
      ],
      [
         217.03033447265625,
         296.26519775390625
      ],
      [
         300.8885192871094,
         170.814208984375
      ],
      [
         51.65959930419922,
         299.21466064453125
      ],
      [
         295.7903137207031,
         298.0704345703125
      ],
      [
         199.9818878173828,
         299.1240234375
      ]
   ],
   "b1s": [
      1,
      1,
      1,
      0,
      1,
      0,
      0,
      1,
      0,
      0,
      0,
      1,
      1,
      1,
      0
   ],
   "b2s": [
      0,
      0,
      0,
      1,
      0,
      1,
      1,
      0,
      0,
      1,
      0,
      0,
      0,
      0,
      0
   ]
}