{
   "angles": [
      0.0006899580667935569,
      -0.004433621977957612,
      -0.0009937448138346789,
      -0.0054563374611043694,
      -0.0008600917932354699,
      -0.051201103220597274,
      -0.016916679423524275,
      0.005992325189704325,
      -0.08421383168217489
   ],
   "dists": [
      86.33346279142043,
      247.54292272789917,
      152.5063731551437,
      171.2221339585667,
      24.930138635268225,
      151.51232521194888,
      285.14556133005505,
      152.06682852252632,
      138.47516786694726
   ],
   "p1s": [
      [
         86.12649536132812,
         300.0007629394531
      ],
      [
         247.5497589111328,
         0.9931289553642273
      ],
      [
         152.7379913330078,
         233.00025939941406
      ],
      [
         171.2301025390625,
         0.9932880997657776
      ],
      [
         24.9353084564209,
         6.00005578994751
      ],
      [
         165.85276794433594,
         275.956298828125
      ],
      [
         289.4161071777344,
         250.00987243652344
      ],
      [
         150.27186584472656,
         299.9956359863281
      ],
      [
         161.50247192382812,
         266.95758056640625
      ]
   ],
   "p2s": [
      [
         86.33279418945312,
         0.9988496899604797
      ],
      [
         248.87547302246094,
         300.0049743652344
      ],
      [
         152.8015899658203,
         296.99920654296875
      ],
      [
         172.86166381835938,
         300.01165771484375
      ],
      [
         24.98863410949707,
         68.00000762939453
      ],
      [
         167.08468627929688,
         299.99566650390625
      ],
      [
         290.26177978515625,
         299.9955749511719
      ],
      [
         150.59544372558594,
         245.99757385253906
      ],
      [
         164.2967071533203,
         300.0593566894531
      ]
   ],
   "b1s": [
      0,
      0,
      1,
      0,
      0,
      1,
      1,
      0,
      1
   ],
   "b2s": [
      0,
      0,
      0,
      0,
      1,
      0,
      0,
      1,
      0
   ]
}