{
   "angles": [
      0.008987820980055555,
      0.004934160918264538,
      0.004257980748646767,
      -0.017350062606402445
   ],
   "dists": [
      85.5038871984689,
      172.4683735057117,
      249.78052074026087,
      156.67800072199492
   ],
   "p1s": [
      [
         82.81077575683594,
         300.0162658691406
      ],
      [
         170.9901885986328,
         300.0048828125
      ],
      [
         248.50535583496094,
         300.00640869140625
      ],
      [
         161.4387969970703,
         273.0097351074219
      ]
   ],
   "p2s": [
      [
         85.49847412109375,
         0.9865041971206665
      ],
      [
         172.465576171875,
         0.9924287796020508
      ],
      [
         249.77854919433594,
         0.9947990775108337
      ],
      [
         161.90745544433594,
         300.0189514160156
      ]
   ],
   "b1s": [
      0,
      0,
      0,
      1
   ],
   "b2s": [
      0,
      0,
      0,
      0
   ]
}