{
   "angles": [
      0.002017200375493649,
      0.001865153197263226,
      -0.004032637178238921,
      -0.0010131849531792156
   ],
   "dists": [
      173.01621805578074,
      86.69941027857597,
      248.6705320798144,
      157.346867835452
   ],
   "p1s": [
      [
         172.41140747070312,
         300.0008239746094
      ],
      [
         86.14000701904297,
         300.0039978027344
      ],
      [
         248.6765594482422,
         0.9932390451431274
      ],
      [
         157.34796142578125,
         0.9996479153633118
      ]
   ],
   "p2s": [
      [
         173.01455688476562,
         0.998012125492096
      ],
      [
         86.69770050048828,
         0.9975709915161133
      ],
      [
         249.8823699951172,
         300.0045166015625
      ],
      [
         157.3631591796875,
         15.999632835388184
      ]
   ],
   "b1s": [
      0,
      0,
      0,
      0
   ],
   "b2s": [
      0,
      0,
      0,
      1
   ]
}