{
   "angles": [
      -0.01750633866900551,
      -0.014076012554369233,
      -0.01527713692090619,
      -0.019200325662721646,
      -0.015578874147454763,
      -0.017749997157358876,
      -0.013354262399722334,
      -0.01595366667399195,
      -1.4045790115539527,
      -1.427429837882294
   ],
   "dists": [
      188.7207124698929,
      11.235618457822424,
      105.2157057573871,
      263.66735382099273,
      60.98038919851692,
      228.07180148147825,
      298.58162031644963,
      148.44453237082496,
      -224.95502251396974,
      -243.57141674234828
   ],
   "p1s": [
      [
         188.7666015625,
         0.9690700769424438
      ],
      [
         11.250560760498047,
         0.9823959469795227
      ],
      [
         105.24297332763672,
         0.9810094237327576
      ],
      [
         263.7348937988281,
         0.9858879446983337
      ],
      [
         61.00288391113281,
         0.9687948226928711
      ],
      [
         228.12481689453125,
         0.9622805714607239
      ],
      [
         298.6214904785156,
         0.9916999936103821
      ],
      [
         148.47900390625,
         0.9764023423194885
      ],
      [
         272.0439147949219,
         273.7382507324219
      ],
      [
         271.1107177734375,
         285.23291015625
      ]
   ],
   "p2s": [
      [
         194.002685546875,
         300.03497314453125
      ],
      [
         15.460119247436523,
         300.02166748046875
      ],
      [
         109.81175994873047,
         300.0181579589844
      ],
      [
         269.18902587890625,
         285.01556396484375
      ],
      [
         65.66215515136719,
         300.0208435058594
      ],
      [
         233.4334716796875,
         300.01007080078125
      ],
      [
         299.7167663574219,
         83.0037841796875
      ],
      [
         153.2501220703125,
         300.011962890625
      ],
      [
         300.0932922363281,
         278.4439697265625
      ],
      [
         300.2257995605469,
         289.4358825683594
      ]
   ],
   "b1s": [
      0,
      0,
      0,
      0,
      0,
      0,
      0,
      0,
      1,
      1
   ],
   "b2s": [
      0,
      0,
      0,
      1,
      0,
      0,
      0,
      0,
      0,
      0
   ]
}