{
   "angles": [
      1.5371078454803686,
      0.7061387263583975,
      0.7360001522763473,
      -0.007012385025572203,
      -0.004931987122050949,
      -0.003902109113210303,
      0.02685324003978464,
      -1.2603675789322726,
      -0.005489524925973204,
      -1.3585376798698814,
      0.006914521460472457,
      -0.03232627232992522,
      -1.3593295536968095
   ],
   "dists": [
      256.2519631984834,
      247.97050561012077,
      252.8459629302534,
      154.3932639932307,
      90.23640945804112,
      23.31089902585154,
      25.960324947646093,
      -249.22203289791776,
      213.30935937245573,
      -19.05541576499902,
      22.953332617111815,
      6.511127400678879,
      -110.29065959572986
   ],
   "p1s": [
      [
         285.9582214355469,
         246.7602996826172
      ],
      [
         273.4365234375,
         61.51943588256836
      ],
      [
         68.777099609375,
         300.703857421875
      ],
      [
         154.404052734375,
         0.9971666932106018
      ],
      [
         90.2424087524414,
         0.9938724040985107
      ],
      [
         23.314973831176758,
         0.9987709522247314
      ],
      [
         17.911121368408203,
         300.02447509765625
      ],
      [
         81.3731918334961,
         287.836669921875
      ],
      [
         213.3179931640625,
         0.9872749447822571
      ],
      [
         214.28607177734375,
         65.67256927490234
      ],
      [
         20.87944984436035,
         300.0060729980469
      ],
      [
         8.745041847229004,
         68.97590637207031
      ],
      [
         284.797607421875,
         173.94276428222656
      ]
   ],
   "p2s": [
      [
         300.0096740722656,
         246.28675842285156
      ],
      [
         300.6775207519531,
         29.57781982421875
      ],
      [
         78.25953674316406,
         290.2350769042969
      ],
      [
         155.6311798095703,
         175.98855590820312
      ],
      [
         91.20415496826172,
         195.9940643310547
      ],
      [
         24.2905216217041,
         251.0027618408203
      ],
      [
         18.36884880065918,
         282.9830627441406
      ],
      [
         119.93362426757812,
         300.2068786621094
      ],
      [
         213.67483520507812,
         65.99080657958984
      ],
      [
         300.17620849609375,
         84.18231964111328
      ],
      [
         21.03852653503418,
         277.0002746582031
      ],
      [
         9.781895637512207,
         101.03939056396484
      ],
      [
         300.1628723144531,
         177.2413330078125
      ]
   ],
   "b1s": [
      1,
      1,
      0,
      0,
      0,
      0,
      0,
      1,
      0,
      1,
      0,
      0,
      1
   ],
   "b2s": [
      0,
      0,
      1,
      1,
      1,
      1,
      1,
      0,
      1,
      0,
      1,
      0,
      0
   ]
}