{
   "angles": [
      -0.016359726739912688,
      -0.015945444633298972,
      -0.019150008602373803,
      -0.016743597271096325,
      -0.015131754752074924,
      -0.01687937409834583,
      -0.01805001214722578,
      -0.017320442159678165,
      -0.016368998442689894,
      -0.016894269810270382,
      -0.015185448027762413
   ],
   "dists": [
      266.9935275715502,
      288.44541065649884,
      220.5741434688565,
      57.84621243926229,
      25.98548626684835,
      116.42691847611398,
      244.4269075185097,
      196.52057623080287,
      171.19574837974187,
      88.10768976537128,
      144.89233188666762
   ],
   "p1s": [
      [
         267.0450744628906,
         0.9665402173995972
      ],
      [
         288.4976501464844,
         0.9761172533035278
      ],
      [
         220.63351440429688,
         0.9878666400909424
      ],
      [
         57.87082290649414,
         0.9854179620742798
      ],
      [
         26.003135681152344,
         0.96968674659729
      ],
      [
         116.45968627929688,
         0.9584780931472778
      ],
      [
         244.4842987060547,
         0.9732055068016052
      ],
      [
         196.56690979003906,
         0.9728577733039856
      ],
      [
         171.23472595214844,
         0.9797870516777039
      ],
      [
         88.13655090332031,
         0.9639011025428772
      ],
      [
         144.9237823486328,
         0.9707843065261841
      ]
   ],
   "p2s": [
      [
         271.4142150878906,
         268.00958251953125
      ],
      [
         292.2295227050781,
         234.996337890625
      ],
      [
         226.36090087890625,
         300.0314025878906
      ],
      [
         62.8781852722168,
         300.018798828125
      ],
      [
         30.528671264648438,
         300.02227783203125
      ],
      [
         121.50822448730469,
         300.0251770019531
      ],
      [
         249.57557678222656,
         283.0076599121094
      ],
      [
         201.74708557128906,
         300.0216979980469
      ],
      [
         176.1303253173828,
         300.0306091308594
      ],
      [
         93.18954467773438,
         300.03057861328125
      ],
      [
         149.4653778076172,
         300.0233154296875
      ]
   ],
   "b1s": [
      0,
      0,
      0,
      0,
      0,
      0,
      0,
      0,
      0,
      0,
      0
   ],
   "b2s": [
      1,
      0,
      0,
      0,
      0,
      0,
      1,
      0,
      0,
      0,
      0
   ]
}