{
   "angles": [
      0.5406371704750732
   ],
   "dists": [
      324.83180000944435
   ],
   "p1s": [
      [
         273.8628234863281,
         174.91766357421875
      ]
   ],
   "p2s": [
      [
         300.16644287109375,
         131.0999298095703
      ]
   ],
   "b1s": [
      1
   ],
   "b2s": [
      0
   ]
}