{
   "angles": [
      -0.01299153100624484,
      -0.01350063775679268,
      -0.014578678848863479,
      -0.004950820244240103,
      -0.012479122147373088,
      -0.015194382003745899,
      -0.015923665737044804,
      -0.012991569269162534
   ],
   "dists": [
      56.502999775678205,
      223.5423397841389,
      143.80078766347592,
      216.54283910232144,
      7.597671182827463,
      184.47452236691328,
      259.2124532277016,
      101.0657978612999
   ],
   "p1s": [
      [
         56.520503997802734,
         0.9802451729774475
      ],
      [
         223.575927734375,
         0.9787226319313049
      ],
      [
         143.83026123046875,
         0.9733152985572815
      ],
      [
         216.55043029785156,
         0.9972748160362244
      ],
      [
         7.610491752624512,
         0.9799014329910278
      ],
      [
         184.5106658935547,
         0.9770445823669434
      ],
      [
         259.26092529296875,
         0.9799196720123291
      ],
      [
         101.08696746826172,
         0.9728854894638062
      ]
   ],
   "p2s": [
      [
         60.40571594238281,
         300.0207214355469
      ],
      [
         227.6134033203125,
         300.0187072753906
      ],
      [
         148.19036865234375,
         300.0263977050781
      ],
      [
         217.01084899902344,
         93.9949951171875
      ],
      [
         11.342452049255371,
         300.02069091796875
      ],
      [
         189.05470275878906,
         300.0143737792969
      ],
      [
         264.0230712890625,
         300.01556396484375
      ],
      [
         104.9721908569336,
         300.01336669921875
      ]
   ],
   "b1s": [
      0,
      0,
      0,
      0,
      0,
      0,
      0,
      0
   ],
   "b2s": [
      0,
      0,
      0,
      1,
      0,
      0,
      0,
      0
   ]
}