{
   "angles": [
      -0.018147456095430774,
      -0.012707431056768255,
      -0.012048780321613096,
      -0.02140805886561749,
      -0.0018295163333900783,
      -0.037765729088921264,
      -0.018769512012962904,
      -1.3748937956090825,
      -1.4203088960419972
   ],
   "dists": [
      109.71121457446746,
      65.41375217125955,
      15.549061371918198,
      153.04466297076888,
      18.48561808216932,
      232.88333174333812,
      194.6763157486363,
      21.95622635763972,
      -34.053752770320976
   ],
   "p1s": [
      [
         109.74685668945312,
         0.9682955145835876
      ],
      [
         65.43151092529297,
         0.9818081855773926
      ],
      [
         15.562012672424316,
         0.9811787605285645
      ],
      [
         153.10064697265625,
         0.9764333963394165
      ],
      [
         18.97229766845703,
         265.99822998046875
      ],
      [
         233.0857391357422,
         0.958976686000824
      ],
      [
         194.72877502441406,
         0.9675479531288147
      ],
      [
         260.921630859375,
         29.394914627075195
      ],
      [
         197.10154724121094,
         64.33028411865234
      ]
   ],
   "p2s": [
      [
         112.5059814453125,
         152.99081420898438
      ],
      [
         68.4561996459961,
         238.99420166015625
      ],
      [
         18.610639572143555,
         253.99264526367188
      ],
      [
         156.1410369873047,
         142.97557067871094
      ],
      [
         19.034507751464844,
         300.00177001953125
      ],
      [
         235.24061584472656,
         57.990909576416016
      ],
      [
         195.9120330810547,
         64.00164794921875
      ],
      [
         300.16229248046875,
         37.18214416503906
      ],
      [
         292.87078857421875,
         78.8521499633789
      ]
   ],
   "b1s": [
      0,
      0,
      0,
      0,
      1,
      0,
      0,
      1,
      1
   ],
   "b2s": [
      1,
      1,
      1,
      1,
      0,
      1,
      1,
      0,
      0
   ]
}