{
   "angles": [
      -0.006901913715214162,
      -0.012771677894809824,
      -0.008865315734017823,
      -0.012377301916669834,
      -0.010984893259945897,
      -0.015084864725984002
   ],
   "dists": [
      20.222123151081234,
      262.0060872831232,
      85.70893270392489,
      206.03283911848303,
      148.66922833771383,
      257.26810588895853
   ],
   "p1s": [
      [
         20.229400634765625,
         0.9846126437187195
      ],
      [
         262.03973388671875,
         0.9611754417419434
      ],
      [
         85.72103118896484,
         0.9847421050071716
      ],
      [
         206.06068420410156,
         0.9744929671287537
      ],
      [
         148.68898010253906,
         0.9814460277557373
      ],
      [
         257.3425598144531,
         2.9948322772979736
      ]
   ],
   "p2s": [
      [
         22.293292999267578,
         300.01177978515625
      ],
      [
         265.85919189453125,
         300.0018005371094
      ],
      [
         88.3720932006836,
         300.0144348144531
      ],
      [
         209.76219177246094,
         300.01531982421875
      ],
      [
         151.9739227294922,
         300.0112609863281
      ],
      [
         257.7801818847656,
         32.00331497192383
      ]
   ],
   "b1s": [
      0,
      0,
      0,
      0,
      0,
      0
   ],
   "b2s": [
      0,
      0,
      0,
      0,
      0,
      1
   ]
}