{
   "angles": [
      -1.3435169151045077,
      -1.2914048015612816
   ],
   "dists": [
      -55.23618514457809,
      -14.654601910806495
   ],
   "p1s": [
      [
         252.95458984375,
         115.19637298583984
      ],
      [
         8.386762619018555,
         17.651906967163086
      ]
   ],
   "p2s": [
      [
         300.2026672363281,
         126.12370300292969
      ],
      [
         77.17581176757812,
         37.3871955871582
      ]
   ],
   "b1s": [
      1,
      0
   ],
   "b2s": [
      0,
      1
   ]
}