{
   "angles": [
      -0.02286912610757835,
      0.7122494240668403,
      -0.02202263447021613,
      -0.019763566425487968,
      -0.021400588054151487,
      -0.021882941379887274,
      -0.03171475392955092,
      -0.01928588214311305,
      0.712998343427041,
      -0.006250835659506858
   ],
   "dists": [
      62.90843816512134,
      186.23420538671044,
      93.295106335019,
      121.62634859065712,
      176.30824267771948,
      30.949668933589052,
      226.33994590363574,
      149.7842822494618,
      187.67342586736027,
      202.43691791729248
   ],
   "p1s": [
      [
         62.946746826171875,
         0.9554718136787415
      ],
      [
         5.512368202209473,
         278.5789489746094
      ],
      [
         93.339111328125,
         0.9705045819282532
      ],
      [
         121.66921997070312,
         0.9670059680938721
      ],
      [
         176.3689422607422,
         0.9492961168289185
      ],
      [
         30.978498458862305,
         0.9785841703414917
      ],
      [
         226.4840545654297,
         0.9529174566268921
      ],
      [
         149.83074951171875,
         0.9646881222724915
      ],
      [
         229.0503692626953,
         22.04356575012207
      ],
      [
         202.4470672607422,
         0.9909546971321106
      ]
   ],
   "p2s": [
      [
         67.5906982421875,
         203.9864959716797
      ],
      [
         26.78064727783203,
         253.9471435546875
      ],
      [
         96.57733154296875,
         147.98728942871094
      ],
      [
         124.377685546875,
         137.99253845214844
      ],
      [
         177.9539337158203,
         75.00098419189453
      ],
      [
         35.618595123291016,
         212.98646545410156
      ],
      [
         227.08824157714844,
         19.99720001220703
      ],
      [
         151.47113037109375,
         86.01020050048828
      ],
      [
         241.11135864257812,
         8.096295356750488
      ],
      [
         202.63470458984375,
         31.008533477783203
      ]
   ],
   "b1s": [
      0,
      0,
      0,
      0,
      0,
      0,
      0,
      0,
      1,
      0
   ],
   "b2s": [
      1,
      1,
      1,
      1,
      1,
      1,
      1,
      1,
      0,
      1
   ]
}