{
   "angles": [
      0.5320311532348508,
      -1.5324712033659575,
      -1.380468050863238
   ],
   "dists": [
      160.40357095097957,
      -27.41699282029405,
      -123.90718959080698
   ],
   "p1s": [
      [
         9.655584335327148,
         299.7972717285156
      ],
      [
         0.943506121635437,
         27.473318099975586
      ],
      [
         0.929690420627594,
         126.36494445800781
      ]
   ],
   "p2s": [
      [
         48.28746032714844,
         234.16921997070312
      ],
      [
         11.005401611328125,
         27.859140396118164
      ],
      [
         29.042171478271484,
         131.78111267089844
      ]
   ],
   "b1s": [
      0,
      0,
      0
   ],
   "b2s": [
      1,
      1,
      1
   ]
}