{
   "angles": [
      -0.014814632017345623,
      -0.009562845071429928,
      -0.0030066364220450175,
      -0.005152844557626659,
      -0.008459889768259567,
      -0.004037084266371098,
      -0.016336764578186537,
      -0.029339658731555383,
      -0.01873840571263682,
      -0.019291062211805855,
      0.0005683694884399743
   ],
   "dists": [
      147.90745135861937,
      83.2190822623781,
      150.81745556579946,
      169.7032028973865,
      244.95294677743587,
      158.27679300452033,
      154.45083783005714,
      289.22795012675994,
      1.5969542235026122,
      297.69385353047835,
      299.3540236353004
   ],
   "p1s": [
      [
         147.93829345703125,
         0.9860977530479431
      ],
      [
         83.23233795166016,
         0.9882149696350098
      ],
      [
         150.82113647460938,
         0.9975308775901794
      ],
      [
         169.71051025390625,
         0.9808802604675293
      ],
      [
         244.97003173828125,
         0.98333340883255
      ],
      [
         159.19451904296875,
         227.0032501220703
      ],
      [
         154.56906127929688,
         5.974364757537842
      ],
      [
         289.3815002441406,
         0.9888036847114563
      ],
      [
         6.488359451293945,
         260.9908447265625
      ],
      [
         298.9065246582031,
         59.98250961303711
      ],
      [
         299.3347473144531,
         34.00019073486328
      ]
   ],
   "p2s": [
      [
         148.2794189453125,
         24.010677337646484
      ],
      [
         86.09200286865234,
         300.01824951171875
      ],
      [
         150.89329528808594,
         24.997314453125
      ],
      [
         171.2513427734375,
         300.00384521484375
      ],
      [
         247.49984741210938,
         300.0126953125
      ],
      [
         159.47711181640625,
         297.0021057128906
      ],
      [
         155.84390258789062,
         84.00254821777344
      ],
      [
         290.6742858886719,
         45.03890609741211
      ],
      [
         6.9754438400268555,
         286.9817199707031
      ],
      [
         299.1772766113281,
         74.01587677001953
      ],
      [
         299.3438415527344,
         17.9996280670166
      ]
   ],
   "b1s": [
      0,
      0,
      0,
      0,
      0,
      1,
      0,
      0,
      0,
      0,
      0
   ],
   "b2s": [
      1,
      0,
      1,
      0,
      0,
      0,
      1,
      1,
      0,
      0,
      0
   ]
}