{
   "angles": [
      -0.012601071192153578,
      -0.0036724493993382174,
      -0.012163125489937442,
      -0.010468749452453217,
      -0.008192729077493828
   ],
   "dists": [
      265.4247220238625,
      22.63352608958717,
      209.56683817094688,
      151.87712197420214,
      88.19792020342095
   ],
   "p1s": [
      [
         265.4580078125,
         0.9690248370170593
      ],
      [
         22.6373291015625,
         0.993986964225769
      ],
      [
         209.59426879882812,
         0.9806077480316162
      ],
      [
         151.8957061767578,
         0.9801536202430725
      ],
      [
         88.20899200439453,
         0.9900948405265808
      ]
   ],
   "p2s": [
      [
         269.2264404296875,
         300.0097351074219
      ],
      [
         23.735435485839844,
         300.004638671875
      ],
      [
         213.23171997070312,
         300.0215148925781
      ],
      [
         155.0262908935547,
         300.01019287109375
      ],
      [
         90.65884399414062,
         300.010986328125
      ]
   ],
   "b1s": [
      0,
      0,
      0,
      0,
      0
   ],
   "b2s": [
      0,
      0,
      0,
      0,
      0
   ]
}