{
   "angles": [
      -0.00811613008835239,
      -0.042302462382789174,
      -0.011241944558906813,
      -0.01103509950990625,
      -0.0011418378468482351,
      -0.01146001460529364,
      -0.011806810345230184,
      -0.039604050396943216
   ],
   "dists": [
      146.18923529164707,
      2.251954525820715,
      202.5910273171163,
      82.29301197525633,
      127.49731978612728,
      16.762785887884483,
      258.22954103875065,
      5.330005216247423
   ],
   "p1s": [
      [
         146.20208740234375,
         0.9902434945106506
      ],
      [
         3.4419384002685547,
         28.065948486328125
      ],
      [
         202.6148681640625,
         0.9818450212478638
      ],
      [
         82.30889892578125,
         0.9855555891990662
      ],
      [
         127.49854278564453,
         0.9982887506484985
      ],
      [
         16.775114059448242,
         0.9796562790870667
      ],
      [
         258.259033203125,
         0.9733269214630127
      ],
      [
         6.403423309326172,
         26.9840145111084
      ]
   ],
   "p2s": [
      [
         148.62896728515625,
         300.0030212402344
      ],
      [
         9.323909759521484,
         167.0286102294922
      ],
      [
         205.9766845703125,
         300.0115051269531
      ],
      [
         85.60885620117188,
         300.0153503417969
      ],
      [
         127.64812469482422,
         131.99925231933594
      ],
      [
         20.202146530151367,
         300.0091552734375
      ],
      [
         261.7899169921875,
         300.0142822265625
      ],
      [
         7.515880107879639,
         55.058807373046875
      ]
   ],
   "b1s": [
      0,
      0,
      0,
      0,
      0,
      0,
      0,
      0
   ],
   "b2s": [
      0,
      0,
      0,
      0,
      1,
      0,
      0,
      0
   ]
}