{
   "angles": [
      -0.001110040702489264,
      -0.06656308765684876,
      -1.5643570579663826
   ],
   "dists": [
      32.96204248821417,
      267.7794643555212,
      -102.53340970562743
   ],
   "p1s": [
      [
         33.07639694213867,
         102.99991607666016
      ],
      [
         268.373779296875,
         0.0
      ],
      [
         272.9916687011719,
         104.29342651367188
      ]
   ],
   "p2s": [
      [
         32.96206283569336,
         4.2115236283279955e-05
      ],
      [
         275.23443603515625,
         102.91773223876953
      ],
      [
         35.00154113769531,
         102.76093292236328
      ]
   ],
   "b1s": [
      1,
      0,
      0
   ],
   "b2s": [
      0,
      0,
      1
   ]
}