{
   "angles": [
      0.0003890992072311295,
      -0.051384080195784686
   ],
   "dists": [
      33.214509388761485,
      252.43701045693635
   ],
   "p1s": [
      [
         33.097782135009766,
         300.0
      ],
      [
         252.771240234375,
         0.011764575727283955
      ]
   ],
   "p2s": [
      [
         33.21451187133789,
         8.34663660498336e-05
      ],
      [
         268.19891357421875,
         299.9897766113281
      ]
   ],
   "b1s": [
      0,
      0
   ],
   "b2s": [
      0,
      0
   ]
}