{
   "angles": [
      -1.560542278595751
   ],
   "dists": [
      -100.0929104156629
   ],
   "p1s": [
      [
         299.9981994628906,
         103.17447662353516
      ]
   ],
   "p2s": [
      [
         34.99531173706055,
         100.45703887939453
      ]
   ],
   "b1s": [
      0
   ],
   "b2s": [
      1
   ]
}