{
   "angles": [
      0.07337868027113831,
      0.00244140595108886
   ],
   "dists": [
      53.11547860658972,
      255.2225988612898
   ],
   "p1s": [
      [
         31.205598831176758,
         300.0
      ],
      [
         255.22335815429688,
         0.0005453047342598438
      ]
   ],
   "p2s": [
      [
         44.288936614990234,
         122.021240234375
      ],
      [
         254.49093627929688,
         300.0
      ]
   ],
   "b1s": [
      0,
      0
   ],
   "b2s": [
      1,
      0
   ]
}