{
   "angles": [
      0.07051176610389158,
      0.017167050151442827,
      -1.5639602661466485
   ],
   "dists": [
      7.109421026037887,
      251.4114759573096,
      -103.68065039210056
   ],
   "p1s": [
      [
         0.0,
         100.90962219238281
      ],
      [
         251.44839477539062,
         0.007698253728449345
      ],
      [
         238.99783325195312,
         105.31690216064453
      ]
   ],
   "p2s": [
      [
         7.1264801025390625,
         0.009231753647327423
      ],
      [
         249.64532470703125,
         105.02825164794922
      ],
      [
         0.0021663473453372717,
         103.68309783935547
      ]
   ],
   "b1s": [
      0,
      0,
      1
   ],
   "b2s": [
      0,
      1,
      0
   ]
}