{
   "angles": [
      0.07699660907828113,
      0.008209301345737887
   ],
   "dists": [
      30.463238701935175,
      254.36239484584658
   ],
   "p1s": [
      [
         7.412520408630371,
         299.9546813964844
      ],
      [
         254.37094116210938,
         0.0030452117789536715
      ]
   ],
   "p2s": [
      [
         30.553762435913086,
         0.0
      ],
      [
         251.9081268310547,
         299.9992370605469
      ]
   ],
   "b1s": [
      0,
      0
   ],
   "b2s": [
      0,
      0
   ]
}