{
   "angles": [
      1.5577191214521982,
      -0.015427270879908596
   ],
   "dists": [
      196.04937430982966,
      250.5144841682608
   ],
   "p1s": [
      [
         11.972661018371582,
         195.90956115722656
      ],
      [
         253.53753662109375,
         194.00714111328125
      ]
   ],
   "p2s": [
      [
         185.99520874023438,
         193.6337127685547
      ],
      [
         255.1728057861328,
         299.9973449707031
      ]
   ],
   "b1s": [
      0,
      1
   ],
   "b2s": [
      1,
      0
   ]
}