{
   "angles": [
      1.5681870372838327,
      0.004177141127746042
   ],
   "dists": [
      195.4873258539714,
      35.11182296429287
   ],
   "p1s": [
      [
         0.0,
         195.4879913330078
      ],
      [
         33.85898208618164,
         299.9994201660156
      ]
   ],
   "p2s": [
      [
         268.99945068359375,
         194.78610229492188
      ],
      [
         34.293399810791016,
         196.001220703125
      ]
   ],
   "b1s": [
      0,
      0
   ],
   "b2s": [
      1,
      1
   ]
}