{
   "angles": [
      1.556253888564486
   ],
   "dists": [
      200.63697039156253
   ],
   "p1s": [
      [
         0.0,
         200.65818786621094
      ]
   ],
   "p2s": [
      [
         283.9931335449219,
         196.5279541015625
      ]
   ],
   "b1s": [
      0
   ],
   "b2s": [
      0
   ]
}