{
   "angles": [
      0.004898107471369631,
      -0.04890834969070276
   ],
   "dists": [
      34.169527413590906,
      238.19927362390783
   ],
   "p1s": [
      [
         32.70050048828125,
         299.99853515625
      ],
      [
         245.28744506835938,
         138.98593139648438
      ]
   ],
   "p2s": [
      [
         34.1699333190918,
         0.0008323558140546083
      ],
      [
         253.1682586669922,
         299.99176025390625
      ]
   ],
   "b1s": [
      0,
      1
   ],
   "b2s": [
      0,
      0
   ]
}