{
   "angles": [
      0.01143671696540162,
      -0.7096611641405324
   ],
   "dists": [
      92.26263268011684,
      -1.54440918601609
   ],
   "p1s": [
      [
         91.30776977539062,
         84.01495361328125
      ],
      [
         3.067744016647339,
         5.941812038421631
      ]
   ],
   "p2s": [
      [
         92.16571044921875,
         9.0018949508667
      ],
      [
         48.86343765258789,
         59.25836181640625
      ]
   ],
   "b1s": [
      0,
      0
   ],
   "b2s": [
      0,
      0
   ]
}