{
   "angles": [
      -0.83580822476505
   ],
   "dists": [
      4.683484852793783
   ],
   "p1s": [
      [
         7.543241024017334,
         0.5052973031997681
      ]
   ],
   "p2s": [
      [
         76.30535888671875,
         62.662193298339844
      ]
   ],
   "b1s": [
      0
   ],
   "b2s": [
      0
   ]
}