{
   "angles": [
      -0.8455866024043507
   ],
   "dists": [
      13.755243584236046
   ],
   "p1s": [
      [
         21.444698333740234,
         0.6265190243721008
      ]
   ],
   "p2s": [
      [
         92.47980499267578,
         63.58690643310547
      ]
   ],
   "b1s": [
      0
   ],
   "b2s": [
      0
   ]
}