{
   "angles": [
      -0.6192739386727724,
      -0.6119093562829945,
      -0.0007848622835512258,
      0.0031128102074973398
   ],
   "dists": [
      18.71938216706134,
      27.980484437568506,
      11.940012330194763,
      28.486274840329084
   ],
   "p1s": [
      [
         30.549867630004883,
         10.608047485351562
      ],
      [
         74.1229248046875,
         56.913734436035156
      ],
      [
         11.956498146057129,
         21.00003433227539
      ],
      [
         28.383686065673828,
         33.00119400024414
      ]
   ],
   "p2s": [
      [
         93.03231048583984,
         98.26415252685547
      ],
      [
         38.593597412109375,
         6.285198211669922
      ],
      [
         12.018502235412598,
         99.99998474121094
      ],
      [
         28.17513084411621,
         100.0
      ]
   ],
   "b1s": [
      0,
      0,
      0,
      0
   ],
   "b2s": [
      0,
      0,
      0,
      0
   ]
}