{
   "angles": [
      0.0016403103096143833,
      -0.008190252740342357,
      -0.017762148717663486
   ],
   "dists": [
      40.3442192477013,
      57.82943580854979,
      72.09616222058854
   ],
   "p1s": [
      [
         40.19336700439453,
         91.9986801147461
      ],
      [
         57.9542350769043,
         15.000374794006348
      ],
      [
         72.56922149658203,
         25.98988914489746
      ]
   ],
   "p2s": [
      [
         40.34427261352539,
         0.0005647156503982842
      ],
      [
         58.65037536621094,
         99.99467468261719
      ],
      [
         73.88365936279297,
         99.98430633544922
      ]
   ],
   "b1s": [
      0,
      0,
      0
   ],
   "b2s": [
      0,
      0,
      0
   ]
}