{
   "angles": [
      0.0059776125924532525,
      0.0028381436954399058,
      0.008064390337486712,
      -1.018240281592115
   ],
   "dists": [
      34.10956293417725,
      41.057986350710166,
      92.00419550171841,
      -51.878093003537074
   ],
   "p1s": [
      [
         33.73362350463867,
         62.992431640625
      ],
      [
         41.05815124511719,
         0.00016504133236594498
      ],
      [
         91.2007827758789,
         99.9935531616211
      ],
      [
         0.7477343082427979,
         61.40910339355469
      ]
   ],
   "p2s": [
      [
         34.11016845703125,
         0.0006585648516193032
      ],
      [
         40.87934112548828,
         63.00249481201172
      ],
      [
         92.00718688964844,
         5.79438274144195e-05
      ],
      [
         62.3668098449707,
         99.40513610839844
      ]
   ],
   "b1s": [
      0,
      0,
      0,
      0
   ],
   "b2s": [
      0,
      0,
      0,
      0
   ]
}