{
   "angles": [
      -0.0,
      -0.001153965127757414,
      0.025522127124841577
   ],
   "dists": [
      16.0,
      23.962088792508478,
      28.566674748695387
   ],
   "p1s": [
      [
         16.0,
         100.0
      ],
      [
         23.96210479736328,
         4.372895637061447e-05
      ],
      [
         28.57598114013672,
         0.0
      ]
   ],
   "p2s": [
      [
         16.0,
         0.0
      ],
      [
         24.07750129699707,
         100.0
      ],
      [
         26.12589454650879,
         95.97769165039062
      ]
   ],
   "b1s": [
      0,
      0,
      0
   ],
   "b2s": [
      0,
      0,
      0
   ]
}