{
   "angles": [
      -1.0243430511723677
   ],
   "dists": [
      -34.44652199511047
   ],
   "p1s": [
      [
         27.115318298339844,
         56.81040573120117
      ]
   ],
   "p2s": [
      [
         95.39944458007812,
         98.34326934814453
      ]
   ],
   "b1s": [
      0
   ],
   "b2s": [
      0
   ]
}