{
   "angles": [
      0.003658301294236184,
      0.005371220820061016,
      -0.7063170846788707
   ],
   "dists": [
      62.02612783083124,
      69.23346698216112,
      -11.406841862002041
   ],
   "p1s": [
      [
         61.744869232177734,
         76.99540710449219
      ],
      [
         69.23445892333984,
         0.0012592995772138238
      ],
      [
         4.3636155128479,
         22.689783096313477
      ]
   ],
   "p2s": [
      [
         62.01190948486328,
         4.0000433921813965
      ],
      [
         68.84770965576172,
         72.00455474853516
      ],
      [
         69.76420593261719,
         99.3480224609375
      ]
   ],
   "b1s": [
      0,
      0,
      0
   ],
   "b2s": [
      0,
      0,
      0
   ]
}