{
   "angles": [
      0.001621249233491769
   ],
   "dists": [
      57.11748658530296
   ],
   "p1s": [
      [
         57.09162139892578,
         16.00014877319336
      ]
   ],
   "p2s": [
      [
         56.95543670654297,
         99.99993133544922
      ]
   ],
   "b1s": [
      0
   ],
   "b2s": [
      0
   ]
}