{
   "angles": [
      -0.848524266511191,
      -1.0339408618862653
   ],
   "dists": [
      -4.8618718258063485,
      -36.19493670225647
   ],
   "p1s": [
      [
         0.2580024003982544,
         6.707180023193359
      ],
      [
         85.42671966552734,
         92.96322631835938
      ]
   ],
   "p2s": [
      [
         99.21160125732422,
         93.89479064941406
      ],
      [
         33.84356689453125,
         62.262840270996094
      ]
   ],
   "b1s": [
      0,
      0
   ],
   "b2s": [
      0,
      0
   ]
}