{
   "angles": [
      -0.006897009726560246,
      0.005847983447996107,
      -0.011757700496021822
   ],
   "dists": [
      22.834236488509987,
      50.268150636501744,
      91.5244226543744
   ],
   "p1s": [
      [
         23.42096710205078,
         84.99019622802734
      ],
      [
         50.26900100708008,
         0.0015731158200651407
      ],
      [
         91.81297302246094,
         24.002199172973633
      ]
   ],
   "p2s": [
      [
         22.834787368774414,
         0.0011394983157515526
      ],
      [
         49.73096466064453,
         92.0042724609375
      ],
      [
         92.70657348632812,
         100.0
      ]
   ],
   "b1s": [
      0,
      0,
      0
   ],
   "b2s": [
      0,
      0,
      0
   ]
}