{
   "angles": [
      0.0022659396549501326,
      -0.8510893427930861,
      -0.013126778816678902,
      0.0018158002879356651
   ],
   "dists": [
      12.253897091612869,
      22.367615891989754,
      28.080698477904356,
      38.14821871702309
   ],
   "p1s": [
      [
         12.23353385925293,
         9.000529289245605
      ],
      [
         34.53651809692383,
         0.5287583470344543
      ],
      [
         28.293107986450195,
         15.9961519241333
      ],
      [
         38.06838607788086,
         44.000125885009766
      ]
   ],
   "p2s": [
      [
         12.027334213256836,
         100.0
      ],
      [
         98.48735046386719,
         56.58484649658203
      ],
      [
         29.093921661376953,
         76.99876403808594
      ],
      [
         37.96670150756836,
         99.99993896484375
      ]
   ],
   "b1s": [
      0,
      0,
      0,
      0
   ],
   "b2s": [
      0,
      0,
      0,
      0
   ]
}