{
   "angles": [
      0.002708451689979495,
      -0.01648598325276357
   ],
   "dists": [
      20.069409680942336,
      28.590370112481192
   ],
   "p1s": [
      [
         19.85550880432129,
         79.0023193359375
      ],
      [
         28.5943660736084,
         0.0066878898069262505
      ]
   ],
   "p2s": [
      [
         20.069482803344727,
         0.00018819009710568935
      ],
      [
         29.84734535217285,
         76.00251770019531
      ]
   ],
   "b1s": [
      0,
      0
   ],
   "b2s": [
      0,
      0
   ]
}