{
   "angles": [
      -1.0280829210980993,
      -0.0036907179252572645
   ],
   "dists": [
      -0.4820124239530288,
      18.696578827564245
   ],
   "p1s": [
      [
         5.919670104980469,
         4.133189678192139
      ],
      [
         19.065778732299805,
         99.999755859375
      ]
   ],
   "p2s": [
      [
         93.88653564453125,
         57.18812942504883
      ],
      [
         18.862791061401367,
         45.00050735473633
      ]
   ],
   "b1s": [
      0,
      0
   ],
   "b2s": [
      0,
      0
   ]
}