{
   "angles": [
      -0.0033264358420615463,
      -0.004455737718353123,
      0.0011749279216983176
   ],
   "dists": [
      24.724116685088166,
      44.438596186322975,
      60.09041275279449
   ],
   "p1s": [
      [
         24.73090934753418,
         2.0008950233459473
      ],
      [
         44.43903732299805,
         0.0
      ],
      [
         60.055206298828125,
         30.000064849853516
      ]
   ],
   "p2s": [
      [
         24.987031936645508,
         78.99671936035156
      ],
      [
         44.755401611328125,
         71.00109100341797
      ],
      [
         59.97296142578125,
         99.99996948242188
      ]
   ],
   "b1s": [
      0,
      0,
      0
   ],
   "b2s": [
      0,
      0,
      0
   ]
}