{
   "angles": [
      0.9716796756867178,
      -1.4820135107868686,
      -1.1471320422849822,
      -0.40005373616297885,
      -1.1900426398205108,
      -0.08754622747339245,
      -1.3516495786708334
   ],
   "dists": [
      234.6662871708275,
      -228.882127083115,
      -128.98715074866413,
      212.5957754187471,
      -145.5327291226686,
      117.18021630010301,
      -239.50484891335194
   ],
   "p1s": [
      [
         0.28928640484809875,
         283.95916748046875
      ],
      [
         0.8342998027801514,
         229.86143493652344
      ],
      [
         1.0194578170776367,
         141.95684814453125
      ],
      [
         230.9038543701172,
         0.19494816660881042
      ],
      [
         0.6000166535377502,
         156.99923706054688
      ],
      [
         141.76939392089844,
         275.0202331542969
      ],
      [
         0.6613124012947083,
         245.52066040039062
      ]
   ],
   "p2s": [
      [
         80.9285659790039,
         228.8953857421875
      ],
      [
         40.145912170410156,
         233.36083984375
      ],
      [
         109.34170532226562,
         190.80746459960938
      ],
      [
         243.37484741210938,
         29.687211990356445
      ],
      [
         74.21379852294922,
         186.46588134765625
      ],
      [
         143.96981811523438,
         300.0904235839844
      ],
      [
         20.989267349243164,
         250.04818725585938
      ]
   ],
   "b1s": [
      0,
      0,
      0,
      0,
      0,
      1,
      0
   ],
   "b2s": [
      1,
      1,
      1,
      1,
      1,
      0,
      1
   ]
}