{
   "angles": [
      1.2979814558641851,
      -1.055663097121438,
      1.4537323208318889,
      -1.070647699541737,
      1.391754797637292,
      1.447333533012482,
      1.1723990642642876,
      1.336819849455798,
      -0.3661938207596477,
      1.4519753192664784,
      1.4639842446481377,
      -0.2764511100572439,
      -0.6153749639431559,
      -1.2146061994074016,
      -1.2646369418013486,
      1.4434268728874875,
      1.345561342347158,
      0.04203443402248092
   ],
   "dists": [
      264.9131651136613,
      -136.5388653506872,
      124.42849653466293,
      -83.56354452789321,
      172.13985571039495,
      139.38722581453376,
      327.140822516469,
      229.62413613026,
      45.226641806389935,
      142.44737254693334,
      166.588767100468,
      78.04747792302805,
      -63.585888561812034,
      -182.7281892656469,
      -52.04626005603548,
      133.05132445352078,
      351.24735909489806,
      310.43032560099925
   ],
   "p1s": [
      [
         271.0683898925781,
         199.24441528320312
      ],
      [
         155.17886352539062,
         244.74974060058594
      ],
      [
         0.7875361442565918,
         125.193359375
      ],
      [
         279.1261901855469,
         247.7690887451172
      ],
      [
         231.0227813720703,
         133.1258544921875
      ],
      [
         0.9183943867683411,
         140.34239196777344
      ],
      [
         282.93634033203125,
         235.84878540039062
      ],
      [
         280.072265625,
         169.30323791503906
      ],
      [
         48.4599609375,
         0.05662812665104866
      ],
      [
         0.8045521378517151,
         143.3628387451172
      ],
      [
         271.8282470703125,
         138.39813232421875
      ],
      [
         81.23194885253906,
         0.3667619824409485
      ],
      [
         77.69093322753906,
         220.04629516601562
      ],
      [
         215.23831176757812,
         275.0472106933594
      ],
      [
         271.21636962890625,
         140.31549072265625
      ],
      [
         0.7492485046386719,
         134.04196166992188
      ],
      [
         281.2102355957031,
         295.91754150390625
      ],
      [
         298.50494384765625,
         290.06329345703125
      ]
   ],
   "p2s": [
      [
         300.8172607421875,
         190.92095947265625
      ],
      [
         265.06182861328125,
         306.9564208984375
      ],
      [
         70.0062484741211,
         117.05313110351562
      ],
      [
         300.767333984375,
         259.59588623046875
      ],
      [
         292.1910400390625,
         122.0556640625
      ],
      [
         63.20023727416992,
         132.6136016845703
      ],
      [
         300.5959167480469,
         228.41578674316406
      ],
      [
         300.1248474121094,
         164.5238800048828
      ],
      [
         65.68408203125,
         44.97067642211914
      ],
      [
         28.999622344970703,
         139.996826171875
      ],
      [
         292.0249328613281,
         136.23265075683594
      ],
      [
         89.32915496826172,
         28.906612396240234
      ],
      [
         136.47544860839844,
         303.1986389160156
      ],
      [
         282.58868408203125,
         300.1055603027344
      ],
      [
         300.455810546875,
         149.5580291748047
      ],
      [
         69.28999328613281,
         125.26445770263672
      ],
      [
         300.13330078125,
         291.58184814453125
      ],
      [
         298.9720764160156,
         278.9567565917969
      ]
   ],
   "b1s": [
      1,
      1,
      0,
      1,
      1,
      0,
      1,
      1,
      0,
      0,
      1,
      0,
      1,
      1,
      1,
      0,
      0,
      0
   ],
   "b2s": [
      0,
      0,
      1,
      0,
      0,
      1,
      0,
      0,
      1,
      1,
      0,
      1,
      0,
      0,
      0,
      1,
      0,
      0
   ]
}