{
   "angles": [
      1.2139472068104689,
      1.4172355103599528,
      1.4221389391017245,
      1.0631815041603019,
      1.275900280100156,
      1.184703320032756,
      1.3496198326440745,
      1.3800680323758605,
      -0.17440454276675976,
      1.4064422058992048,
      1.3778312740376844,
      -0.18055840752103264,
      1.4243193516395876,
      -0.6633397360009576,
      0.697963103770645,
      -0.7502296427857988,
      -1.4721072467586327,
      1.3550190811511809,
      -1.1454089743875724,
      -1.4191815863578368,
      1.383085416949148,
      0.05255238514475648,
      0.5195111185792426,
      -1.3917609782808307,
      1.405847646199729,
      -1.4814619847227684,
      -0.2251346505131321,
      1.2164724103454743,
      -0.7903569149015032
   ],
   "dists": [
      161.20833997486906,
      267.18089253953394,
      253.03676902293938,
      298.04488115137303,
      140.07515168821473,
      164.8434543147937,
      114.15674555397275,
      119.83105173984103,
      235.90423515841925,
      245.57326569089923,
      303.7106965898499,
      243.0086085067325,
      304.40991345773165,
      131.6145064752123,
      396.27035014613705,
      141.79871690230453,
      11.920028575192338,
      189.9817151199448,
      -205.15124637547245,
      0.0811092730391394,
      101.50909465410103,
      300.735358463275,
      57.93019166352953,
      -267.7145179715321,
      250.4103252187055,
      -0.8640031119938918,
      224.65362523304375,
      149.83550531331025,
      98.68143625722414
   ],
   "p1s": [
      [
         -1.070568561553955,
         172.446044921875
      ],
      [
         -0.6313650608062744,
         270.4600524902344
      ],
      [
         0.5179324746131897,
         255.78111267089844
      ],
      [
         89.23125457763672,
         291.4157409667969
      ],
      [
         -4.2546563148498535,
         147.68702697753906
      ],
      [
         5.826718330383301,
         175.57371520996094
      ],
      [
         257.57073974609375,
         59.090946197509766
      ],
      [
         272.69000244140625,
         69.39447784423828
      ],
      [
         239.66259765625,
         0.7070587277412415
      ],
      [
         0.15451954305171967,
         248.90213012695312
      ],
      [
         48.97737121582031,
         299.8841857910156
      ],
      [
         247.16796875,
         0.7867902517318726
      ],
      [
         94.95513916015625,
         293.6959228515625
      ],
      [
         281.3543395996094,
         146.28602600097656
      ],
      [
         264.9258728027344,
         300.7766418457031
      ],
      [
         253.65797424316406,
         64.18283081054688
      ],
      [
         270.9162902832031,
         14.845306396484375
      ],
      [
         3.1744985580444336,
         193.79611206054688
      ],
      [
         130.03285217285156,
         284.134765625
      ],
      [
         263.13421630859375,
         40.12150192260742
      ],
      [
         261.36895751953125,
         53.67780685424805
      ],
      [
         293.1029052734375,
         153.0054168701172
      ],
      [
         16.983924865722656,
         86.99080657958984
      ],
      [
         124.0869369506836,
         294.51959228515625
      ],
      [
         258.9582824707031,
         210.74948120117188
      ],
      [
         271.8905944824219,
         25.221450805664062
      ],
      [
         230.61410522460938,
         0.6303397417068481
      ],
      [
         0.8013856410980225,
         159.46310424804688
      ],
      [
         294.3855285644531,
         152.61062622070312
      ]
   ],
   "p2s": [
      [
         242.2706756591797,
         81.7260513305664
      ],
      [
         299.98919677734375,
         223.93020629882812
      ],
      [
         300.4291687011719,
         210.86575317382812
      ],
      [
         105.61277770996094,
         282.3038330078125
      ],
      [
         250.12692260742188,
         70.41795349121094
      ],
      [
         162.0314178466797,
         112.07728576660156
      ],
      [
         299.68975830078125,
         49.62028121948242
      ],
      [
         300.02264404296875,
         64.11723327636719
      ],
      [
         249.45294189453125,
         56.2725830078125
      ],
      [
         109.94903564453125,
         230.6927032470703
      ],
      [
         90.9384765625,
         291.6851501464844
      ],
      [
         257.80120849609375,
         59.03628921508789
      ],
      [
         127.97411346435547,
         288.82452392578125
      ],
      [
         298.95892333984375,
         168.8135528564453
      ],
      [
         299.9815979003906,
         258.98455810546875
      ],
      [
         300.5462951660156,
         114.4908218383789
      ],
      [
         300.0269775390625,
         17.72758674621582
      ],
      [
         21.185916900634766,
         189.84820556640625
      ],
      [
         165.0087890625,
         299.9806213378906
      ],
      [
         300.0367126464844,
         45.759742736816406
      ],
      [
         299.8789978027344,
         46.362945556640625
      ],
      [
         294.4695129394531,
         127.02469635009766
      ],
      [
         66.61589813232422,
         0.20841461420059204
      ],
      [
         146.53277587890625,
         298.5816955566406
      ],
      [
         299.9866638183594,
         203.91986083984375
      ],
      [
         300.1120300292969,
         27.749332427978516
      ],
      [
         234.6123809814453,
         18.088768005371094
      ],
      [
         16.827754974365234,
         153.5343780517578
      ],
      [
         300.4151306152344,
         158.5807342529297
      ]
   ],
   "b1s": [
      0,
      0,
      0,
      0,
      0,
      0,
      1,
      1,
      0,
      0,
      0,
      0,
      0,
      1,
      0,
      1,
      1,
      0,
      1,
      1,
      1,
      0,
      1,
      0,
      1,
      1,
      0,
      0,
      0
   ],
   "b2s": [
      1,
      0,
      0,
      1,
      1,
      1,
      0,
      0,
      1,
      1,
      0,
      1,
      1,
      0,
      0,
      0,
      0,
      1,
      0,
      0,
      0,
      0,
      0,
      0,
      0,
      0,
      1,
      1,
      0
   ]
}