{
   "angles": [
      0.8775710088192887,
      -1.5680225878941607,
      0.20466248383743008,
      0.1921965532313754,
      0.9814030257005625,
      0.3618476424836503,
      0.9175519769539028,
      1.230637725291002,
      0.2330955852479927,
      -1.5069018185309515,
      1.1040577271108412,
      0.13345736431152067,
      0.10039046033604854,
      -0.39642359142896333,
      -1.1772142246094437,
      0.16675132164444803,
      -0.313520355312202,
      0.23043863641698242,
      -0.06884291935130349,
      0.0654493904980255,
      -0.7504041664325001,
      -0.6797297505560953,
      1.570172866903715,
      -0.7824635496627544,
      0.08005174299240467,
      -1.1570289437313546,
      0.8327951881050449
   ],
   "dists": [
      222.42966998867666,
      -83.12901762133274,
      55.251955078598456,
      43.129345701809264,
      224.47769870524556,
      196.90575797873117,
      219.14309663904265,
      238.64641170399707,
      65.6677801416564,
      8.456108691505248,
      219.2167249455713,
      57.4174545828908,
      16.23823872982603,
      112.89988473154723,
      33.32381642370058,
      70.8838389647147,
      97.66323860213322,
      70.65064205166313,
      275.9419793625312,
      13.272181017435036,
      60.19633417978347,
      38.030382500072825,
      111.68205499926685,
      70.83155567824276,
      29.20425391201945,
      2.680296440803013,
      247.13857009562895
   ],
   "p1s": [
      [
         272.3915710449219,
         62.87873840332031
      ],
      [
         45.98819351196289,
         83.25689697265625
      ],
      [
         8.743010520935059,
         229.7390899658203
      ],
      [
         0.559572696685791,
         222.91429138183594
      ],
      [
         283.3713073730469,
         80.5552749633789
      ],
      [
         200.94161987304688,
         25.356416702270508
      ],
      [
         274.75433349609375,
         65.67900085449219
      ],
      [
         0.6218340992927551,
         252.9314727783203
      ],
      [
         0.3427835702896118,
         282.8439636230469
      ],
      [
         174.8901824951172,
         2.7163546085357666
      ],
      [
         0.1836223155260086,
         245.37977600097656
      ],
      [
         17.608963012695312,
         300.35028076171875
      ],
      [
         6.035537242889404,
         102.10430908203125
      ],
      [
         122.24214172363281,
         -0.3571091890335083
      ],
      [
         87.33860778808594,
         0.18457213044166565
      ],
      [
         21.348403930664062,
         300.2269592285156
      ],
      [
         105.62522888183594,
         9.121505737304688
      ],
      [
         4.57118558883667,
         289.83782958984375
      ],
      [
         276.6582336425781,
         0.8856619000434875
      ],
      [
         0.8481395840644836,
         189.99005126953125
      ],
      [
         81.26490783691406,
         -1.111688494682312
      ],
      [
         49.42742919921875,
         0.6545451283454895
      ],
      [
         282.9990539550781,
         111.5056381225586
      ],
      [
         99.44464111328125,
         -0.43618449568748474
      ],
      [
         7.640136241912842,
         269.97113037109375
      ],
      [
         19.68523597717285,
         5.716808319091797
      ],
      [
         281.2015686035156,
         78.32122802734375
      ]
   ],
   "p2s": [
      [
         302.9208679199219,
         37.51583480834961
      ],
      [
         300.0001220703125,
         83.96147155761719
      ],
      [
         39.47474670410156,
         81.68340301513672
      ],
      [
         17.528690338134766,
         135.71368408203125
      ],
      [
         301.1256408691406,
         68.68336486816406
      ],
      [
         210.1407012939453,
         1.0532625913619995
      ],
      [
         301.1378479003906,
         45.48674774169922
      ],
      [
         13.173192024230957,
         248.48936462402344
      ],
      [
         7.233846187591553,
         253.81809997558594
      ],
      [
         192.0120391845703,
         3.8118484020233154
      ],
      [
         10.168074607849121,
         240.3489227294922
      ],
      [
         23.966596603393555,
         252.99551391601562
      ],
      [
         8.259452819824219,
         80.02613067626953
      ],
      [
         133.2918243408203,
         26.04067611694336
      ],
      [
         106.02348327636719,
         7.943448066711426
      ],
      [
         25.714216232299805,
         274.28851318359375
      ],
      [
         110.79481506347656,
         25.0665225982666
      ],
      [
         14.967667579650879,
         245.52320861816406
      ],
      [
         277.7018127441406,
         16.02056121826172
      ],
      [
         2.688326835632324,
         161.91403198242188
      ],
      [
         98.57975006103516,
         17.459470748901367
      ],
      [
         56.104244232177734,
         8.915746688842773
      ],
      [
         300.00030517578125,
         111.49504852294922
      ],
      [
         111.40931701660156,
         11.598931312561035
      ],
      [
         8.921895027160645,
         253.9937286376953
      ],
      [
         33.9990119934082,
         12.002249717712402
      ],
      [
         300.60992431640625,
         60.67068099975586
      ]
   ],
   "b1s": [
      1,
      1,
      0,
      0,
      1,
      1,
      1,
      0,
      0,
      0,
      0,
      0,
      0,
      0,
      0,
      0,
      0,
      0,
      0,
      0,
      0,
      0,
      1,
      0,
      0,
      0,
      1
   ],
   "b2s": [
      0,
      0,
      1,
      1,
      0,
      0,
      0,
      1,
      0,
      0,
      1,
      1,
      0,
      1,
      0,
      1,
      1,
      1,
      1,
      0,
      1,
      0,
      0,
      1,
      0,
      1,
      0
   ]
}