{
   "angles": [
      0.5569323734915503,
      1.4737677111126624,
      1.108795885164646,
      1.017908141098037,
      0.5394923062673591,
      0.9375961289909384,
      0.5288953702499224,
      1.3421024426693569,
      1.0139848593666003,
      0.3817368697328251,
      1.0628325501731481,
      -0.9779399890121815,
      0.6779943081762952,
      -1.1702451235391267,
      -1.4870757237671792,
      1.2671368037730442,
      -1.2724031077298366,
      -1.2206896840401527,
      -0.4714505761924214,
      1.2707105612114407,
      0.5965241199375412,
      -1.2584754487314234,
      1.329714381298461,
      -1.195691282498406,
      1.4256701151701345,
      -0.7993653339538416,
      1.5076504377401339,
      1.3529329292719994,
      -1.1694170438693903,
      0.4941460370590486,
      -1.0156772595647465
   ],
   "dists": [
      85.31724690531485,
      258.5357144503783,
      256.40251834452675,
      267.79211852945093,
      96.71417144483365,
      96.39675465607372,
      259.09913095812493,
      19.590281075462876,
      143.57197376520256,
      82.43364126048361,
      240.27176416719152,
      -140.06302109457914,
      119.63069153244022,
      -126.35761769734623,
      -227.13345544698348,
      340.0680472665615,
      -13.105385163370642,
      -1.0375483248539576,
      115.0641839454377,
      192.14617375686856,
      289.3266642575925,
      1.470665980761587,
      23.58873232034088,
      -7.307127659306169,
      289.6362233642988,
      153.19728153955344,
      6.352227925564062,
      16.424506368598532,
      -128.6647310263413,
      90.77911588694792,
      -2.0757751430945635
   ],
   "p1s": [
      [
         49.93901824951172,
         81.2073974609375
      ],
      [
         0.9672355651855469,
         259.6633605957031
      ],
      [
         0.9733763933181763,
         285.946533203125
      ],
      [
         21.04281997680664,
         301.6899108886719
      ],
      [
         70.1574935913086,
         71.09429931640625
      ],
      [
         1.4028130769729614,
         118.54877471923828
      ],
      [
         124.32202911376953,
         300.77264404296875
      ],
      [
         34.04414749145508,
         12.18966007232666
      ],
      [
         241.76185607910156,
         18.61745262145996
      ],
      [
         5.769130229949951,
         206.90731811523438
      ],
      [
         -0.5143718719482422,
         275.2796630859375
      ],
      [
         0.27852532267570496,
         169.07090759277344
      ],
      [
         0.2605077922344208,
         190.40444946289062
      ],
      [
         0.7693132758140564,
         137.54478454589844
      ],
      [
         0.9153610467910767,
         228.00860595703125
      ],
      [
         266.91668701171875,
         272.7341003417969
      ],
      [
         267.32757568359375,
         95.93498992919922
      ],
      [
         1.7310179471969604,
         1.7366349697113037
      ],
      [
         129.52645874023438,
         0.7316184043884277
      ],
      [
         290.7431640625,
         111.16992950439453
      ],
      [
         145.6933135986328,
         300.4707946777344
      ],
      [
         7.988982677459717,
         1.0341209173202515
      ],
      [
         34.21604919433594,
         15.878743171691895
      ],
      [
         -0.10686125606298447,
         7.811088562011719
      ],
      [
         0.794967770576477,
         292.5971374511719
      ],
      [
         227.4718780517578,
         7.514758586883545
      ],
      [
         41.981689453125,
         3.7104132175445557
      ],
      [
         38.08648681640625,
         8.3906831741333
      ],
      [
         2.1358144283294678,
         140.67999267578125
      ],
      [
         91.84577941894531,
         20.916915893554688
      ],
      [
         0.07609978318214417,
         2.4897496700286865
      ]
   ],
   "p2s": [
      [
         99.9156265258789,
         0.9474616050720215
      ],
      [
         16.11572265625,
         258.18890380859375
      ],
      [
         22.589130401611328,
         275.1831359863281
      ],
      [
         51.9848747253418,
         282.59600830078125
      ],
      [
         112.88422393798828,
         -0.2667995095252991
      ],
      [
         47.8189582824707,
         84.4780502319336
      ],
      [
         141.17623901367188,
         271.93414306640625
      ],
      [
         74.41716003417969,
         2.792203426361084
      ],
      [
         271.45880126953125,
         0.13062231242656708
      ],
      [
         18.429309844970703,
         175.36947631835938
      ],
      [
         24.26893424987793,
         261.48309326171875
      ],
      [
         9.712567329406738,
         175.4266357421875
      ],
      [
         11.427255630493164,
         176.5387420654297
      ],
      [
         34.00801086425781,
         151.61949157714844
      ],
      [
         25.247514724731445,
         230.0504913330078
      ],
      [
         300.3901672363281,
         262.24517822265625
      ],
      [
         300.0044250488281,
         105.98563385009766
      ],
      [
         29.33659553527832,
         11.816803932189941
      ],
      [
         137.45245361328125,
         16.279132843017578
      ],
      [
         300.3686828613281,
         108.19151306152344
      ],
      [
         156.9163360595703,
         283.94317626953125
      ],
      [
         33.58104705810547,
         9.29751205444336
      ],
      [
         73.31141662597656,
         6.2666192054748535
      ],
      [
         24.080646514892578,
         17.33487892150879
      ],
      [
         16.05364418029785,
         290.3670349121094
      ],
      [
         237.6095733642578,
         17.373157501220703
      ],
      [
         56.05189514160156,
         2.8207647800445557
      ],
      [
         67.20890045166016,
         1.9436591863632202
      ],
      [
         19.058443069458008,
         147.8623046875
      ],
      [
         102.89595794677734,
         0.4052235782146454
      ],
      [
         15.836381912231445,
         12.263826370239258
      ]
   ],
   "b1s": [
      1,
      0,
      0,
      0,
      1,
      0,
      0,
      1,
      1,
      0,
      0,
      0,
      0,
      0,
      0,
      1,
      1,
      0,
      0,
      1,
      0,
      0,
      1,
      0,
      0,
      0,
      0,
      0,
      0,
      1,
      0
   ],
   "b2s": [
      0,
      1,
      1,
      1,
      0,
      1,
      1,
      0,
      0,
      1,
      1,
      0,
      1,
      1,
      1,
      0,
      0,
      1,
      1,
      0,
      1,
      0,
      0,
      1,
      1,
      1,
      0,
      0,
      1,
      0,
      1
   ]
}