{
   "angles": [
      -0.2306035940246454,
      1.4061980016160873,
      1.3728912456309768,
      -0.8435225205748521,
      0.056816738464303206,
      1.4657502984458226,
      -1.4380785408822432,
      -1.405421106090963,
      -0.21523114733406543,
      -0.9928922937235514,
      1.5584611313768777,
      -1.42712570943017,
      -1.272243238036887
   ],
   "dists": [
      37.66391941230565,
      207.56463378697129,
      221.655437139648,
      -86.15398054000364,
      136.7508534142735,
      167.8233904217057,
      -43.67028012018743,
      -157.03925121681198,
      27.782081433827937,
      -55.74551657504922,
      95.92931055589897,
      -34.16536313277877,
      -50.45455721914684
   ],
   "p1s": [
      [
         39.031341552734375,
         1.462201476097107
      ],
      [
         0.7158941626548767,
         210.28955078125
      ],
      [
         0.7817001342773438,
         225.91139221191406
      ],
      [
         -0.10495558381080627,
         115.24149322509766
      ],
      [
         124.794189453125,
         214.10205078125
      ],
      [
         0.9633123874664307,
         168.65203857421875
      ],
      [
         0.9749171137809753,
         44.18788146972656
      ],
      [
         0.6138163208961487,
         159.31387329101562
      ],
      [
         28.58127784729004,
         0.6543053388595581
      ],
      [
         0.44850730895996094,
         66.84561920166016
      ],
      [
         6.985820293426514,
         95.85043334960938
      ],
      [
         0.9056691527366638,
         34.65205001831055
      ],
      [
         0.6914446353912354,
         53.00260925292969
      ]
   ],
   "p2s": [
      [
         82.56100463867188,
         186.8682861328125
      ],
      [
         91.04740142822266,
         195.285400390625
      ],
      [
         93.65653228759766,
         207.28721618652344
      ],
      [
         41.64453887939453,
         152.39938354492188
      ],
      [
         136.92172241210938,
         0.8817917704582214
      ],
      [
         24.336097717285156,
         166.18775939941406
      ],
      [
         25.210479736328125,
         47.42340087890625
      ],
      [
         16.992090225219727,
         162.0474090576172
      ],
      [
         36.920326232910156,
         38.79880142211914
      ],
      [
         11.826472282409668,
         74.26607513427734
      ],
      [
         19.97150993347168,
         95.69025421142578
      ],
      [
         33.099891662597656,
         39.309513092041016
      ],
      [
         12.426512718200684,
         56.614105224609375
      ]
   ],
   "b1s": [
      0,
      0,
      0,
      0,
      1,
      0,
      0,
      0,
      0,
      0,
      0,
      0,
      0
   ],
   "b2s": [
      1,
      1,
      1,
      1,
      0,
      1,
      1,
      1,
      1,
      1,
      1,
      1,
      1
   ]
}