{
   "angles": [
      -0.22407829590302952,
      -0.23671587253562726,
      -0.2532789869120698,
      0.06541388293804593,
      0.08348763240956744,
      -0.2297417065519603
   ],
   "dists": [
      -28.211258466088847,
      -22.07986766934568,
      -44.06846172392337,
      153.5146276314286,
      162.78497564189001,
      -20.174339617541605
   ],
   "p1s": [
      [
         -1.6749398708343506,
         119.60963439941406
      ],
      [
         38.58548355102539,
         254.09999084472656
      ],
      [
         -0.8750602006912231,
         172.48533630371094
      ],
      [
         151.6790008544922,
         33.04447937011719
      ],
      [
         138.24061584472656,
         300.10382080078125
      ],
      [
         1.9684845209121704,
         97.00736999511719
      ]
   ],
   "p2s": [
      [
         39.51420593261719,
         300.338623046875
      ],
      [
         48.427276611328125,
         294.89691162109375
      ],
      [
         21.54844093322754,
         259.11688232421875
      ],
      [
         153.7833709716797,
         0.9203017950057983
      ],
      [
         139.25868225097656,
         287.9379577636719
      ],
      [
         10.3660888671875,
         132.9143829345703
      ]
   ],
   "b1s": [
      0,
      1,
      0,
      1,
      0,
      0
   ],
   "b2s": [
      0,
      0,
      1,
      0,
      1,
      1
   ]
}