{
   "angles": [
      0.5340162800620599,
      0.28564121401432385,
      1.5174235654570398,
      1.5427588109019297,
      0.5304167926850647,
      -0.19147440338855198,
      0.008667407797972896,
      -0.24874984731617394,
      -0.23526564813791423,
      0.12371694350879003,
      0.12766940354101314,
      0.1541560710985989,
      -0.161704103414608,
      0.21014567894293212,
      1.5054749168134203,
      0.014690362095277767,
      -1.3657853775805548,
      -1.2846416137963659,
      0.024923193394476146,
      0.08108622583771415,
      -0.05502033718864967,
      0.0985541617084842,
      0.034173431012844424,
      0.7459965283278027,
      -0.022223679625235405
   ],
   "dists": [
      39.90559002849615,
      111.10363893597275,
      117.71783871754924,
      81.88178529485874,
      210.89338044862237,
      170.55574688364234,
      29.139616447676516,
      252.6370439909534,
      263.2661296060785,
      206.8953460978881,
      211.44007678985463,
      215.3104560867596,
      186.81194877146845,
      113.80494312728504,
      108.60735229436033,
      72.19944098978354,
      -200.00304682227724,
      -168.91916492865818,
      52.26185241290093,
      196.8189861862374,
      90.19954999069151,
      232.8187343015875,
      251.44821077772656,
      40.87839456869236,
      26.258182836191015
   ],
   "p1s": [
      [
         2.18719482421875,
         74.70201873779297
      ],
      [
         95.2517318725586,
         69.95494079589844
      ],
      [
         4.92641019821167,
         117.62252044677734
      ],
      [
         0.9407582879066467,
         81.8875961303711
      ],
      [
         67.89266204833984,
         301.1100158691406
      ],
      [
         208.48660278320312,
         179.29336547851562
      ],
      [
         28.94987678527832,
         22.01690101623535
      ],
      [
         260.79791259765625,
         0.5433086156845093
      ],
      [
         270.9112548828125,
         0.7815685868263245
      ],
      [
         199.1599884033203,
         75.0198974609375
      ],
      [
         204.3287353515625,
         68.91383361816406
      ],
      [
         214.9669189453125,
         18.8394718170166
      ],
      [
         211.63943481445312,
         137.05882263183594
      ],
      [
         101.8968734741211,
         67.83118438720703
      ],
      [
         0.9201475381851196,
         108.77928161621094
      ],
      [
         71.69245147705078,
         35.039554595947266
      ],
      [
         266.8407897949219,
         259.7657470703125
      ],
      [
         270.7791748046875,
         255.75050354003906
      ],
      [
         51.70305633544922,
         23.0673828125
      ],
      [
         194.94894409179688,
         30.995851516723633
      ],
      [
         90.38409423828125,
         0.868693470954895
      ],
      [
         231.27195739746094,
         27.125764846801758
      ],
      [
         250.77488708496094,
         23.992305755615234
      ],
      [
         1.073769450187683,
         59.068172454833984
      ],
      [
         26.353897094726562,
         4.014361381530762
      ]
   ],
   "p2s": [
      [
         32.04486846923828,
         24.20918083190918
      ],
      [
         113.17255401611328,
         8.931689262390137
      ],
      [
         80.97647857666016,
         113.5596694946289
      ],
      [
         37.96772766113281,
         80.84918975830078
      ],
      [
         150.99583435058594,
         159.4110870361328
      ],
      [
         231.96206665039062,
         300.3950500488281
      ],
      [
         29.132108688354492,
         0.9924773573875427
      ],
      [
         289.7577209472656,
         114.55352020263672
      ],
      [
         300.4229736328125,
         123.89861297607422
      ],
      [
         208.3741912841797,
         0.9221794009208679
      ],
      [
         213.07833862304688,
         0.7533208727836609
      ],
      [
         217.76870727539062,
         0.8086705803871155
      ],
      [
         238.2659149169922,
         300.2828674316406
      ],
      [
         116.01447296142578,
         1.6429718732833862
      ],
      [
         77.05227661132812,
         103.79914855957031
      ],
      [
         72.1922836303711,
         1.0175166130065918
      ],
      [
         291.0420227050781,
         264.7979736328125
      ],
      [
         291.35198974609375,
         261.80364990234375
      ],
      [
         52.253623962402344,
         0.9813939929008484
      ],
      [
         197.39712524414062,
         0.8697433471679688
      ],
      [
         91.54021453857422,
         21.860095977783203
      ],
      [
         233.17111206054688,
         7.91804313659668
      ],
      [
         251.55909729003906,
         1.053299069404602
      ],
      [
         15.03725528717041,
         43.95857620239258
      ],
      [
         26.73157501220703,
         21.005966186523438
      ]
   ],
   "b1s": [
      0,
      1,
      0,
      0,
      0,
      1,
      1,
      0,
      0,
      1,
      1,
      1,
      1,
      1,
      0,
      1,
      1,
      1,
      1,
      1,
      0,
      1,
      1,
      0,
      0
   ],
   "b2s": [
      1,
      0,
      1,
      1,
      1,
      0,
      0,
      1,
      0,
      0,
      0,
      0,
      0,
      0,
      1,
      0,
      0,
      0,
      0,
      0,
      1,
      0,
      0,
      1,
      1
   ]
}