{
   "angles": [
      1.5491408941561977,
      0.20271477838923996,
      0.20131373482152765,
      0.22582192465975398,
      -0.029167727134108663,
      -1.553694304701056,
      -0.027352093883049697,
      1.5384365951925758,
      -0.06607966183119504,
      -1.2536776659781976,
      0.24969602382218506,
      1.397935342009382,
      -1.5669917029662788,
      -1.1257524942840171
   ],
   "dists": [
      284.25801815041757,
      292.8110766012049,
      265.2626381923965,
      282.093197948631,
      112.22529338820644,
      -144.7321567457476,
      104.95957916350028,
      276.95924651742615,
      121.02161352257579,
      -72.67410962962225,
      299.2050654847611,
      234.35654989866853,
      -253.80639117455846,
      -207.5092606413803
   ],
   "p1s": [
      [
         131.92349243164062,
         281.4673767089844
      ],
      [
         269.558837890625,
         142.90931701660156
      ],
      [
         237.64268493652344,
         162.1311492919922
      ],
      [
         254.4953155517578,
         152.11378479003906
      ],
      [
         112.30111694335938,
         0.9620385766029358
      ],
      [
         277.0086975097656,
         149.49119567871094
      ],
      [
         105.02320098876953,
         0.8899295330047607
      ],
      [
         225.96083068847656,
         269.78973388671875
      ],
      [
         121.34659576416016,
         0.9108877182006836
      ],
      [
         271.4655456542969,
         165.58151245117188
      ],
      [
         288.1170349121094,
         81.02983856201172
      ],
      [
         280.6337585449219,
         188.9024200439453
      ],
      [
         271.9967956542969,
         254.84307861328125
      ],
      [
         114.28099060058594,
         284.410888671875
      ]
   ],
   "p2s": [
      [
         300.0179138183594,
         277.82666015625
      ],
      [
         298.7376708984375,
         0.9460821747779846
      ],
      [
         270.5849609375,
         0.711220920085907
      ],
      [
         289.25177001953125,
         0.8280956149101257
      ],
      [
         120.47195434570312,
         281.0154113769531
      ],
      [
         300.0019836425781,
         149.8844757080078
      ],
      [
         112.76970672607422,
         284.0336608886719
      ],
      [
         300.0126953125,
         267.3926086425781
      ],
      [
         124.2630844116211,
         44.98258972167969
      ],
      [
         297.9140930175781,
         174.2617950439453
      ],
      [
         293.51177978515625,
         59.875492095947266
      ],
      [
         300.0882873535156,
         185.50559997558594
      ],
      [
         300.0039978027344,
         254.94964599609375
      ],
      [
         131.2764434814453,
         292.5169982910156
      ]
   ],
   "b1s": [
      1,
      1,
      1,
      1,
      0,
      1,
      0,
      1,
      0,
      1,
      1,
      1,
      1,
      1
   ],
   "b2s": [
      0,
      0,
      0,
      0,
      1,
      0,
      1,
      0,
      1,
      0,
      0,
      0,
      0,
      0
   ]
}