{
   "angles": [
      0.7875749509519289,
      0.47383940642517713,
      1.1384940676210977,
      0.4744954109316049,
      -0.8889545547355807,
      -0.9674537116833001,
      0.47923549387615555,
      -0.987525856813591,
      -1.4660759803543841,
      -0.7936954782333336,
      -1.3675707945955367,
      -1.4124186142735917,
      0.789883145832063,
      0.7964782999922456,
      -0.439712840187578,
      1.1042444480914981,
      0.2626060354816499,
      1.2221186549335288,
      -1.3653158679291038,
      1.0662381785628883,
      -0.5408543313003464,
      -0.547121184521329,
      -1.3538194653071862,
      1.0785204839294558,
      1.1392236641633346,
      1.0587915667056886,
      -0.7427520802736232,
      -0.9343891653445099,
      -1.3925869913996392,
      1.035022714777374,
      -1.329128957692045
   ],
   "dists": [
      189.26042493580155,
      226.723881646599,
      183.49016718643125,
      210.30992481340576,
      101.61183271774516,
      50.97725749995263,
      220.27997881435672,
      78.81696211179029,
      -153.26844462546612,
      -201.35045531996752,
      -180.26189410045893,
      -177.85823908142407,
      161.14751259815475,
      170.2690722132926,
      -53.74874141953856,
      176.01549732372663,
      19.123714438102603,
      16.401213527861778,
      -194.49255222073023,
      394.89392204923297,
      -19.496836449325215,
      -41.733854980611355,
      -196.0158368957533,
      181.2202683101154,
      18.317517207624554,
      375.0349434866559,
      -195.01065736091937,
      -221.01672445658784,
      -183.29857749359502,
      390.8989660422865,
      -174.1788066681547
   ],
   "p1s": [
      [
         229.0321807861328,
         39.03669357299805
      ],
      [
         100.3397216796875,
         301.1998291015625
      ],
      [
         -0.6664360165596008,
         202.3883819580078
      ],
      [
         82.68623352050781,
         299.3251953125
      ],
      [
         165.1980743408203,
         3.219895601272583
      ],
      [
         232.91067504882812,
         98.58090209960938
      ],
      [
         91.6405258178711,
         301.37213134765625
      ],
      [
         142.79539489746094,
         -0.20541399717330933
      ],
      [
         0.8734008073806763,
         154.20449829101562
      ],
      [
         -0.7010195255279541,
         281.7294921875
      ],
      [
         71.37116241455078,
         198.75698852539062
      ],
      [
         98.85604858398438,
         195.90127563476562
      ],
      [
         3.954219341278076,
         222.9628143310547
      ],
      [
         4.641144752502441,
         233.6331024169922
      ],
      [
         75.86530303955078,
         287.5337829589844
      ],
      [
         8.019781112670898,
         193.03927612304688
      ],
      [
         16.103965759277344,
         13.759133338928223
      ],
      [
         20.299110412597656,
         10.071992874145508
      ],
      [
         130.04656982421875,
         225.77658081054688
      ],
      [
         271.6141662597656,
         301.1121520996094
      ],
      [
         135.59764099121094,
         263.6410827636719
      ],
      [
         120.3477783203125,
         277.78814697265625
      ],
      [
         133.52442932128906,
         230.15731811523438
      ],
      [
         7.728135585784912,
         201.4930877685547
      ],
      [
         0.8883293867111206,
         19.75751495361328
      ],
      [
         230.40309143066406,
         300.7172546386719
      ],
      [
         -0.21104715764522552,
         288.1119384765625
      ],
      [
         2.9844086170196533,
         277.0210876464844
      ],
      [
         277.7694091796875,
         236.28012084960938
      ],
      [
         275.8855895996094,
         290.8072814941406
      ],
      [
         283.9085693359375,
         249.37098693847656
      ]
   ],
   "p2s": [
      [
         267.1169128417969,
         1.117415189743042
      ],
      [
         115.2482681274414,
         272.1273193359375
      ],
      [
         37.06694793701172,
         184.97781372070312
      ],
      [
         93.71482849121094,
         277.853515625
      ],
      [
         211.03231811523438,
         40.42411422729492
      ],
      [
         299.6219482421875,
         144.5486602783203
      ],
      [
         121.53743743896484,
         243.83819580078125
      ],
      [
         181.4720916748047,
         25.315523147583008
      ],
      [
         27.00514030456543,
         156.95108032226562
      ],
      [
         16.93878173828125,
         299.0789794921875
      ],
      [
         300.2232666015625,
         245.9166259765625
      ],
      [
         300.3072814941406,
         228.07614135742188
      ],
      [
         19.530181884765625,
         207.5259552001953
      ],
      [
         32.470455169677734,
         206.4137725830078
      ],
      [
         81.77874755859375,
         300.1040954589844
      ],
      [
         20.403995513916016,
         186.80215454101562
      ],
      [
         19.632610321044922,
         0.6324262619018555
      ],
      [
         50.329322814941406,
         -0.8449012637138367
      ],
      [
         299.7605895996094,
         261.14874267578125
      ],
      [
         301.03106689453125,
         284.8670959472656
      ],
      [
         158.11459350585938,
         301.13238525390625
      ],
      [
         134.45240783691406,
         300.9427185058594
      ],
      [
         297.37945556640625,
         266.2787170410156
      ],
      [
         22.349409103393555,
         193.6514892578125
      ],
      [
         15.543386459350586,
         13.008492469787598
      ],
      [
         268.5840148925781,
         279.25982666015625
      ],
      [
         10.839372634887695,
         300.1474914550781
      ],
      [
         26.632917404174805,
         294.4967346191406
      ],
      [
         293.9644775390625,
         239.1971893310547
      ],
      [
         292.1054382324219,
         281.1775817871094
      ],
      [
         300.15399169921875,
         253.375244140625
      ]
   ],
   "b1s": [
      1,
      0,
      0,
      0,
      0,
      1,
      0,
      0,
      0,
      0,
      1,
      1,
      0,
      0,
      1,
      0,
      1,
      1,
      1,
      0,
      1,
      1,
      1,
      0,
      0,
      0,
      0,
      0,
      1,
      1,
      1
   ],
   "b2s": [
      0,
      1,
      1,
      1,
      1,
      0,
      1,
      1,
      1,
      0,
      0,
      0,
      1,
      1,
      0,
      1,
      0,
      0,
      0,
      0,
      0,
      0,
      0,
      1,
      1,
      1,
      0,
      0,
      0,
      0,
      0
   ]
}