{
   "angles": [
      1.4904728014069968,
      -1.5702741601740706,
      1.3162621626800188,
      -1.5478361722075933,
      1.4904593412183238,
      -1.5136576203865002,
      -1.5209587681260752,
      -1.5523243475268094,
      1.5351583888529257,
      0.2726843993258403,
      -1.5687680290767638,
      1.550351283788997,
      -1.5220397026822943,
      1.5670884565452698,
      1.4391258776192495
   ],
   "dists": [
      146.95962723200572,
      -178.64197558911187,
      214.21722356197822,
      -188.39177224901096,
      160.18428002297125,
      -173.374089368886,
      -148.62356234375176,
      -163.02257483684096,
      273.89104877845193,
      15.678149093367086,
      -255.8952456481098,
      167.38570537538723,
      -167.3754853244098,
      281.5661124261724,
      239.87507257606023
   ],
   "p1s": [
      [
         0.7084382772445679,
         147.37796020507812
      ],
      [
         149.00015258789062,
         178.7198028564453
      ],
      [
         242.7869873046875,
         158.18125915527344
      ],
      [
         0.8975326418876648,
         188.46205139160156
      ],
      [
         1.2097444534301758,
         160.60519409179688
      ],
      [
         0.8452227711677551,
         173.70584106445312
      ],
      [
         241.95626831054688,
         160.8768310546875
      ],
      [
         1.0171961784362793,
         163.06918334960938
      ],
      [
         277.9698486328125,
         264.15460205078125
      ],
      [
         0.1281263828277588,
         57.75617980957031
      ],
      [
         0.9981787204742432,
         255.89779663085938
      ],
      [
         2.986905574798584,
         167.359619140625
      ],
      [
         267.0193176269531,
         180.60391235351562
      ],
      [
         5.998316287994385,
         281.5458068847656
      ],
      [
         7.8581438064575195,
         240.92886352539062
      ]
   ],
   "p2s": [
      [
         300.0228576660156,
         123.28414154052734
      ],
      [
         300.0006408691406,
         178.7986602783203
      ],
      [
         300.31573486328125,
         143.21359252929688
      ],
      [
         266.9409484863281,
         194.571533203125
      ],
      [
         298.29681396484375,
         136.6866455078125
      ],
      [
         141.07281494140625,
         181.7270050048828
      ],
      [
         293.0784606933594,
         163.4267578125
      ],
      [
         119.05081176757812,
         165.249755859375
      ],
      [
         300.04876708984375,
         263.367431640625
      ],
      [
         16.14507484436035,
         0.4812696874141693
      ],
      [
         75.00395965576172,
         256.04791259765625
      ],
      [
         32.015663146972656,
         166.76605224609375
      ],
      [
         295.950439453125,
         182.015625
      ],
      [
         51.00511169433594,
         281.3789367675781
      ],
      [
         22.007286071777344,
         239.0550079345703
      ]
   ],
   "b1s": [
      0,
      1,
      1,
      0,
      0,
      0,
      1,
      0,
      1,
      0,
      0,
      0,
      1,
      0,
      0
   ],
   "b2s": [
      0,
      0,
      0,
      1,
      0,
      1,
      0,
      1,
      0,
      0,
      1,
      1,
      0,
      1,
      1
   ]
}