{
   "angles": [
      0.40264503889525455,
      -1.5199782788440421,
      -1.4820857106422245,
      -0.11663197234713095,
      -1.5359839623069211,
      0.18336890010237247,
      0.49399631143685846,
      -1.2508233906467794,
      -0.5046048589308537,
      -1.1378595595536678,
      -0.2945099806824405,
      -1.218464146608808,
      1.5597169989490396,
      -1.4587708226651313,
      -1.0988242965542134,
      -0.9295360318750829,
      1.4899113867354483,
      -0.4116758286644648,
      -0.5959837099909188,
      -0.30332554210814683,
      -1.4844772235888934,
      -1.2389262752738328,
      -1.2407651645691395
   ],
   "dists": [
      279.8438687726179,
      -139.69287454256735,
      -211.13887014323993,
      105.79966437258068,
      -287.21544141340297,
      337.9494980782916,
      358.57211425689997,
      -88.0407238826593,
      116.8402640483591,
      -175.1948431168677,
      205.7812601798148,
      -115.9341770115862,
      189.10315310857783,
      -264.7049089144853,
      -245.7360937540595,
      -189.72693419167817,
      290.02233298026175,
      160.00959537717029,
      74.3727907834307,
      194.27474378209405,
      -216.23357787056392,
      -94.97041997613104,
      -90.27777511722512
   ],
   "p1s": [
      [
         293.7481689453125,
         24.466821670532227
      ],
      [
         213.86009216308594,
         150.75076293945312
      ],
      [
         0.9945870041847229,
         212.06085205078125
      ],
      [
         134.90573120117188,
         242.24537658691406
      ],
      [
         0.9504509568214417,
         287.42266845703125
      ],
      [
         296.0489501953125,
         257.00909423828125
      ],
      [
         281.60797119140625,
         233.32740783691406
      ],
      [
         0.379074364900589,
         92.87387084960938
      ],
      [
         283.8149108886719,
         272.2068176269531
      ],
      [
         1.2041950225830078,
         193.55819702148438
      ],
      [
         294.7472229003906,
         262.7733459472656
      ],
      [
         0.7118172645568848,
         123.78379821777344
      ],
      [
         0.9900707602500916,
         189.10379028320312
      ],
      [
         1.0569754838943481,
         266.4935302734375
      ],
      [
         25.137502670288086,
         288.7306213378906
      ],
      [
         49.958492279052734,
         274.05560302734375
      ],
      [
         0.9108174443244934,
         290.8998107910156
      ],
      [
         290.36773681640625,
         265.1493225097656
      ],
      [
         284.6751403808594,
         287.2203369140625
      ],
      [
         287.40765380859375,
         267.8724060058594
      ],
      [
         0.9030969738960266,
         217.11981201171875
      ],
      [
         0.754740297794342,
         100.71168518066406
      ],
      [
         0.7638199925422668,
         95.689453125
      ]
   ],
   "p2s": [
      [
         299.5631408691406,
         10.813924789428711
      ],
      [
         300.0440368652344,
         155.13424682617188
      ],
      [
         88.10594177246094,
         219.80889892578125
      ],
      [
         141.70399475097656,
         300.2690124511719
      ],
      [
         19.033000946044922,
         288.05242919921875
      ],
      [
         299.7676696777344,
         236.95692443847656
      ],
      [
         300.07318115234375,
         199.03939819335938
      ],
      [
         82.62644958496094,
         120.1273193359375
      ],
      [
         299.36016845703125,
         300.3533935546875
      ],
      [
         32.84109878540039,
         208.18016052246094
      ],
      [
         300.252685546875,
         280.9233703613281
      ],
      [
         59.48744201660156,
         145.39405822753906
      ],
      [
         17.010263442993164,
         188.92630004882812
      ],
      [
         50.111148834228516,
         272.011962890625
      ],
      [
         47.04440689086914,
         299.9129943847656
      ],
      [
         72.87718200683594,
         291.1645202636719
      ],
      [
         14.980489730834961,
         289.7593078613281
      ],
      [
         298.45611572265625,
         283.6741027832031
      ],
      [
         293.8651123046875,
         300.7697448730469
      ],
      [
         292.4147033691406,
         283.8702087402344
      ],
      [
         20.01955223083496,
         218.7740478515625
      ],
      [
         37.83150863647461,
         113.48892974853516
      ],
      [
         13.931434631347656,
         100.20015716552734
      ]
   ],
   "b1s": [
      0,
      1,
      0,
      1,
      0,
      0,
      1,
      0,
      1,
      0,
      0,
      0,
      0,
      0,
      1,
      1,
      0,
      1,
      1,
      1,
      0,
      0,
      0
   ],
   "b2s": [
      0,
      0,
      1,
      0,
      1,
      0,
      0,
      1,
      0,
      1,
      0,
      1,
      1,
      1,
      0,
      0,
      1,
      0,
      0,
      0,
      1,
      1,
      1
   ]
}