{
   "angles": [
      -0.7302224632357391,
      -0.7902059403943978,
      -1.4554586910438299,
      1.3951231573740097,
      0.18054906851632185,
      -0.026847207748422138,
      -0.013413746655131287,
      0.17629906840004622,
      1.3655528132642825,
      0.1539198152500999,
      0.1632713660189224,
      0.1523368768841924,
      1.523334494081129,
      -0.4106819097754145,
      -0.07655402790136957
   ],
   "dists": [
      80.0308418855477,
      80.71901550939904,
      14.034105700389278,
      53.80539903109468,
      319.89872110178277,
      103.98138550139602,
      100.22840570069927,
      334.5349519940375,
      52.10785868425056,
      326.2238678224802,
      328.4367838210864,
      330.4361402104682,
      11.733052058921547,
      221.25820899652518,
      97.06773465161534
   ],
   "p1s": [
      [
         106.3953857421875,
         -1.1446319818496704
      ],
      [
         117.87396240234375,
         3.136918783187866
      ],
      [
         240.909423828125,
         13.781820297241211
      ],
      [
         276.7381286621094,
         5.524632453918457
      ],
      [
         270.3775634765625,
         300.25146484375
      ],
      [
         104.04280853271484,
         0.8914356231689453
      ],
      [
         100.24989318847656,
         0.9295751452445984
      ],
      [
         295.8055114746094,
         246.96534729003906
      ],
      [
         200.1177215576172,
         11.565496444702148
      ],
      [
         291.156982421875,
         251.17950439453125
      ],
      [
         283.4305725097656,
         300.0709228515625
      ],
      [
         288.197998046875,
         300.33746337890625
      ],
      [
         189.93942260742188,
         2.7246313095092773
      ],
      [
         287.0387268066406,
         104.9831314086914
      ],
      [
         118.44383239746094,
         274.9659423828125
      ]
   ],
   "p2s": [
      [
         285.48272705078125,
         198.8818359375
      ],
      [
         144.50799560546875,
         29.516084671020508
      ],
      [
         299.9282531738281,
         20.6192684173584
      ],
      [
         290.9988098144531,
         2.9933300018310547
      ],
      [
         278.1193542480469,
         257.8392639160156
      ],
      [
         112.07635498046875,
         300.0516662597656
      ],
      [
         104.2617416381836,
         299.9964904785156
      ],
      [
         299.5545959472656,
         225.920654296875
      ],
      [
         257.7038879394531,
         -0.42248600721359253
      ],
      [
         300.1790466308594,
         193.0277862548828
      ],
      [
         290.1913146972656,
         259.0315246582031
      ],
      [
         295.35089111328125,
         253.74681091308594
      ],
      [
         221.01181030273438,
         1.2487804889678955
      ],
      [
         295.63458251953125,
         124.72366333007812
      ],
      [
         120.37361145019531,
         300.124755859375
      ]
   ],
   "b1s": [
      0,
      0,
      1,
      0,
      0,
      0,
      0,
      0,
      1,
      0,
      0,
      0,
      0,
      1,
      1
   ],
   "b2s": [
      1,
      1,
      0,
      0,
      1,
      0,
      0,
      0,
      0,
      0,
      1,
      0,
      0,
      0,
      0
   ]
}