{
   "angles": [
      -1.5265427256943889,
      0.1623645067936907,
      0.2844650373671646,
      -1.4768491746329535,
      0.1355830008181997,
      -1.4690256364714005,
      -1.2145629923581278,
      -1.342010221372595,
      -1.2458993791121002,
      0.04966267885410537,
      1.1204839659216237,
      0.9262097418127107,
      -1.1414956573976776,
      -1.0273093249886958,
      -0.3233588948628191,
      0.3040516202876429,
      -0.48986476874209645,
      -0.39612813667837016,
      0.9325980247763167,
      0.2249184965222556,
      -0.1586525176521303,
      -1.1840061909311546,
      -0.9962972975818787,
      -0.34702778512020577,
      0.14967853584498136,
      0.10700072497181332,
      0.20556402972391782,
      0.11287825842711893,
      0.14506698850733418
   ],
   "dists": [
      -201.98247674840638,
      96.81558709438067,
      156.25057814905313,
      -184.7306565380474,
      136.29268733895287,
      -175.78432558071185,
      17.520359304053724,
      -1.698047075077434,
      -20.75604428253945,
      297.10602143148014,
      22.789782020458308,
      43.416852049531066,
      -27.178713865396162,
      8.49057887510321,
      65.97653135110878,
      148.1784929506505,
      16.586108705251718,
      31.697317413346454,
      409.5979958726932,
      108.79690035263313,
      81.44871499132009,
      -66.41836012752549,
      -59.16884230311078,
      66.81885451188741,
      100.18786856469208,
      131.85404385551095,
      137.19119890071872,
      310.84483045758196,
      135.3840388810425
   ],
   "p1s": [
      [
         149.1865692138672,
         208.78677368164062
      ],
      [
         48.86036682128906,
         300.6323547363281
      ],
      [
         75.37104797363281,
         298.9856872558594
      ],
      [
         119.63988494873047,
         196.8218994140625
      ],
      [
         96.61759185791016,
         300.0842590332031
      ],
      [
         250.9664764404297,
         202.3281707763672
      ],
      [
         128.8993377685547,
         29.270526885986328
      ],
      [
         33.63314437866211,
         9.57540225982666
      ],
      [
         260.75335693359375,
         109.73220825195312
      ],
      [
         289.86846923828125,
         152.9934539794922
      ],
      [
         24.27847671508789,
         13.576031684875488
      ],
      [
         54.506229400634766,
         13.343122482299805
      ],
      [
         288.55035400390625,
         161.9822235107422
      ],
      [
         289.13812255859375,
         164.77139282226562
      ],
      [
         72.63935852050781,
         9.120857238769531
      ],
      [
         61.152618408203125,
         300.0478820800781
      ],
      [
         122.3532943725586,
         194.21197509765625
      ],
      [
         128.95558166503906,
         226.18209838867188
      ],
      [
         283.67474365234375,
         299.5615234375
      ],
      [
         42.9228630065918,
         300.2111511230469
      ],
      [
         113.69197082519531,
         195.04928588867188
      ],
      [
         282.4970703125,
         186.77964782714844
      ],
      [
         275.9323425292969,
         249.10450744628906
      ],
      [
         164.32177734375,
         257.8836364746094
      ],
      [
         56.010337829589844,
         300.4539794921875
      ],
      [
         100.37333679199219,
         300.14752197265625
      ],
      [
         78.44702911376953,
         295.88470458984375
      ],
      [
         295.0376892089844,
         157.0042724609375
      ],
      [
         92.97245025634766,
         300.1420593261719
      ]
   ],
   "p2s": [
      [
         300.0678405761719,
         215.4681854248047
      ],
      [
         69.32374572753906,
         175.708251953125
      ],
      [
         102.1343002319336,
         207.45448303222656
      ],
      [
         300.01715087890625,
         213.81787109375
      ],
      [
         101.8530044555664,
         261.70709228515625
      ],
      [
         293.92694091796875,
         206.7154541015625
      ],
      [
         300.346923828125,
         93.06765747070312
      ],
      [
         53.92973327636719,
         14.301742553710938
      ],
      [
         291.6197204589844,
         120.1290283203125
      ],
      [
         291.3112487792969,
         123.96576690673828
      ],
      [
         33.53281021118164,
         9.102123260498047
      ],
      [
         64.57957458496094,
         5.771024703979492
      ],
      [
         300.67230224609375,
         167.53135681152344
      ],
      [
         300.7374267578125,
         171.7794647216797
      ],
      [
         77.3621826171875,
         23.2137451171875
      ],
      [
         85.8538818359375,
         221.3265838623047
      ],
      [
         178.37115478515625,
         299.2688903808594
      ],
      [
         159.7055206298828,
         299.7049255371094
      ],
      [
         299.5713195800781,
         287.7702941894531
      ],
      [
         54.390228271484375,
         250.0892791748047
      ],
      [
         130.49667358398438,
         300.0805358886719
      ],
      [
         300.3812255859375,
         194.0640106201172
      ],
      [
         297.8222351074219,
         263.27459716796875
      ],
      [
         179.60536193847656,
         300.1427307128906
      ],
      [
         65.71417236328125,
         236.10769653320312
      ],
      [
         104.15827941894531,
         264.9095764160156
      ],
      [
         81.12804412841797,
         283.0267028808594
      ],
      [
         295.8338317871094,
         149.9811553955078
      ],
      [
         96.50990295410156,
         275.92840576171875
      ]
   ],
   "b1s": [
      1,
      0,
      0,
      1,
      0,
      1,
      1,
      0,
      1,
      1,
      1,
      1,
      1,
      1,
      0,
      0,
      1,
      1,
      0,
      0,
      1,
      1,
      1,
      1,
      0,
      0,
      0,
      0,
      0
   ],
   "b2s": [
      0,
      1,
      1,
      0,
      1,
      0,
      0,
      1,
      0,
      0,
      0,
      0,
      0,
      0,
      1,
      1,
      0,
      0,
      0,
      1,
      0,
      0,
      0,
      0,
      1,
      1,
      1,
      0,
      1
   ]
}