{
   "angles": [
      -1.5239776634362727,
      0.3848576330465774,
      -1.5654728786630894,
      -1.5575709959723387,
      0.9810172447981419,
      0.23115122046315567,
      0.4054904017881296,
      0.6261389808931563,
      -1.5697228493797772,
      -1.4042654035173432
   ],
   "dists": [
      -116.85802597800935,
      140.713922373926,
      -280.08741851370723,
      -124.22157189212354,
      216.83906052949337,
      151.54129464461494,
      239.0063853275008,
      334.4603510179535,
      -132.21955695743276,
      -271.1057466333011
   ],
   "p1s": [
      [
         123.9627914428711,
         122.79423522949219
      ],
      [
         121.7920150756836,
         74.13092041015625
      ],
      [
         0.9941609501838684,
         280.0966796875
      ],
      [
         0.970303475856781,
         124.24526977539062
      ],
      [
         0.19033217430114746,
         260.7901611328125
      ],
      [
         140.2060546875,
         65.75457000732422
      ],
      [
         251.9507293701172,
         18.978853225708008
      ],
      [
         286.4747314453125,
         174.62010192871094
      ],
      [
         284.99945068359375,
         132.52557373046875
      ],
      [
         85.9404296875,
         289.35443115234375
      ]
   ],
   "p2s": [
      [
         299.998046875,
         131.04200744628906
      ],
      [
         147.99948120117188,
         9.430133819580078
      ],
      [
         26.009424209594727,
         280.2298583984375
      ],
      [
         55.973907470703125,
         124.97276306152344
      ],
      [
         21.62761878967285,
         246.44357299804688
      ],
      [
         155.42312622070312,
         1.0995867252349854
      ],
      [
         259.8758544921875,
         0.5174345374107361
      ],
      [
         300.9110412597656,
         154.6588897705078
      ],
      [
         300.00048828125,
         132.54168701171875
      ],
      [
         111.07083892822266,
         293.57855224609375
      ]
   ],
   "b1s": [
      1,
      1,
      0,
      0,
      0,
      1,
      1,
      1,
      1,
      1
   ],
   "b2s": [
      0,
      0,
      1,
      1,
      1,
      0,
      0,
      0,
      0,
      0
   ]
}