{
   "angles": [
      1.4473870552483425,
      1.4714273091533605,
      0.03515964208623655,
      0.10156876472944625,
      0.17031672669229714,
      0.21145964028592668,
      -0.06380417663342706,
      0.09248596103125828,
      0.15154695888658926,
      -0.04342101001285911,
      0.22361144336703476,
      -0.19676012623366396,
      -0.08872768154904319,
      0.031117684166718097,
      -0.1999374353047923,
      0.044560505722618535,
      -0.05199710775338483,
      0.09269942986415333,
      0.08596819243153472,
      0.20695543195757218,
      0.08792927007285103,
      -0.12462675293229403,
      0.0962923386147101,
      0.021335350971269724,
      -0.1882121910917722,
      -0.3772046660248982
   ],
   "dists": [
      176.55857591609995,
      155.520980917236,
      94.89728145057576,
      100.4310637739948,
      60.52984106013314,
      41.520924910546356,
      122.04667877678044,
      304.1223884251471,
      78.75410653091816,
      245.9090667997418,
      45.55222833045117,
      152.98653522532422,
      132.66560667248115,
      80.73540705094659,
      156.16800068413693,
      259.75815598137154,
      249.2863071145881,
      305.73277196173404,
      92.78331836341196,
      53.0819525983552,
      266.9024005215096,
      175.16018464058772,
      301.62551850499835,
      276.8714176506703,
      176.75822366130706,
      154.12830130315646
   ],
   "p1s": [
      [
         252.20201110839844,
         146.62860107421875
      ],
      [
         251.9178924560547,
         131.17642211914062
      ],
      [
         88.47838592529297,
         184.1575164794922
      ],
      [
         92.7895736694336,
         80.08047485351562
      ],
      [
         49.03470230102539,
         72.00596618652344
      ],
      [
         25.822998046875,
         77.53266906738281
      ],
      [
         122.35388946533203,
         0.9134984612464905
      ],
      [
         277.5803527832031,
         300.23931884765625
      ],
      [
         59.31232833862305,
         133.2841033935547
      ],
      [
         246.18605041503906,
         1.0353643894195557
      ],
      [
         27.896942138671875,
         82.7491455078125
      ],
      [
         156.1118927001953,
         0.5790159702301025
      ],
      [
         133.24490356445312,
         0.6223684549331665
      ],
      [
         74.80108642578125,
         191.90042114257812
      ],
      [
         159.4839630126953,
         0.6992829442024231
      ],
      [
         246.63401794433594,
         300.1174621582031
      ],
      [
         249.67930603027344,
         1.068734884262085
      ],
      [
         288.9062805175781,
         195.17721557617188
      ],
      [
         90.8092041015625,
         26.897377014160156
      ],
      [
         37.66707229614258,
         78.93009948730469
      ],
      [
         241.4790496826172,
         300.1304016113281
      ],
      [
         176.59812927246094,
         0.5492401123046875
      ],
      [
         274.0422668457031,
         300.1006774902344
      ],
      [
         270.553955078125,
         299.0118103027344
      ],
      [
         180.05186462402344,
         0.6091870665550232
      ],
      [
         166.01939392089844,
         0.5961415767669678
      ]
   ],
   "p2s": [
      [
         300.2076416015625,
         140.67401123046875
      ],
      [
         300.03778076171875,
         126.3790054321289
      ],
      [
         94.92459869384766,
         0.8918253779411316
      ],
      [
         100.86124420166016,
         0.883938193321228
      ],
      [
         61.325618743896484,
         0.5400522351264954
      ],
      [
         42.32917785644531,
         0.641326367855072
      ],
      [
         133.29173278808594,
         172.10914611816406
      ],
      [
         286.6947326660156,
         201.9716796875
      ],
      [
         78.77935791015625,
         5.813586711883545
      ],
      [
         248.9690399169922,
         65.08824157714844
      ],
      [
         46.611419677734375,
         0.4568023681640625
      ],
      [
         168.8788604736328,
         64.6254653930664
      ],
      [
         151.20745849609375,
         202.5367431640625
      ],
      [
         80.74653625488281,
         0.8987270593643188
      ],
      [
         170.81834411621094,
         56.63152313232422
      ],
      [
         252.7930908203125,
         161.9907684326172
      ],
      [
         255.50599670410156,
         113.02571105957031
      ],
      [
         293.3989562988281,
         146.8511505126953
      ],
      [
         93.04812622070312,
         0.9179670214653015
      ],
      [
         54.07038497924805,
         0.8048163652420044
      ],
      [
         247.4016876220703,
         232.94725036621094
      ],
      [
         190.42823791503906,
         110.94635009765625
      ],
      [
         278.4998474121094,
         253.95169067382812
      ],
      [
         270.9809875488281,
         278.9996032714844
      ],
      [
         185.07568359375,
         26.98558235168457
      ],
      [
         170.60008239746094,
         12.158435821533203
      ]
   ],
   "b1s": [
      1,
      1,
      1,
      1,
      1,
      1,
      0,
      0,
      1,
      0,
      1,
      0,
      0,
      1,
      0,
      0,
      0,
      1,
      1,
      1,
      0,
      0,
      0,
      0,
      0,
      0
   ],
   "b2s": [
      0,
      0,
      0,
      0,
      0,
      0,
      1,
      1,
      0,
      1,
      0,
      1,
      1,
      0,
      1,
      1,
      1,
      0,
      0,
      0,
      1,
      1,
      1,
      1,
      1,
      1
   ]
}