{
   "angles": [
      0.6623140450729007,
      -1.5547956381818961,
      -0.19030953224927796,
      0.06324959824794854,
      -1.5588418333210083,
      -1.5583752257794508,
      1.5516068751207548,
      1.5452688176306217,
      -0.22814008253486634,
      -0.1791593128082451,
      0.6756183581567766,
      -1.5538692669955527,
      -0.1814237252449288,
      0.062373971569953696,
      -0.1822161738520674,
      -0.20770717043587256
   ],
   "dists": [
      190.58756685081624,
      -170.3077384015138,
      59.00676147745083,
      148.80386096949852,
      -170.48100656899857,
      -173.57975025991328,
      33.22642197147071,
      36.29343696967,
      209.46509411444478,
      62.296274907677365,
      191.9174403274111,
      -173.3371249310358,
      59.19149072791318,
      151.79352556865675,
      62.02793649940698,
      213.57218604442264
   ],
   "p1s": [
      [
         223.3604278564453,
         23.501249313354492
      ],
      [
         0.9784737825393677,
         170.34519958496094
      ],
      [
         60.23835754394531,
         0.7614418268203735
      ],
      [
         147.20516967773438,
         29.94965934753418
      ],
      [
         94.00457763671875,
         171.6170196533203
      ],
      [
         95.99024200439453,
         174.78550720214844
      ],
      [
         0.9849083423614502,
         33.21363830566406
      ],
      [
         0.9561051726341248,
         36.280853271484375
      ],
      [
         215.20423889160156,
         0.7203978896141052
      ],
      [
         63.475135803222656,
         0.9139525294303894
      ],
      [
         223.30850219726562,
         28.24724769592285
      ],
      [
         0.9766638278961182,
         173.3784942626953
      ],
      [
         92.09467315673828,
         173.98263549804688
      ],
      [
         150.03204345703125,
         32.939544677734375
      ],
      [
         95.30719757080078,
         174.94338989257812
      ],
      [
         218.41152954101562,
         0.7025274634361267
      ]
   ],
   "p2s": [
      [
         241.32054138183594,
         0.47014325857162476
      ],
      [
         92.01917266845703,
         171.8020477294922
      ],
      [
         66.0970458984375,
         31.173946380615234
      ],
      [
         149.04251098632812,
         0.9393579959869385
      ],
      [
         300.010986328125,
         174.07984924316406
      ],
      [
         300.0084533691406,
         177.3197784423828
      ],
      [
         146.98870849609375,
         30.411571502685547
      ],
      [
         66.01582336425781,
         34.61968994140625
      ],
      [
         221.56170654296875,
         28.10176658630371
      ],
      [
         68.89441680908203,
         30.83802032470703
      ],
      [
         245.47972106933594,
         0.5830286145210266
      ],
      [
         90.98472595214844,
         174.9022216796875
      ],
      [
         115.23706817626953,
         300.13995361328125
      ],
      [
         152.03060913085938,
         0.9394569993019104
      ],
      [
         118.43714141845703,
         300.47222900390625
      ],
      [
         223.30772399902344,
         23.935150146484375
      ]
   ],
   "b1s": [
      1,
      0,
      0,
      1,
      1,
      1,
      0,
      0,
      0,
      0,
      1,
      0,
      1,
      1,
      1,
      0
   ],
   "b2s": [
      0,
      1,
      1,
      0,
      0,
      0,
      1,
      1,
      1,
      1,
      0,
      1,
      0,
      0,
      0,
      1
   ]
}