{
   "angles": [
      1.2517050106770797,
      0.0195929985734636,
      0.01801759325907749,
      1.254386609272602,
      0.030755359875236647,
      -0.1240270707279388,
      1.2549793467481813,
      1.5360687480642778,
      1.5361312957650715,
      1.2502835813126028,
      -0.05817611636334416,
      -0.047110105972138126,
      -0.06953158223064064,
      -0.06933868234415891,
      -0.0015454141368716904,
      -0.11196883630596034,
      -0.127797222186331,
      -0.12343707941982356,
      1.537461871108923,
      1.532836355032973,
      -1.414855221200812,
      -1.4264478140758439,
      0.0002556389985942932,
      1.5707666584174378
   ],
   "dists": [
      178.4550604290209,
      173.20097921845982,
      170.0497703523523,
      181.08532255182027,
      173.56947188214917,
      179.29298879034064,
      178.21671092472778,
      273.72527773124324,
      273.9284987131537,
      181.3128916883853,
      61.71161989671168,
      62.01858812664091,
      58.57131226930853,
      55.518499816885424,
      167.4214748779839,
      182.96785038088618,
      181.0616369653343,
      182.42013314545673,
      276.8130578782304,
      277.0200394860435,
      35.062654792902805,
      28.73973278405677,
      1.5214704144848372,
      1.455543632946132
   ],
   "p1s": [
      [
         170.8352813720703,
         131.50144958496094
      ],
      [
         170.66696166992188,
         131.01307678222656
      ],
      [
         167.71658325195312,
         131.01290893554688
      ],
      [
         198.21205139160156,
         125.64766693115234
      ],
      [
         164.4207305908203,
         300.043701171875
      ],
      [
         180.79322814941406,
         0.9011097550392151
      ],
      [
         0.7527846097946167,
         187.243408203125
      ],
      [
         0.9602922797203064,
         273.8570556640625
      ],
      [
         217.98382568359375,
         266.5337219238281
      ],
      [
         0.31525105237960815,
         190.93724060058594
      ],
      [
         77.82988739013672,
         274.95166015625
      ],
      [
         75.00518798828125,
         273.999755859375
      ],
      [
         58.779048919677734,
         0.9457437992095947
      ],
      [
         55.71821594238281,
         0.9501199722290039
      ],
      [
         167.84202575683594,
         271.9986877441406
      ],
      [
         214.3748321533203,
         269.0702819824219
      ],
      [
         217.2244415283203,
         269.8426513671875
      ],
      [
         183.92852783203125,
         0.8847993612289429
      ],
      [
         216.0587615966797,
         269.7620544433594
      ],
      [
         0.9310470223426819,
         277.18438720703125
      ],
      [
         227.12350463867188,
         0.2144659161567688
      ],
      [
         190.34498596191406,
         -1.373317837715149
      ],
      [
         1.4529591798782349,
         268.0001220703125
      ],
      [
         65.00001525878906,
         1.4536151885986328
      ]
   ],
   "p2s": [
      [
         300.5444641113281,
         88.64797973632812
      ],
      [
         173.21493530273438,
         0.984616219997406
      ],
      [
         170.05966186523438,
         0.9830554723739624
      ],
      [
         300.3907165527344,
         92.19340515136719
      ],
      [
         165.31491088867188,
         270.9789123535156
      ],
      [
         195.90724182128906,
         122.13623046875
      ],
      [
         68.68806457519531,
         165.0453338623047
      ],
      [
         73.97638702392578,
         271.32037353515625
      ],
      [
         300.05853271484375,
         263.6874694824219
      ],
      [
         68.14015197753906,
         168.4221954345703
      ],
      [
         79.29115295410156,
         300.0412902832031
      ],
      [
         76.23267364501953,
         300.0361633300781
      ],
      [
         70.13412475585938,
         163.99066162109375
      ],
      [
         67.046630859375,
         164.0662078857422
      ],
      [
         167.8852996826172,
         300.00018310546875
      ],
      [
         217.8668670654297,
         300.1274108886719
      ],
      [
         221.1142120361328,
         300.11383056640625
      ],
      [
         198.9405517578125,
         121.88330841064453
      ],
      [
         300.0320739746094,
         266.9618225097656
      ],
      [
         75.05200958251953,
         274.3694152832031
      ],
      [
         300.2037658691406,
         11.70397663116455
      ],
      [
         300.2041320800781,
         14.59576416015625
      ],
      [
         1.4705983400344849,
         198.99986267089844
      ],
      [
         163.00001525878906,
         1.4507176876068115
      ]
   ],
   "b1s": [
      1,
      1,
      1,
      1,
      0,
      0,
      0,
      0,
      1,
      0,
      1,
      1,
      0,
      0,
      1,
      1,
      1,
      0,
      1,
      0,
      0,
      0,
      0,
      0
   ],
   "b2s": [
      0,
      0,
      0,
      0,
      1,
      1,
      1,
      1,
      0,
      1,
      0,
      0,
      1,
      1,
      0,
      0,
      0,
      1,
      0,
      1,
      0,
      0,
      0,
      0
   ]
}