{
   "angles": [
      0.6609363889457351,
      0.6653546534524547,
      0.08413048677761228,
      0.0893901059225145,
      -0.6330222044758965,
      -1.4980346418585033,
      0.08469932608977136,
      -1.5058288226641863,
      -0.6280535235650235,
      0.08141879262230398,
      0.6640158983630636,
      -1.490430250912473,
      -0.6273181286229259,
      -1.5071880231964132,
      -0.6330966596509802
   ],
   "dists": [
      324.78452575352514,
      324.67270639456405,
      119.92266911024896,
      121.25231507763618,
      -69.21874260674628,
      -171.01329063203187,
      123.05947345786443,
      -172.86714415505088,
      -68.72805641847401,
      122.09919337655643,
      327.8286300188963,
      -171.42714640871282,
      -65.40887238785483,
      -174.46361642065006,
      -67.11627019256811
   ],
   "p1s": [
      [
         263.69134521484375,
         189.98239135742188
      ],
      [
         176.79647827148438,
         300.625
      ],
      [
         105.34234619140625,
         177.9445343017578
      ],
      [
         94.84291076660156,
         300.0755615234375
      ],
      [
         0.3472261130809784,
         117.47897338867188
      ],
      [
         0.8883509635925293,
         171.53173828125
      ],
      [
         108.29533386230469,
         179.10997009277344
      ],
      [
         268.021484375,
         190.66983032226562
      ],
      [
         100.49512481689453,
         255.36660766601562
      ],
      [
         98.01847839355469,
         300.0830993652344
      ],
      [
         180.9364013671875,
         300.7327880859375
      ],
      [
         265.88751220703125,
         193.39669799804688
      ],
      [
         0.13843145966529846,
         111.62464904785156
      ],
      [
         0.9441215991973877,
         174.87728881835938
      ],
      [
         101.44496154785156,
         251.6734619140625
      ]
   ],
   "p2s": [
      [
         301.1094970703125,
         141.8627471923828
      ],
      [
         261.537109375,
         192.63674926757812
      ],
      [
         120.26919555664062,
         0.9383717775344849
      ],
      [
         98.98080444335938,
         253.9086456298828
      ],
      [
         42.709754943847656,
         175.2129669189453
      ],
      [
         42.03419494628906,
         174.5308837890625
      ],
      [
         123.42863464355469,
         0.8665869235992432
      ],
      [
         300.0809631347656,
         192.75559997558594
      ],
      [
         133.28311157226562,
         300.52056884765625
      ],
      [
         101.44943237304688,
         258.03668212890625
      ],
      [
         300.7699890136719,
         147.60255432128906
      ],
      [
         300.0684814453125,
         196.14962768554688
      ],
      [
         46.18738555908203,
         175.13912963867188
      ],
      [
         44.02412414550781,
         177.62124633789062
      ],
      [
         137.29171752929688,
         300.519775390625
      ]
   ],
   "b1s": [
      1,
      0,
      1,
      0,
      0,
      0,
      1,
      1,
      1,
      0,
      0,
      1,
      0,
      0,
      1
   ],
   "b2s": [
      0,
      1,
      0,
      1,
      1,
      1,
      0,
      0,
      0,
      1,
      0,
      0,
      1,
      1,
      0
   ]
}