{
   "angles": [
      1.5685479530014776,
      0.6649852265537004,
      0.14140246580775256,
      0.061980878002601734,
      0.06191332406685529,
      0.06234970478230768,
      1.5472206168359208,
      1.5515202176292648,
      0.13975425719392012,
      -0.18020938621423988,
      0.3381812353443757,
      0.14041735271099653,
      0.06237320524976642,
      0.1418622754781157,
      1.5535853244892868,
      -0.18154709221936027,
      0.6651123938760781,
      0.33386267686691895
   ],
   "dists": [
      205.10786556626394,
      375.91481359451114,
      253.35364329506174,
      167.3904932973288,
      167.37811447103007,
      170.54440146234754,
      206.72808701755292,
      208.54629449914268,
      252.99745453422048,
      5.224037546916641,
      29.487816374607732,
      256.19783072768746,
      170.49463150146534,
      256.4826700811573,
      208.19470772867567,
      7.893412694394627,
      379.1584778097116,
      32.60921136307417
   ],
   "p1s": [
      [
         0.997990608215332,
         205.10614013671875
      ],
      [
         241.9060821533203,
         300.7104797363281
      ],
      [
         227.30892944335938,
         200.90162658691406
      ],
      [
         149.09022521972656,
         300.0676574707031
      ],
      [
         155.18008422851562,
         201.9491729736328
      ],
      [
         152.14279174804688,
         300.07135009765625
      ],
      [
         229.98497009277344,
         201.36248779296875
      ],
      [
         0.9723613262176514,
         208.56629943847656
      ],
      [
         213.2814483642578,
         300.0395812988281
      ],
      [
         43.05390167236328,
         207.17236328125
      ],
      [
         14.851469993591309,
         46.651145935058594
      ],
      [
         216.35313415527344,
         299.9085693359375
      ],
      [
         158.20635986328125,
         202.07534790039062
      ],
      [
         230.3506317138672,
         201.19290161132812
      ],
      [
         230.02178955078125,
         204.26625061035156
      ],
      [
         46.168148040771484,
         207.7855682373047
      ],
      [
         245.97300720214844,
         300.7631530761719
      ],
      [
         18.190324783325195,
         47.06601333618164
      ]
   ],
   "p2s": [
      [
         42.997779846191406,
         205.01171875
      ],
      [
         300.7879943847656,
         225.61788940429688
      ],
      [
         255.78994750976562,
         0.8277477622032166
      ],
      [
         154.99403381347656,
         204.9375762939453
      ],
      [
         167.6426544189453,
         0.9158554077148438
      ],
      [
         158.01954650878906,
         205.9387969970703
      ],
      [
         300.04034423828125,
         199.71058654785156
      ],
      [
         42.01494216918945,
         207.7750701904297
      ],
      [
         226.81491088867188,
         203.8332977294922
      ],
      [
         59.99900817871094,
         300.182373046875
      ],
      [
         31.026962280273438,
         0.6577907204627991
      ],
      [
         229.7923583984375,
         204.8292999267578
      ],
      [
         170.7691650390625,
         0.9231292009353638
      ],
      [
         258.9636535644531,
         0.8519847989082336
      ],
      [
         300.0182800292969,
         203.06143188476562
      ],
      [
         63.12527084350586,
         300.16058349609375
      ],
      [
         300.9129943847656,
         230.71607971191406
      ],
      [
         34.25748825073242,
         0.7424631714820862
      ]
   ],
   "b1s": [
      0,
      0,
      1,
      0,
      1,
      0,
      1,
      0,
      0,
      1,
      1,
      0,
      1,
      1,
      1,
      1,
      0,
      1
   ],
   "b2s": [
      1,
      0,
      0,
      1,
      0,
      1,
      0,
      1,
      1,
      0,
      0,
      1,
      0,
      0,
      0,
      0,
      0,
      0
   ]
}