{
   "angles": [
      1.253044116814243,
      0.9828532839386462,
      1.2643317920970056,
      1.2382472730580312,
      -0.07712156144830765,
      1.2506760050737034,
      -0.017644710478271396,
      -0.18187849961055436,
      1.5341859540612126,
      -0.017154036742696627,
      1.5327296522870493,
      1.5019549932338856,
      1.5321190045414381,
      -0.021373916299967273,
      0.9854114553028835,
      -0.1716702160216229,
      -0.0072394873975369445,
      -0.1802385544811707,
      0.0180959086549066,
      -1.4138906514801983,
      -1.3924957001941562,
      -0.18236652544535872,
      -1.4320501927919276,
      -0.04639615349180397,
      0.04082363389469928,
      -1.4092894453350477,
      1.5704991999995184
   ],
   "dists": [
      83.89585198908695,
      328.5697857376652,
      84.17335205845484,
      86.81795589894173,
      232.66238128380382,
      87.53186997583701,
      237.0205518342273,
      25.115384037957668,
      263.6751309925594,
      240.23592986212856,
      264.8216537945765,
      266.6186769233427,
      268.1607740574973,
      21.992334717625845,
      331.6508115357234,
      27.598186397303053,
      23.13632566004565,
      28.192901338852526,
      236.9315930426292,
      -11.876378273737458,
      -11.533165263089623,
      27.45021364583127,
      -15.017492340970408,
      18.862627268006023,
      22.310835921516922,
      -13.772716231251884,
      1.442640032640926
   ],
   "p1s": [
      [
         41.55580139160156,
         74.64942932128906
      ],
      [
         243.64480590820312,
         232.46714782714844
      ],
      [
         0.703895628452301,
         88.06424713134766
      ],
      [
         0.5386120676994324,
         91.66410064697266
      ],
      [
         233.42477416992188,
         0.8899005055427551
      ],
      [
         236.2919158935547,
         13.880511283874512
      ],
      [
         241.61038208007812,
         258.0068664550781
      ],
      [
         25.72964859008789,
         1.0497205257415771
      ],
      [
         0.9566684365272522,
         263.81689453125
      ],
      [
         244.73155212402344,
         259.9874572753906
      ],
      [
         244.9499053955078,
         255.68470764160156
      ],
      [
         0.87529456615448,
         267.19134521484375
      ],
      [
         245.03402709960938,
         258.8794860839844
      ],
      [
         27.683374404907227,
         265.9853820800781
      ],
      [
         145.82078552246094,
         301.2381896972656
      ],
      [
         73.64861297607422,
         263.2342834472656
      ],
      [
         25.062665939331055,
         265.9995422363281
      ],
      [
         28.812362670898438,
         0.8519746661186218
      ],
      [
         236.78915405273438,
         10.0142822265625
      ],
      [
         239.02540588378906,
         49.83937072753906
      ],
      [
         0.8430539965629578,
         11.870882034301758
      ],
      [
         76.75743103027344,
         264.8603210449219
      ],
      [
         0.8215447664260864,
         15.277931213378906
      ],
      [
         18.927377700805664,
         0.9569424390792847
      ],
      [
         21.715551376342773,
         15.029227256774902
      ],
      [
         238.85816955566406,
         52.870513916015625
      ],
      [
         242.99981689453125,
         1.3704383373260498
      ]
   ],
   "p2s": [
      [
         266.8520812988281,
         0.550251305103302
      ],
      [
         300.87774658203125,
         194.31678771972656
      ],
      [
         39.60584259033203,
         75.7543716430664
      ],
      [
         21.184289932250977,
         84.53359985351562
      ],
      [
         234.13392639160156,
         10.066925048828125
      ],
      [
         275.915283203125,
         0.7444654107093811
      ],
      [
         242.3519287109375,
         300.0290832519531
      ],
      [
         39.38454818725586,
         75.2970962524414
      ],
      [
         25.959754943847656,
         262.901123046875
      ],
      [
         245.4181671142578,
         300.0099792480469
      ],
      [
         300.0603942871094,
         253.58583068847656
      ],
      [
         25.036230087280273,
         265.52545166015625
      ],
      [
         300.0290832519531,
         256.7513732910156
      ],
      [
         28.41077995300293,
         300.0126037597656
      ],
      [
         300.4761962890625,
         198.71835327148438
      ],
      [
         80.05144500732422,
         300.1644592285156
      ],
      [
         25.30890464782715,
         300.0122375488281
      ],
      [
         42.136566162109375,
         73.97511291503906
      ],
      [
         236.95263671875,
         0.9810447096824646
      ],
      [
         300.2336730957031,
         59.52290344238281
      ],
      [
         20.11812400817871,
         15.344537734985352
      ],
      [
         83.26280212402344,
         300.1359558105469
      ],
      [
         19.869041442871094,
         17.93779754638672
      ],
      [
         19.533964157104492,
         14.021637916564941
      ],
      [
         22.291444778442383,
         0.9302119016647339
      ],
      [
         300.18536376953125,
         62.8623161315918
      ],
      [
         262.0001220703125,
         1.3648028373718262
      ]
   ],
   "b1s": [
      1,
      1,
      0,
      0,
      0,
      1,
      1,
      0,
      0,
      1,
      1,
      0,
      1,
      1,
      0,
      1,
      1,
      0,
      1,
      1,
      0,
      1,
      0,
      0,
      1,
      1,
      0
   ],
   "b2s": [
      0,
      0,
      1,
      1,
      1,
      0,
      0,
      1,
      1,
      0,
      0,
      1,
      0,
      0,
      0,
      0,
      0,
      1,
      0,
      0,
      1,
      0,
      1,
      1,
      0,
      0,
      0
   ]
}