{
   "angles": [
      0.6625451284992728,
      0.08498291648258383,
      0.6685761024335883,
      0.08372285918724454,
      -1.5604549458134738,
      0.08588785930103413,
      1.5583263492398265,
      -0.6273389144496011,
      0.6638543632950582,
      -0.633478284112176,
      1.5525108220537627,
      0.08474168482112039,
      0.6641778567545394,
      -0.6275372489371239,
      1.5407968481198404,
      -0.6337271084943451,
      -0.0007770155145084602,
      -6.493099956958086e-05
   ],
   "dists": [
      139.1599940404874,
      97.5585721020614,
      139.65494254365345,
      94.4293087801427,
      -194.8539301739617,
      94.7561744172942,
      198.54763171831664,
      108.2881440012991,
      141.99740645526222,
      107.74379772646188,
      200.13253481118025,
      97.54634360523231,
      142.1573033192871,
      111.36845669669502,
      203.01330466776844,
      109.15972928984436,
      299.3042943311367,
      299.4990799517836
   ],
   "p1s": [
      [
         156.51380920410156,
         25.620681762695312
      ],
      [
         81.03715515136719,
         198.08834838867188
      ],
      [
         0.04248950257897377,
         225.24362182617188
      ],
      [
         85.10277557373047,
         115.09254455566406
      ],
      [
         281.9919128417969,
         197.7806396484375
      ],
      [
         69.26744842529297,
         300.109130859375
      ],
      [
         278.98858642578125,
         195.0839080810547
      ],
      [
         156.49716186523438,
         31.364578247070312
      ],
      [
         0.11586372554302216,
         230.308349609375
      ],
      [
         133.9198455810547,
         0.3244134485721588
      ],
      [
         0.9844189286231995,
         200.1479949951172
      ],
      [
         72.40397644042969,
         300.1192626953125
      ],
      [
         159.24708557128906,
         27.19342613220215
      ],
      [
         137.85594177246094,
         0.37914469838142395
      ],
      [
         0.9722585082054138,
         203.0755157470703
      ],
      [
         279.6698303222656,
         196.2426300048828
      ],
      [
         299.4862060546875,
         233.99961853027344
      ],
      [
         299.4991455078125,
         0.9999026656150818
      ]
   ],
   "p2s": [
      [
         176.2059783935547,
         0.38050633668899536
      ],
      [
         97.83518981933594,
         0.9007715582847595
      ],
      [
         18.146310806274414,
         202.3256378173828
      ],
      [
         94.68656158447266,
         0.889777660369873
      ],
      [
         300.01068115234375,
         197.9669952392578
      ],
      [
         77.71671295166016,
         201.97561645507812
      ],
      [
         300.022705078125,
         194.8216094970703
      ],
      [
         302.715087890625,
         233.0314483642578
      ],
      [
         84.52445983886719,
         122.41029357910156
      ],
      [
         154.5104217529297,
         28.359575271606445
      ],
      [
         21.01429557800293,
         199.78170776367188
      ],
      [
         80.65626525878906,
         202.97079467773438
      ],
      [
         180.22610473632812,
         0.3941831886768341
      ],
      [
         156.28831481933594,
         25.79086685180664
      ],
      [
         18.016925811767578,
         202.5640411376953
      ],
      [
         300.99786376953125,
         225.26673889160156
      ],
      [
         299.5367126464844,
         299.0003662109375
      ],
      [
         299.5113525390625,
         188.99996948242188
      ]
   ],
   "b1s": [
      1,
      1,
      0,
      1,
      1,
      0,
      1,
      1,
      0,
      0,
      0,
      0,
      1,
      0,
      0,
      1,
      0,
      0
   ],
   "b2s": [
      0,
      0,
      1,
      0,
      0,
      1,
      0,
      0,
      1,
      1,
      1,
      1,
      0,
      1,
      1,
      0,
      0,
      0
   ]
}