{
   "angles": [
      1.5540443112936202,
      0.018864105164068733,
      0.02045122834225368,
      -0.1227924335726425,
      0.0185413652750391,
      -0.12365509866037014,
      -0.0689249981001656,
      1.5376199537760582,
      -0.06923252564668755,
      -0.06903279086490328,
      -0.06987097438859077,
      -0.12349802218149424,
      1.5516339063541258,
      0.019537654106889166,
      -1.5548112623529073,
      -0.12299553427896831,
      -7.1394389888811796e-06
   ],
   "dists": [
      216.00745225735966,
      159.15418686364748,
      162.61779761207794,
      253.7542138909229,
      159.0753687356831,
      253.49067045278062,
      97.27732978479204,
      220.7552884309852,
      97.16557250869047,
      100.27010487969942,
      100.07169200309608,
      256.5934512890138,
      219.31893483563383,
      162.23648290599724,
      -209.17681961481728,
      256.71536457110733,
      1.4574564826404721
   ],
   "p1s": [
      [
         0.983603298664093,
         216.0212860107422
      ],
      [
         153.52206420898438,
         300.0287170410156
      ],
      [
         156.51495361328125,
         300.0309753417969
      ],
      [
         281.9819030761719,
         213.12564086914062
      ],
      [
         155.1532440185547,
         212.9842987060547
      ],
      [
         255.5415802001953,
         0.8083979487419128
      ],
      [
         112.49172973632812,
         217.0350799560547
      ],
      [
         283.9818115234375,
         211.45188903808594
      ],
      [
         97.46121978759766,
         0.8986742496490479
      ],
      [
         100.57588958740234,
         0.9601810574531555
      ],
      [
         115.50560760498047,
         217.03460693359375
      ],
      [
         258.6764221191406,
         0.9160352349281311
      ],
      [
         0.9681990146636963,
         219.3406524658203
      ],
      [
         158.10498046875,
         213.02159118652344
      ],
      [
         285.98760986328125,
         213.7754669189453
      ],
      [
         285.2288818359375,
         214.84808349609375
      ],
      [
         1.4574636220932007,
         0.9999967217445374
      ]
   ],
   "p2s": [
      [
         155.9903564453125,
         213.42437744140625
      ],
      [
         155.10769653320312,
         215.98316955566406
      ],
      [
         158.2127685546875,
         217.02481079101562
      ],
      [
         292.7228088378906,
         300.1576232910156
      ],
      [
         159.08448791503906,
         0.9830232858657837
      ],
      [
         281.56402587890625,
         210.17848205566406
      ],
      [
         118.22286224365234,
         300.05364990234375
      ],
      [
         300.030517578125,
         210.9192657470703
      ],
      [
         112.17301177978516,
         213.05734252929688
      ],
      [
         115.30457305908203,
         213.97894287109375
      ],
      [
         121.3152847290039,
         300.04791259765625
      ],
      [
         284.7426452636719,
         210.90782165527344
      ],
      [
         113.02286529541016,
         217.1931610107422
      ],
      [
         162.24819946289062,
         0.9853096604347229
      ],
      [
         300.0159912109375,
         213.99974060058594
      ],
      [
         295.7590026855469,
         300.02978515625
      ],
      [
         1.4589557647705078,
         210.0
      ]
   ],
   "b1s": [
      0,
      0,
      0,
      1,
      1,
      0,
      1,
      1,
      0,
      0,
      1,
      0,
      0,
      1,
      1,
      1,
      0
   ],
   "b2s": [
      1,
      1,
      1,
      0,
      0,
      1,
      0,
      0,
      1,
      1,
      0,
      1,
      1,
      0,
      0,
      0,
      0
   ]
}