{
   "angles": [
      0.984267670875354,
      0.018631478597723215,
      -0.06896950088300749,
      0.021940947960876547,
      0.019172524294137242,
      -0.123889143502022,
      -0.11788876152907105,
      0.031902544141035265,
      -1.50073262229561,
      -0.12372511298833422,
      -1.5100537213994512,
      -0.06833896586245161,
      -0.0692808971814896,
      -0.07342647316591779,
      1.5685105343278818,
      1.5669393323439422,
      -0.12568214752447943,
      -1.5023447780312518,
      -8.270222709076687e-05
   ],
   "dists": [
      243.55902109778594,
      164.55557972889682,
      76.38631762792934,
      165.56469398248922,
      167.5794201829039,
      216.3731483827812,
      218.16342438097416,
      171.2301635938521,
      -106.97232444502232,
      219.46376869589514,
      -109.8684728524865,
      79.47192720200957,
      76.40496170023356,
      78.15431260093943,
      258.85931419245185,
      256.16075783356047,
      218.808276135122,
      -110.2142833872269,
      1.4387091374604324
   ],
   "p1s": [
      [
         237.66534423828125,
         134.4964141845703
      ],
      [
         162.38558959960938,
         117.9885482788086
      ],
      [
         76.63440704345703,
         0.9561756253242493
      ],
      [
         159.02072143554688,
         300.02239990234375
      ],
      [
         165.3279266357422,
         119.02545928955078
      ],
      [
         218.15101623535156,
         0.8566670417785645
      ],
      [
         250.25567626953125,
         258.0881652832031
      ],
      [
         161.74256896972656,
         300.0237121582031
      ],
      [
         0.9088240265846252,
         107.29920196533203
      ],
      [
         221.2592010498047,
         0.8434048295021057
      ],
      [
         257.0180969238281,
         125.70265197753906
      ],
      [
         79.7229232788086,
         0.9505192041397095
      ],
      [
         94.49425506591797,
         258.03509521484375
      ],
      [
         97.33638763427734,
         257.9017028808594
      ],
      [
         253.0029296875,
         258.28167724609375
      ],
      [
         250.99688720703125,
         255.19456481933594
      ],
      [
         253.25204467773438,
         258.841796875
      ],
      [
         0.9630448222160339,
         110.53902435302734
      ],
      [
         1.448219895362854,
         114.99996185302734
      ]
   ],
   "p2s": [
      [
         300.4944152832031,
         92.74401092529297
      ],
      [
         164.56600952148438,
         0.9732796549797058
      ],
      [
         84.30850982666016,
         112.04776763916016
      ],
      [
         159.94338989257812,
         257.976806640625
      ],
      [
         167.59156799316406,
         0.9729934334754944
      ],
      [
         233.24827575683594,
         122.09361267089844
      ],
      [
         255.2304229736328,
         300.0911560058594
      ],
      [
         163.08360290527344,
         258.0026550292969
      ],
      [
         85.05582427978516,
         113.20452880859375
      ],
      [
         236.5814666748047,
         124.05204772949219
      ],
      [
         300.0414123535156,
         128.31922912597656
      ],
      [
         87.3857192993164,
         112.9051513671875
      ],
      [
         97.4139175415039,
         300.11004638671875
      ],
      [
         100.4361343383789,
         300.0414733886719
      ],
      [
         300.002685546875,
         258.17425537109375
      ],
      [
         300.0038757324219,
         255.00555419921875
      ],
      [
         258.47662353515625,
         300.1924743652344
      ],
      [
         83.91593170166016,
         116.2261734008789
      ],
      [
         1.463519811630249,
         300.0000305175781
      ]
   ],
   "b1s": [
      1,
      1,
      0,
      0,
      1,
      0,
      1,
      0,
      0,
      0,
      1,
      0,
      1,
      1,
      1,
      1,
      1,
      0,
      0
   ],
   "b2s": [
      0,
      0,
      1,
      1,
      0,
      1,
      0,
      1,
      1,
      1,
      0,
      1,
      0,
      0,
      0,
      0,
      0,
      1,
      0
   ]
}