{
   "angles": [
      1.5515341958414273,
      0.0030940229739058697,
      -1.5559319327971064,
      -0.0013545952750164513,
      -0.07442626860061088,
      -0.06636550686090728,
      -1.5558586721849892,
      -1.5570086778892558,
      -1.5548002832648404,
      -0.0704346479870472,
      0.018373104975664023,
      -0.06877734564105296,
      1.5496561700955402,
      0.018908031593149084,
      1.5516298450916368,
      1.551628879181217
   ],
   "dists": [
      47.61600195297157,
      155.99232791123697,
      -162.64237818753037,
      153.06721725818633,
      117.92592136427655,
      121.15958344343673,
      -165.84868062206954,
      -162.59039933693512,
      -165.32685668556576,
      120.7604018245423,
      153.45600048110913,
      118.11852597188134,
      47.560646629225154,
      156.63637218606266,
      44.38033307725365,
      44.56910496195033
   ],
   "p1s": [
      [
         156.01193237304688,
         44.61934280395508
      ],
      [
         155.8662109375,
         41.00267791748047
      ],
      [
         0.9899648427963257,
         162.67506408691406
      ],
      [
         153.06871032714844,
         0.9985523819923401
      ],
      [
         118.32051086425781,
         0.9015375375747681
      ],
      [
         121.48678588867188,
         0.901183545589447
      ],
      [
         0.9868249893188477,
         165.88192749023438
      ],
      [
         152.00411987304688,
         164.70176696777344
      ],
      [
         152.98727416992188,
         167.79541015625
      ],
      [
         132.90867614746094,
         167.93589782714844
      ],
      [
         147.96868896484375,
         300.0361633300781
      ],
      [
         129.9075927734375,
         167.07525634765625
      ],
      [
         0.9482250809669495,
         47.55122756958008
      ],
      [
         150.99093627929688,
         300.01873779296875
      ],
      [
         0.9879150390625,
         44.36954879760742
      ],
      [
         154.97328186035156,
         41.60648727416992
      ]
   ],
   "p2s": [
      [
         298.01702880859375,
         41.88369369506836
      ],
      [
         155.989990234375,
         0.9968754053115845
      ],
      [
         151.0162811279297,
         164.90528869628906
      ],
      [
         153.12425231933594,
         42.00118637084961
      ],
      [
         121.31422424316406,
         41.05113220214844
      ],
      [
         124.21298217773438,
         41.91938018798828
      ],
      [
         129.00306701660156,
         167.79434204101562
      ],
      [
         300.017333984375,
         166.74266052246094
      ],
      [
         300.0136413574219,
         170.1474609375
      ],
      [
         142.23971557617188,
         300.1947326660156
      ],
      [
         150.39508056640625,
         167.9888916015625
      ],
      [
         139.06866455078125,
         300.06414794921875
      ],
      [
         122.02095794677734,
         44.99135971069336
      ],
      [
         153.48727416992188,
         168.00921630859375
      ],
      [
         122.98143005371094,
         42.03108596801758
      ],
      [
         298.9778747558594,
         38.8459587097168
      ]
   ],
   "b1s": [
      1,
      1,
      0,
      0,
      0,
      0,
      0,
      1,
      1,
      1,
      0,
      1,
      0,
      0,
      0,
      1
   ],
   "b2s": [
      0,
      0,
      1,
      1,
      1,
      1,
      1,
      0,
      0,
      0,
      1,
      0,
      1,
      1,
      1,
      0
   ]
}