{
   "angles": [
      0.987123423796651,
      0.32946355914298464,
      0.3344070785831587,
      1.5373094434642696,
      1.5375652840150034,
      1.5367933057593113,
      1.5378404318247092,
      -1.4086767915734537,
      -0.6301775702580201,
      -0.6238197749321972,
      0.9850761208938147,
      -0.6287772448288129,
      -1.416561695771599,
      0.3298551060558128,
      0.32794951165456343,
      -0.627678687173011
   ],
   "dists": [
      162.19304531899581,
      224.45408047868673,
      225.4315608162151,
      253.52899609844422,
      253.5064355031816,
      256.81423805750137,
      256.6315996431196,
      -58.82865999845841,
      -1.4852813834387486,
      -0.13388246785549995,
      165.42198264160913,
      1.2084458476643078,
      -62.2327691005455,
      227.6437125894035,
      227.16931823045883,
      1.6795224191542724
   ],
   "p1s": [
      [
         0.4077610969543457,
         194.10325622558594
      ],
      [
         161.6837158203125,
         220.89186096191406
      ],
      [
         134.26231384277344,
         300.4385986328125
      ],
      [
         182.98463439941406,
         247.5413360595703
      ],
      [
         0.9539504647254944,
         253.61476135253906
      ],
      [
         0.9296259880065918,
         256.93115234375
      ],
      [
         184.98919677734375,
         250.67233276367188
      ],
      [
         0.8767285346984863,
         59.753700256347656
      ],
      [
         -0.3766328990459442,
         2.0040974617004395
      ],
      [
         180.18173217773438,
         250.5889129638672
      ],
      [
         0.4691253900527954,
         198.19973754882812
      ],
      [
         162.96250915527344,
         222.0277862548828
      ],
      [
         0.8275766968727112,
         63.109046936035156
      ],
      [
         164.74832153320312,
         221.5985565185547
      ],
      [
         137.7952423095703,
         300.27056884765625
      ],
      [
         2.5244898796081543,
         0.6194482445716858
      ]
   ],
   "p2s": [
      [
         94.37075805664062,
         132.04722595214844
      ],
      [
         236.98861694335938,
         0.6541827321052551
      ],
      [
         151.50039672851562,
         250.82640075683594
      ],
      [
         300.05426025390625,
         243.6195831298828
      ],
      [
         152.01971435546875,
         248.5928497314453
      ],
      [
         151.028076171875,
         251.8253936767578
      ],
      [
         300.02899169921875,
         246.87973022460938
      ],
      [
         47.11191940307617,
         67.31570434570312
      ],
      [
         47.8432731628418,
         68.11431121826172
      ],
      [
         216.1715545654297,
         300.5962219238281
      ],
      [
         95.68653106689453,
         135.034912109375
      ],
      [
         220.12930297851562,
         300.6352844238281
      ],
      [
         49.733760833740234,
         70.71247100830078
      ],
      [
         240.349365234375,
         0.7772474884986877
      ],
      [
         154.39710998535156,
         251.475341796875
      ],
      [
         51.270877838134766,
         67.80345916748047
      ]
   ],
   "b1s": [
      0,
      1,
      0,
      1,
      0,
      0,
      1,
      0,
      0,
      1,
      0,
      1,
      0,
      1,
      0,
      0
   ],
   "b2s": [
      1,
      0,
      1,
      0,
      1,
      1,
      0,
      1,
      1,
      0,
      1,
      0,
      1,
      0,
      1,
      1
   ]
}