{
   "angles": [
      1.5379247643705982,
      0.08534878830353751,
      0.08442968884569248,
      1.5369821180647047,
      1.4903270507068038,
      0.14057458821005592,
      1.491245866506021,
      0.08516638285337304,
      1.53993284788053,
      0.08479008381941275,
      1.5381495166549082,
      0.1402914445689073,
      0.14564229720599026,
      1.484018975742159,
      1.5707557784716215,
      -0.000393725592076975,
      -0.0010300927658149388
   ],
   "dists": [
      243.43865088878312,
      145.6385091380377,
      145.4381752855074,
      243.5712136705224,
      158.62534240543573,
      40.182140388890126,
      161.6312224638441,
      148.5871434168398,
      246.51828664097255,
      148.56733443900666,
      246.5329214746871,
      43.24258278368353,
      44.40593224885781,
      243.76839544512782,
      1.464944654348175,
      299.489991120565,
      299.2306612652173
   ],
   "p1s": [
      [
         9.975081443786621,
         243.24221801757812
      ],
      [
         120.4926528930664,
         300.1277160644531
      ],
      [
         133.52789306640625,
         146.8754119873047
      ],
      [
         128.97793579101562,
         239.3475799560547
      ],
      [
         135.9337158203125,
         148.1781463623047
      ],
      [
         0.1286352574825287,
         285.876708984375
      ],
      [
         135.03025817871094,
         151.3795623779297
      ],
      [
         136.5736541748047,
         147.04898071289062
      ],
      [
         9.011038780212402,
         246.3575439453125
      ],
      [
         123.60049438476562,
         300.051025390625
      ],
      [
         128.0157928466797,
         242.4835662841797
      ],
      [
         9.348443984985352,
         243.04920959472656
      ],
      [
         1.76203453540802,
         293.965087890625
      ],
      [
         0.9656460285186768,
         244.6051025390625
      ],
      [
         155.99998474121094,
         1.4586191177368164
      ],
      [
         299.4931640625,
         7.999805927276611
      ],
      [
         299.4842224121094,
         245.99949645996094
      ]
   ],
   "p2s": [
      [
         125.01510620117188,
         239.45932006835938
      ],
      [
         125.38481140136719,
         242.94737243652344
      ],
      [
         145.8814697265625,
         0.9053380489349365
      ],
      [
         300.05279541015625,
         233.5606231689453
      ],
      [
         300.1560363769531,
         134.93470764160156
      ],
      [
         18.20017433166504,
         158.16983032226562
      ],
      [
         300.0973205566406,
         138.22064208984375
      ],
      [
         149.04920959472656,
         0.9188277721405029
      ],
      [
         125.05479431152344,
         242.77490234375
      ],
      [
         128.45343017578125,
         242.95355224609375
      ],
      [
         300.0282897949219,
         236.8659210205078
      ],
      [
         20.917076110839844,
         161.12950134277344
      ],
      [
         8.616144180297852,
         247.237060546875
      ],
      [
         5.108282566070557,
         244.24472045898438
      ],
      [
         294.0000305175781,
         1.453033447265625
      ],
      [
         299.54119873046875,
         130.00018310546875
      ],
      [
         299.538818359375,
         299.00048828125
      ]
   ],
   "b1s": [
      0,
      0,
      1,
      1,
      1,
      0,
      1,
      1,
      0,
      0,
      1,
      0,
      0,
      0,
      0,
      0,
      0
   ],
   "b2s": [
      1,
      1,
      0,
      0,
      0,
      1,
      0,
      0,
      1,
      1,
      0,
      1,
      0,
      0,
      0,
      0,
      0
   ]
}