{
   "angles": [
      -1.558174267770074,
      0.08505232822198984,
      -1.5555846363356505,
      0.08430173801746216,
      -1.557701681071076,
      -1.5573610350200218,
      0.08490088523722229,
      -1.5685492300246024,
      -0.0003317887190953725
   ],
   "dists": [
      -177.3844817667242,
      69.05524460864729,
      -174.22161758912668,
      68.95781395660896,
      -174.0858354147677,
      -177.2569140315755,
      72.10332665492459,
      -299.16969237439673,
      299.48213480055813
   ],
   "p1s": [
      [
         0.982189416885376,
         177.4110107421875
      ],
      [
         43.72311019897461,
         300.0616455078125
      ],
      [
         0.9808819890022278,
         174.25669860839844
      ],
      [
         54.50376892089844,
         173.95806884765625
      ],
      [
         57.01509475708008,
         174.84739685058594
      ],
      [
         57.98586654663086,
         178.05201721191406
      ],
      [
         46.826351165771484,
         300.0703125
      ],
      [
         1.001859188079834,
         299.1726989746094
      ],
      [
         299.48248291015625,
         0.9995081424713135
      ]
   ],
   "p2s": [
      [
         53.986366271972656,
         178.080078125
      ],
      [
         54.13612365722656,
         177.9263458251953
      ],
      [
         54.99880599975586,
         175.07847595214844
      ],
      [
         69.12532043457031,
         0.9260880947113037
      ],
      [
         300.0126953125,
         178.02955627441406
      ],
      [
         300.00933837890625,
         181.3038787841797
      ],
      [
         72.2840576171875,
         0.9390692114830017
      ],
      [
         40.00166320800781,
         299.2603454589844
      ],
      [
         299.53955078125,
         173.00015258789062
      ]
   ],
   "b1s": [
      0,
      0,
      0,
      1,
      1,
      1,
      0,
      0,
      0
   ],
   "b2s": [
      1,
      1,
      1,
      0,
      0,
      0,
      0,
      0,
      0
   ]
}