{
   "angles": [
      -0.021614990364966894,
      1.555593292589903,
      1.5278083750999842,
      -0.18002171890576452,
      -1.5704130732615296,
      -0.03246737334851347,
      -0.030191541147686976,
      -0.022160004289986632,
      -0.030479537427073176,
      -0.024160028110777096,
      1.540663440014738,
      -0.17992310506789128,
      -0.030534793014298227,
      -0.029056183272586283,
      -0.18038336242404907,
      -0.18008888649191102
   ],
   "dists": [
      32.44822063748982,
      213.7033575043199,
      217.5475544456321,
      132.8054759442619,
      -210.13322269627022,
      254.0985505586277,
      251.67554649880174,
      35.439734162022816,
      251.55401124407962,
      31.87872228158036,
      217.11017810826831,
      132.8153588059701,
      254.61894274419106,
      33.61133192357582,
      135.73634122976577,
      135.84335846899978
   ],
   "p1s": [
      [
         32.47673034667969,
         0.9680755138397217
      ],
      [
         0.9804344773292542,
         213.71315002441406
      ],
      [
         259.9813232421875,
         206.56576538085938
      ],
      [
         135.13140869140625,
         0.7940909266471863
      ],
      [
         0.9995654821395874,
         210.1336212158203
      ],
      [
         261.0519714355469,
         209.96583557128906
      ],
      [
         251.8197479248047,
         0.9752432107925415
      ],
      [
         35.469879150390625,
         0.9674220681190491
      ],
      [
         258.0430603027344,
         208.99868774414062
      ],
      [
         37.05982971191406,
         214.02272033691406
      ],
      [
         261.0404052734375,
         209.3404998779297
      ],
      [
         173.041259765625,
         209.17437744140625
      ],
      [
         254.76751708984375,
         0.976556658744812
      ],
      [
         39.84458541870117,
         213.97544860839844
      ],
      [
         176.43951416015625,
         210.9198455810547
      ],
      [
         138.21804809570312,
         0.7782416939735413
      ]
   ],
   "p2s": [
      [
         36.974517822265625,
         209.0221710205078
      ],
      [
         172.0169219970703,
         211.11268615722656
      ],
      [
         300.0362548828125,
         204.84283447265625
      ],
      [
         172.70220947265625,
         207.23619079589844
      ],
      [
         38.000328063964844,
         210.14781188964844
      ],
      [
         263.9761962890625,
         300.0007629394531
      ],
      [
         258.0125427246094,
         206.02981567382812
      ],
      [
         40.080596923828125,
         208.9982147216797
      ],
      [
         260.8186950683594,
         300.0360107421875
      ],
      [
         39.1379508972168,
         300.0208435058594
      ],
      [
         300.0351257324219,
         208.16513061523438
      ],
      [
         189.60760498046875,
         300.2532653808594
      ],
      [
         260.999267578125,
         205.00001525878906
      ],
      [
         42.34538650512695,
         300.0190124511719
      ],
      [
         192.7270050048828,
         300.2321472167969
      ],
      [
         175.77066040039062,
         207.041748046875
      ]
   ],
   "b1s": [
      0,
      0,
      1,
      0,
      0,
      1,
      0,
      0,
      1,
      1,
      1,
      1,
      0,
      1,
      1,
      0
   ],
   "b2s": [
      1,
      1,
      0,
      1,
      1,
      0,
      1,
      1,
      0,
      0,
      0,
      0,
      1,
      0,
      0,
      1
   ]
}