{
   "angles": [
      1.5705037872790375,
      0.9866736978634763,
      -0.030242552841361667,
      1.5503639114279524,
      -0.018819732547656804,
      -0.0317928951717192,
      -0.011070942241019741,
      0.9868173927219661,
      -0.03053586557363839,
      -0.029945645888128078,
      1.5673779577184124,
      -0.01822725973755007,
      -0.1728404886947866,
      0.9925145819130673,
      -1.5658069176287674,
      -1.4995888301025062,
      -1.503589145063144,
      -0.18439427069067704,
      -0.018612844039286022,
      -0.1815412142328191,
      -1.4947825040905258,
      -1.5027041738459817,
      -0.18036579186571272
   ],
   "dists": [
      255.10657427176088,
      77.12004707268702,
      245.55475596080655,
      258.2934780940755,
      26.696705753011116,
      242.16662292339248,
      31.927898766753778,
      80.29999319487753,
      242.63857221138224,
      245.6749277641384,
      255.06362312824453,
      25.89728169882099,
      81.14295648278593,
      79.81198775679998,
      -255.93730252221087,
      -128.2558547729655,
      -131.58045683230833,
      78.91228633351622,
      28.90006093775837,
      81.52368281357374,
      -130.01154545330343,
      -128.4231882159779,
      82.06369204061602
   ],
   "p1s": [
      [
         0.9997386932373047,
         255.10629272460938
      ],
      [
         0.44209620356559753,
         92.15606689453125
      ],
      [
         253.47161865234375,
         257.9857177734375
      ],
      [
         0.9658249616622925,
         258.3276672363281
      ],
      [
         31.557655334472656,
         258.0083312988281
      ],
      [
         250.463134765625,
         257.0170593261719
      ],
      [
         34.808319091796875,
         259.9910583496094
      ],
      [
         0.35157108306884766,
         96.01882934570312
      ],
      [
         242.78155517578125,
         0.9761270880699158
      ],
      [
         245.81434631347656,
         0.975606381893158
      ],
      [
         253.99725341796875,
         254.1968536376953
      ],
      [
         25.91950798034668,
         0.9832380414009094
      ],
      [
         127.091064453125,
         256.15869140625
      ],
      [
         89.5571517944336,
         36.85359573364258
      ],
      [
         252.99400329589844,
         257.2027893066406
      ],
      [
         108.05073547363281,
         136.28875732421875
      ],
      [
         0.9366472959518433,
         131.94122314453125
      ],
      [
         80.41056060791016,
         0.7369118928909302
      ],
      [
         28.923362731933594,
         0.9828116297721863
      ],
      [
         130.4144287109375,
         258.9239196777344
      ],
      [
         249.89186096191406,
         149.4199676513672
      ],
      [
         0.9463946223258972,
         128.78602600097656
      ],
      [
         83.5799331665039,
         0.8942505121231079
      ]
   ],
   "p2s": [
      [
         126.99972534179688,
         255.06944274902344
      ],
      [
         139.49285888671875,
         0.23285312950611115
      ],
      [
         254.7437744140625,
         300.0379943847656
      ],
      [
         31.014583587646484,
         257.713623046875
      ],
      [
         32.34825134277344,
         300.01226806640625
      ],
      [
         251.83132934570312,
         300.03717041015625
      ],
      [
         35.251365661621094,
         300.00830078125
      ],
      [
         87.34750366210938,
         38.52581787109375
      ],
      [
         247.18157958984375,
         145.02499389648438
      ],
      [
         250.15745544433594,
         145.96533203125
      ],
      [
         300.0035400390625,
         254.0395965576172
      ],
      [
         27.214685440063477,
         72.03254699707031
      ],
      [
         134.7821044921875,
         300.2126159667969
      ],
      [
         145.54800415039062,
         0.3075157403945923
      ],
      [
         300.0028076171875,
         257.4373474121094
      ],
      [
         300.0723876953125,
         149.9853057861328
      ],
      [
         26.95339584350586,
         133.6923828125
      ],
      [
         86.48088836669922,
         33.28333282470703
      ],
      [
         30.245262145996094,
         71.99543762207031
      ],
      [
         137.988525390625,
         300.1856689453125
      ],
      [
         300.0578308105469,
         153.2406463623047
      ],
      [
         29.088298797607422,
         130.7052459716797
      ],
      [
         89.42035675048828,
         32.9233512878418
      ]
   ],
   "b1s": [
      0,
      0,
      1,
      0,
      1,
      1,
      1,
      0,
      0,
      0,
      1,
      0,
      1,
      1,
      1,
      1,
      0,
      0,
      0,
      1,
      1,
      0,
      0
   ],
   "b2s": [
      1,
      0,
      0,
      1,
      0,
      0,
      0,
      1,
      1,
      1,
      0,
      1,
      0,
      0,
      0,
      0,
      1,
      1,
      1,
      0,
      0,
      1,
      1
   ]
}