{
   "angles": [
      1.5366279107731682,
      -0.023246758483793012,
      -0.12340962063176769,
      -1.569139492724534,
      -1.567260350815691,
      -0.04417504584042799,
      1.5634055422535384,
      -0.12367570431856592,
      1.551256499989978,
      -0.040050015514477774,
      -0.03671127087116779,
      1.5513874964150158,
      -0.12472940423844577,
      -0.18010629513329057,
      -0.12472770901298588,
      -0.029626468840906486,
      -0.02923351961915802,
      -0.022363925931631914,
      -0.039008768917738273,
      -1.563991069536226,
      1.4610247427198535,
      -0.17997460477628296,
      -0.18078420758623837,
      -0.18135201066789952
   ],
   "dists": [
      42.248334934288614,
      41.91315670940456,
      -8.094019119228754,
      -166.58625364014645,
      -169.01109217907583,
      260.42189031833817,
      38.88836449571553,
      -8.184450768826931,
      38.87268913456133,
      38.71707704265115,
      41.71406269995864,
      39.059262917112584,
      -5.3000158007393035,
      186.6138421773533,
      -5.3584405589412025,
      263.8754418136391,
      261.0020132195032,
      39.10496566996183,
      263.425676337408,
      -171.3465514616829,
      169.29196743430174,
      186.60042828917645,
      189.39874993950417,
      189.57831910887288
   ],
   "p1s": [
      [
         0.9740123748779297,
         42.239715576171875
      ],
      [
         45.89990997314453,
         170.9790802001953
      ],
      [
         12.824787139892578,
         169.14576721191406
      ],
      [
         0.9973695278167725,
         166.588134765625
      ],
      [
         223.00424194335938,
         169.80068969726562
      ],
      [
         260.718994140625,
         0.9682175517082214
      ],
      [
         265.0068664550781,
         36.930782318115234
      ],
      [
         0.09531531482934952,
         67.11246490478516
      ],
      [
         0.9777414202690125,
         38.86100387573242
      ],
      [
         38.786956787109375,
         0.9684655070304871
      ],
      [
         41.77786636352539,
         0.9714307188987732
      ],
      [
         198.9845428466797,
         35.204078674316406
      ],
      [
         0.5583047866821289,
         47.055381774902344
      ],
      [
         189.83636474609375,
         0.8477127552032471
      ],
      [
         16.02325439453125,
         170.8717041015625
      ],
      [
         269.1171875,
         172.96688842773438
      ],
      [
         266.1731262207031,
         173.02418518066406
      ],
      [
         42.917789459228516,
         170.02420043945312
      ],
      [
         263.66424560546875,
         0.9740759134292603
      ],
      [
         269.9919128417969,
         173.1879119873047
      ],
      [
         0.9136354923248291,
         170.2163848876953
      ],
      [
         220.8153533935547,
         171.21554565429688
      ],
      [
         224.12001037597656,
         172.7952880859375
      ],
      [
         192.8924560546875,
         0.8363522291183472
      ]
   ],
   "p2s": [
      [
         39.03208923339844,
         40.93883514404297
      ],
      [
         48.89982223510742,
         300.0023193359375
      ],
      [
         29.07024574279785,
         300.1153259277344
      ],
      [
         13.000649452209473,
         166.6080322265625
      ],
      [
         300.0032653808594,
         170.07296752929688
      ],
      [
         262.18072509765625,
         34.036216735839844
      ],
      [
         300.0123596191406,
         36.67206954956055
      ],
      [
         12.274932861328125,
         165.0901336669922
      ],
      [
         196.0009765625,
         35.049808502197266
      ],
      [
         40.232025146484375,
         37.0307731628418
      ],
      [
         43.10097885131836,
         36.99629211425781
      ],
      [
         300.02410888671875,
         33.24278259277344
      ],
      [
         15.572277069091797,
         166.80287170410156
      ],
      [
         220.2947235107422,
         168.12841796875
      ],
      [
         32.25630187988281,
         300.343994140625
      ],
      [
         272.8828125,
         300.0331115722656
      ],
      [
         269.8870849609375,
         300.03253173828125
      ],
      [
         45.825130462646484,
         300.00390625
      ],
      [
         264.91278076171875,
         32.96437454223633
      ],
      [
         300.004150390625,
         173.3921661376953
      ],
      [
         13.096293449401855,
         168.87368774414062
      ],
      [
         244.2709503173828,
         300.13262939453125
      ],
      [
         247.4231414794922,
         300.2882080078125
      ],
      [
         199.11929321289062,
         34.79475784301758
      ]
   ],
   "b1s": [
      0,
      1,
      1,
      0,
      1,
      0,
      1,
      0,
      0,
      0,
      0,
      1,
      0,
      0,
      1,
      1,
      1,
      1,
      0,
      1,
      0,
      1,
      1,
      0
   ],
   "b2s": [
      1,
      0,
      0,
      1,
      0,
      1,
      0,
      1,
      1,
      1,
      1,
      0,
      1,
      1,
      0,
      0,
      0,
      0,
      1,
      0,
      1,
      0,
      0,
      1
   ]
}