{
   "angles": [
      0.3295539966351273,
      0.33340181126478974,
      0.14260182078289896,
      0.14188309414847194,
      1.5707191521608206,
      1.563806515928711,
      0.0596355819233953,
      -1.499785240688321,
      -0.6285934304582972,
      0.14166611122238976,
      -1.5016755937218338,
      -0.6204770387140054,
      -1.5027704341321415,
      0.33078505093848853,
      0.14192734407311586,
      -1.4870764138844925,
      0.3300021587209331,
      0.056826809083286765,
      -0.626755589233967,
      -0.6418786518616113
   ],
   "dists": [
      126.91379025887258,
      127.85849356261362,
      295.9954479403745,
      295.89488333370895,
      254.09677135887375,
      257.4953769473153,
      185.40912930105492,
      -149.79166245889382,
      175.15776782518944,
      298.9306767227832,
      -149.75933280289698,
      177.03878337162283,
      -153.0134111087066,
      130.13244973383567,
      298.95175532693577,
      -148.84355244093965,
      130.0729020985967,
      187.62086214230948,
      178.56710080909374,
      174.63082759212742
   ],
   "p1s": [
      [
         47.0286979675293,
         254.66778564453125
      ],
      [
         31.25925064086914,
         300.4361267089844
      ],
      [
         286.1268615722656,
         89.87464141845703
      ],
      [
         256.02459716796875,
         300.1463623046875
      ],
      [
         0.9999305605888367,
         254.09669494628906
      ],
      [
         0.9894789457321167,
         257.4947509765625
      ],
      [
         167.82090759277344,
         300.1087341308594
      ],
      [
         277.0797424316406,
         169.87899780273438
      ],
      [
         216.83555603027344,
         0.3925776183605194
      ],
      [
         259.1458740234375,
         300.1634216308594
      ],
      [
         0.9182131886482239,
         150.18136596679688
      ],
      [
         287.7568359375,
         98.17376708984375
      ],
      [
         0.9025987386703491,
         153.42962646484375
      ],
      [
         82.88615417480469,
         159.30430603027344
      ],
      [
         288.66558837890625,
         93.23799133300781
      ],
      [
         277.9420471191406,
         172.6905059814453
      ],
      [
         34.656517028808594,
         300.2248840332031
      ],
      [
         170.8550262451172,
         300.04864501953125
      ],
      [
         220.7840118408203,
         0.4322565197944641
      ],
      [
         287.8247375488281,
         93.38355255126953
      ]
   ],
   "p2s": [
      [
         133.9165802001953,
         0.6294417381286621
      ],
      [
         46.377201080322266,
         256.7843017578125
      ],
      [
         298.9096374511719,
         0.8434501886367798
      ],
      [
         274.20281982421875,
         172.88612365722656
      ],
      [
         47.00000762939453,
         254.09315490722656
      ],
      [
         45.008296966552734,
         257.18707275390625
      ],
      [
         170.39337158203125,
         257.02349853515625
      ],
      [
         300.1054992675781,
         171.516845703125
      ],
      [
         286.5672607421875,
         96.31458282470703
      ],
      [
         277.2764892578125,
         173.0394287109375
      ],
      [
         80.023681640625,
         155.65792846679688
      ],
      [
         300.32830810546875,
         115.76537322998047
      ],
      [
         78.94910430908203,
         158.7470245361328
      ],
      [
         137.3275146484375,
         0.7690673470497131
      ],
      [
         300.248046875,
         12.178332328796387
      ],
      [
         300.0382080078125,
         174.54473876953125
      ],
      [
         48.695560455322266,
         259.2382507324219
      ],
      [
         173.36293029785156,
         255.96376037597656
      ],
      [
         286.24224853515625,
         90.8245620727539
      ],
      [
         300.63671875,
         110.5240707397461
      ]
   ],
   "b1s": [
      1,
      0,
      1,
      0,
      0,
      0,
      0,
      1,
      0,
      0,
      0,
      1,
      0,
      1,
      1,
      1,
      0,
      0,
      0,
      1
   ],
   "b2s": [
      0,
      1,
      0,
      1,
      1,
      1,
      1,
      0,
      1,
      1,
      1,
      0,
      1,
      0,
      0,
      0,
      1,
      1,
      1,
      0
   ]
}