{
   "angles": [
      1.3449511260239702,
      1.3551525068286692,
      1.3363782606729557,
      1.347611445868277,
      1.3422182849775783
   ],
   "dists": [
      26.497345704151776,
      42.016730299303596,
      57.10422743835745,
      71.76345963585057,
      83.92436291245737
   ],
   "p1s": [
      [
         98.14640045166016,
         4.63716459274292
      ],
      [
         0.002708763349801302,
         43.012367248535156
      ],
      [
         62.924320220947266,
         43.683101654052734
      ],
      [
         0.12705735862255096,
         73.55980682373047
      ],
      [
         55.08169174194336,
         73.35114288330078
      ]
   ],
   "p2s": [
      [
         0.040982507169246674,
         27.178367614746094
      ],
      [
         99.068359375,
         21.312063217163086
      ],
      [
         0.1604001224040985,
         58.671669006347656
      ],
      [
         67.08244323730469,
         58.363224029541016
      ],
      [
         0.036542557179927826,
         86.15707397460938
      ]
   ],
   "b1s": [
      0,
      0,
      0,
      0,
      0
   ],
   "b2s": [
      0,
      0,
      0,
      0,
      0
   ]
}