{
   "angles": [
      0.9264726846940639,
      1.181085132091207,
      1.1947882517848474
   ],
   "dists": [
      51.70963143561009,
      85.47173038055561,
      94.6637532782081
   ],
   "p1s": [
      [
         0.8053264021873474,
         64.07192993164062
      ],
      [
         27.613388061523438,
         81.0586929321289
      ],
      [
         98.02880859375,
         63.072967529296875
      ]
   ],
   "p2s": [
      [
         83.1537857055664,
         2.2046968936920166
      ],
      [
         98.90827178955078,
         51.77665710449219
      ],
      [
         30.31770133972168,
         89.80473327636719
      ]
   ],
   "b1s": [
      0,
      0,
      0
   ],
   "b2s": [
      0,
      0,
      0
   ]
}