{
   "angles": [
      -1.4704837006717966,
      1.190165784907643,
      -1.4470752022708275,
      -1.437520938409299
   ],
   "dists": [
      4.309753364897763,
      47.20766111412799,
      -59.9321475518078,
      -85.4360525699631
   ],
   "p1s": [
      [
         100.0,
         5.733517169952393
      ],
      [
         0.2920522093772888,
         50.7298698425293
      ],
      [
         71.95745086669922,
         69.3421401977539
      ],
      [
         4.034668922424316,
         86.74140930175781
      ]
   ],
   "p2s": [
      [
         44.98030471801758,
         0.19576969742774963
      ],
      [
         49.94465637207031,
         30.86168670654297
      ],
      [
         3.0285511016845703,
         60.770408630371094
      ],
      [
         95.0082778930664,
         98.93826293945312
      ]
   ],
   "b1s": [
      0,
      0,
      0,
      0
   ],
   "b2s": [
      0,
      0,
      0,
      0
   ]
}