{
   "angles": [
      0.9013494574005189
   ],
   "dists": [
      84.45707673652126
   ],
   "p1s": [
      [
         82.39520263671875,
         42.49939727783203
      ]
   ],
   "p2s": [
      [
         9.8976469039917,
         99.87065887451172
      ]
   ],
   "b1s": [
      0
   ],
   "b2s": [
      0
   ]
}