{
   "angles": [
      0.05162639323368048
   ],
   "dists": [
      26.8522245780907
   ],
   "p1s": [
      [
         21.721561431884766,
         99.98561096191406
      ]
   ],
   "p2s": [
      [
         24.35515785217285,
         49.01835250854492
      ]
   ],
   "b1s": [
      0
   ],
   "b2s": [
      0
   ]
}