{
   "angles": [
      0.9539845269011792,
      1.3872607561830907,
      1.4229812785379206,
      1.4172008559781022
   ],
   "dists": [
      57.291165333858025,
      74.49036957028476,
      80.30266653923071,
      101.33331847918751
   ],
   "p1s": [
      [
         93.80052185058594,
         3.7186899185180664
      ],
      [
         26.7758731842041,
         70.7925796508789
      ],
      [
         99.0650863647461,
         66.43710327148438
      ],
      [
         16.986186981201172,
         99.91077423095703
      ]
   ],
   "p2s": [
      [
         0.581922173500061,
         69.82064056396484
      ],
      [
         99.06926727294922,
         57.37316131591797
      ],
      [
         22.13287925720215,
         77.89240264892578
      ],
      [
         96.92794799804688,
         87.53461456298828
      ]
   ],
   "b1s": [
      0,
      0,
      0,
      0
   ],
   "b2s": [
      0,
      0,
      0,
      0
   ]
}