{
   "angles": [
      1.0395538239254718,
      1.0451458008260883
   ],
   "dists": [
      33.94570059689327,
      40.36118747985092
   ],
   "p1s": [
      [
         0.5992753505706787,
         39.019893646240234
      ],
      [
         0.28666064143180847,
         46.49416732788086
      ]
   ],
   "p2s": [
      [
         64.33477020263672,
         1.5697369575500488
      ],
      [
         61.11936950683594,
         11.205780982971191
      ]
   ],
   "b1s": [
      0,
      0
   ],
   "b2s": [
      0,
      0
   ]
}