{
   "angles": [
      -1.2635065274292783
   ],
   "dists": [
      -13.831168621355875
   ],
   "p1s": [
      [
         0.1410098373889923,
         14.55565357208252
      ]
   ],
   "p2s": [
      [
         54.38997268676758,
         31.771127700805664
      ]
   ],
   "b1s": [
      0
   ],
   "b2s": [
      0
   ]
}