{
   "angles": [
      -1.2522118746080908,
      -1.2586028719183873,
      -1.2663163535155828
   ],
   "dists": [
      2.2651066226307104,
      -11.55883164116796,
      -22.76283348547972
   ],
   "p1s": [
      [
         9.123968124389648,
         0.624132513999939
      ],
      [
         71.27429962158203,
         35.149559020996094
      ],
      [
         0.03994455933570862,
         23.87289047241211
      ]
   ],
   "p2s": [
      [
         77.29420471191406,
         23.107990264892578
      ],
      [
         0.0,
         12.145951271057129
      ],
      [
         69.7546157836914,
         45.78085708618164
      ]
   ],
   "b1s": [
      0,
      0,
      0
   ],
   "b2s": [
      0,
      0,
      0
   ]
}