{
   "angles": [
      1.1891317762420293,
      1.3176386532670625,
      1.3940625283295816,
      -1.2637333292601052,
      -1.2865903716319687
   ],
   "dists": [
      24.392204363664973,
      27.295880711123953,
      33.186523628150034,
      -44.90106463144965,
      -66.43555019305563
   ],
   "p1s": [
      [
         8.02511215209961,
         23.062570571899414
      ],
      [
         0.2896513342857361,
         28.11960792541504
      ],
      [
         64.0487060546875,
         22.27272605895996
      ],
      [
         100.0,
         78.81356811523438
      ],
      [
         36.99455642700195,
         80.01863098144531
      ]
   ],
   "p2s": [
      [
         62.1382942199707,
         1.3445746898651123
      ],
      [
         76.1291732788086,
         8.499311447143555
      ],
      [
         4.172603130340576,
         32.96643829345703
      ],
      [
         40.96973419189453,
         60.095542907714844
      ],
      [
         95.010009765625,
         96.96574401855469
      ]
   ],
   "b1s": [
      0,
      0,
      0,
      0,
      0
   ],
   "b2s": [
      0,
      0,
      0,
      0,
      0
   ]
}