{
   "angles": [
      -1.269783528527857,
      -1.2681843817106375,
      -1.274937529439874,
      -1.3611684882409634,
      1.3257555127365888
   ],
   "dists": [
      7.400124495055085,
      -3.886068619188734,
      -13.973619855774583,
      -29.41173476255353,
      71.53764406229006
   ],
   "p1s": [
      [
         31.035306930541992,
         1.8862727880477905
      ],
      [
         99.91719055175781,
         35.26524353027344
      ],
      [
         25.851282119750977,
         22.4879093170166
      ],
      [
         82.09855651855469,
         47.53676223754883
      ],
      [
         23.23274803161621,
         67.93074035644531
      ]
   ],
   "p2s": [
      [
         99.91615295410156,
         23.27008628845215
      ],
      [
         41.94780349731445,
         17.167184829711914
      ],
      [
         90.6247329711914,
         42.231163024902344
      ],
      [
         18.020437240600586,
         33.903934478759766
      ],
      [
         79.93767547607422,
         53.75077438354492
      ]
   ],
   "b1s": [
      0,
      0,
      0,
      0,
      0
   ],
   "b2s": [
      0,
      0,
      0,
      0,
      0
   ]
}