{
   "angles": [
      0.039759713257012,
      0.03174842430834634,
      0.03880000865086067,
      0.028014991730453354,
      0.007949864664632182,
      0.02819188794893591,
      0.01789952533116924
   ],
   "dists": [
      21.602418349287294,
      32.92084813390918,
      42.65775809682088,
      61.30796985758467,
      77.9659275371928,
      83.19529588335938,
      91.67772945566274
   ],
   "p1s": [
      [
         19.551618576049805,
         51.98217010498047
      ],
      [
         32.93744659423828,
         0.0
      ],
      [
         39.81752014160156,
         73.992919921875
      ],
      [
         61.3317756652832,
         0.00929717905819416
      ],
      [
         77.41192626953125,
         69.99532318115234
      ],
      [
         80.40843200683594,
         100.0
      ],
      [
         90.90478515625,
         43.998294830322266
      ]
   ],
   "p2s": [
      [
         21.619504928588867,
         0.0
      ],
      [
         30.9674072265625,
         62.030723571777344
      ],
      [
         42.68988800048828,
         0.0
      ],
      [
         58.75339126586914,
         92.02111053466797
      ],
      [
         77.96839141845703,
         0.0
      ],
      [
         82.18484497070312,
         37.005210876464844
      ],
      [
         89.90230560302734,
         99.99825286865234
      ]
   ],
   "b1s": [
      0,
      0,
      0,
      0,
      0,
      0,
      0
   ],
   "b2s": [
      0,
      0,
      0,
      0,
      0,
      0,
      0
   ]
}