{
   "angles": [
      -1.2358343858599263,
      -1.2370078588146882,
      -1.2652559175366522,
      -1.2526834709341388,
      -1.2512905490823951
   ],
   "dists": [
      -2.3304823274971156,
      5.163688922975881,
      -21.712539563904492,
      -48.55764608890754,
      -62.70467727082628
   ],
   "p1s": [
      [
         99.91447448730469,
         37.24570083618164
      ],
      [
         38.08924865722656,
         7.7426228523254395
      ],
      [
         35.96499252319336,
         34.110984802246094
      ],
      [
         99.98448944091797,
         84.04712677001953
      ],
      [
         0.0,
         66.04727935791016
      ]
   ],
   "p2s": [
      [
         5.827349662780762,
         4.496009826660156
      ],
      [
         93.95962524414062,
         27.116430282592773
      ],
      [
         99.91143035888672,
         54.28080749511719
      ],
      [
         0.0,
         51.12261199951172
      ],
      [
         89.44957733154297,
         95.64087677001953
      ]
   ],
   "b1s": [
      0,
      0,
      0,
      0,
      0
   ],
   "b2s": [
      0,
      0,
      0,
      0,
      0
   ]
}