{
   "angles": [
      0.9129560774156927,
      0.968235991249884,
      0.9150610720483968
   ],
   "dists": [
      64.8201386165363,
      49.32096480280039,
      93.04197129986203
   ],
   "p1s": [
      [
         78.31341552734375,
         21.405637741088867
      ],
      [
         0.40331289172172546,
         59.5862922668457
      ],
      [
         23.480607986450195,
         99.32484436035156
      ]
   ],
   "p2s": [
      [
         1.5524513721466064,
         80.71501159667969
      ],
      [
         54.334808349609375,
         22.486711502075195
      ],
      [
         94.66432189941406,
         44.56365966796875
      ]
   ],
   "b1s": [
      0,
      0,
      0
   ],
   "b2s": [
      0,
      0,
      0
   ]
}