{
   "angles": [
      -0.10560954808809588,
      -0.107759959048914,
      0.9801676355194405,
      0.9858766342628803
   ],
   "dists": [
      28.80795933965644,
      51.384504147894184,
      90.37651906661007,
      111.6628108057945
   ],
   "p1s": [
      [
         32.5782356262207,
         34.044708251953125
      ],
      [
         51.687950134277344,
         0.033757284283638
      ],
      [
         14.423176765441895,
         99.1396713256836
      ],
      [
         52.46120071411133,
         99.1863784790039
      ]
   ],
   "p2s": [
      [
         28.969701766967773,
         0.003211803501471877
      ],
      [
         53.96813201904297,
         21.11162567138672
      ],
      [
         98.04820251464844,
         43.0718994140625
      ],
      [
         99.86425018310547,
         67.79501342773438
      ]
   ],
   "b1s": [
      1,
      0,
      0,
      0
   ],
   "b2s": [
      0,
      1,
      0,
      0
   ]
}