{
   "angles": [
      -0.056013729793490105,
      -0.09805754341224077,
      -1.2558748900159387,
      -1.2633683558424271,
      -1.2541866120129201
   ],
   "dists": [
      24.87217071772325,
      31.573819302313833,
      -16.08754007663181,
      -16.081600472503123,
      -27.81564779616379
   ],
   "p1s": [
      [
         26.08534812927246,
         20.93914222717285
      ],
      [
         31.728849411010742,
         0.02667384408414364
      ],
      [
         37.00799560546875,
         28.975454330444336
      ],
      [
         0.03672312572598457,
         16.884334564208984
      ],
      [
         84.96478271484375,
         57.10759353637695
      ]
   ],
   "p2s": [
      [
         24.911518096923828,
         0.004961440805345774
      ],
      [
         34.49523162841797,
         28.148029327392578
      ],
      [
         99.85395050048828,
         49.44832229614258
      ],
      [
         19.935808181762695,
         23.20218276977539
      ],
      [
         0.0,
         29.270505905151367
      ]
   ],
   "b1s": [
      1,
      0,
      1,
      0,
      0
   ],
   "b2s": [
      0,
      1,
      0,
      0,
      0
   ]
}