{
   "angles": [
      -0.07159041986151027,
      -0.08446097075861662,
      -0.11028974344532631,
      -0.10222861471222053,
      -0.1266195100996319,
      -0.10628701732533964
   ],
   "dists": [
      51.82706626208108,
      58.58961002416348,
      1.9761148608782877,
      81.89648608702936,
      27.50873530502647,
      82.05943117155655
   ],
   "p1s": [
      [
         54.039634704589844,
         28.99715805053711
      ],
      [
         58.80064010620117,
         0.01686776615679264
      ],
      [
         7.5187883377075195,
         49.94255065917969
      ],
      [
         87.2478256225586,
         47.97457504272461
      ],
      [
         34.47004699707031,
         52.940162658691406
      ],
      [
         91.37604522705078,
         82.95987701416016
      ]
   ],
   "p2s": [
      [
         51.960365295410156,
         0.002842413727194071
      ],
      [
         67.26544952392578,
         100.0
      ],
      [
         2.6568362712860107,
         6.038001537322998
      ],
      [
         83.25738525390625,
         9.07618236541748
      ],
      [
         40.10952377319336,
         97.24066162109375
      ],
      [
         88.28311920166016,
         53.96979522705078
      ]
   ],
   "b1s": [
      1,
      0,
      0,
      0,
      1,
      0
   ],
   "b2s": [
      0,
      0,
      0,
      0,
      0,
      0
   ]
}