{
   "angles": [
      -0.08466254314930619,
      -0.12528187662321386,
      -0.04676528172273188,
      -0.06630983904678778,
      -0.06260940733437415,
      -0.11230444670469684
   ],
   "dists": [
      31.386531334151947,
      53.640901293445914,
      4.677705220554772,
      24.77516121064458,
      88.59899149281854,
      85.11776909336184
   ],
   "p1s": [
      [
         31.502933502197266,
         0.04218322038650513
      ],
      [
         60.60401153564453,
         51.92394256591797
      ],
      [
         5.337277889251709,
         13.98421573638916
      ],
      [
         28.947208404541016,
         62.00350570678711
      ],
      [
         90.77991485595703,
         32.013797760009766
      ],
      [
         92.0846939086914,
         56.990447998046875
      ]
   ],
   "p2s": [
      [
         39.98589324951172,
         100.0
      ],
      [
         54.064632415771484,
         0.0
      ],
      [
         7.9056196212768555,
         68.86402130126953
      ],
      [
         25.689979553222656,
         12.954180717468262
      ],
      [
         92.22008514404297,
         54.986202239990234
      ],
      [
         96.36670684814453,
         94.9586410522461
      ]
   ],
   "b1s": [
      0,
      1,
      0,
      1,
      0,
      0
   ],
   "b2s": [
      0,
      0,
      0,
      0,
      0,
      0
   ]
}