{
   "angles": [
      0.9900552086409786,
      0.9614246555180592,
      0.9964372946373365,
      -0.049114789389718395
   ],
   "dists": [
      27.409930723453932,
      54.20234526903327,
      52.24437871969203,
      81.27662110201526
   ],
   "p1s": [
      [
         13.575125694274902,
         23.87641143798828
      ],
      [
         93.08789825439453,
         1.1259270906448364
      ],
      [
         57.86126708984375,
         24.785621643066406
      ],
      [
         84.52178192138672,
         64.02350616455078
      ]
   ],
   "p2s": [
      [
         48.830108642578125,
         0.741108775138855
      ],
      [
         64.87367248535156,
         20.819015502929688
      ],
      [
         0.56090247631073,
         61.86674499511719
      ],
      [
         86.28948211669922,
         99.98577117919922
      ]
   ],
   "b1s": [
      0,
      0,
      1,
      0
   ],
   "b2s": [
      0,
      1,
      0,
      0
   ]
}