{
   "angles": [
      0.954378933645031,
      0.9456998459665577,
      0.9585882842606703,
      -1.173385758373125,
      -0.05436343603149255
   ],
   "dists": [
      28.31500877609824,
      70.34659041142963,
      80.78763932353912,
      -38.98323034176158,
      42.46219938198771
   ],
   "p1s": [
      [
         33.15128707885742,
         11.213526725769043
      ],
      [
         43.05036926269531,
         55.684051513671875
      ],
      [
         48.20428466796875,
         64.8668441772461
      ],
      [
         45.65427780151367,
         61.44124221801758
      ],
      [
         47.96672821044922,
         100.0
      ]
   ],
   "p2s": [
      [
         1.4685004949569702,
         33.6612434387207
      ],
      [
         95.75038146972656,
         17.654088973999023
      ],
      [
         99.0929183959961,
         29.1323184967041
      ],
      [
         1.9580252170562744,
         43.10000228881836
      ],
      [
         46.55320739746094,
         74.0243148803711
      ]
   ],
   "b1s": [
      0,
      1,
      1,
      1,
      0
   ],
   "b2s": [
      0,
      0,
      0,
      0,
      1
   ]
}