{
   "angles": [
      -0.09915393484793941,
      0.9573740190959908,
      -0.07047390446421403,
      1.0208033348708017,
      -0.07576790634694774
   ],
   "dists": [
      54.252552555483845,
      56.61092745554423,
      3.461845299714365,
      76.39441387830317,
      55.92705066522973
   ],
   "p1s": [
      [
         58.996978759765625,
         45.000301361083984
      ],
      [
         60.19405746459961,
         26.85523796081543
      ],
      [
         3.8945302963256836,
         6.007445335388184
      ],
      [
         100.0,
         28.29969596862793
      ],
      [
         63.679290771484375,
         100.0
      ]
   ],
   "p2s": [
      [
         56.41624069213867,
         19.058073043823242
      ],
      [
         97.6417465209961,
         0.49113190174102783
      ],
      [
         10.115386009216309,
         94.1330337524414
      ],
      [
         65.78035736083984,
         49.27961730957031
      ],
      [
         59.657859802246094,
         47.025962829589844
      ]
   ],
   "b1s": [
      1,
      1,
      0,
      0,
      0
   ],
   "b2s": [
      0,
      0,
      0,
      1,
      1
   ]
}