{
   "angles": [
      -0.045021236193102325,
      -0.07391875842449068,
      -0.06913724936087003,
      -0.06523330597050943,
      -0.08385402861607476,
      -0.019645030283396685
   ],
   "dists": [
      13.388560883615662,
      11.461359202088557,
      19.853424992198104,
      90.00074782758436,
      73.26263376006317,
      24.211916057547544
   ],
   "p1s": [
      [
         16.10097885131836,
         59.90537643432617
      ],
      [
         18.89811134338379,
         100.0
      ],
      [
         19.90144157409668,
         0.006824989803135395
      ],
      [
         95.9980697631836,
         88.86949157714844
      ],
      [
         77.4750747680664,
         47.04412078857422
      ],
      [
         25.670635223388672,
         74.0064697265625
      ]
   ],
   "p2s": [
      [
         13.402140617370605,
         0.0
      ],
      [
         16.6046142578125,
         69.0292739868164
      ],
      [
         24.40968894958496,
         65.11012268066406
      ],
      [
         90.19258117675781,
         0.0
      ],
      [
         80.5912094116211,
         84.118408203125
      ],
      [
         26.1812744140625,
         99.9964370727539
      ]
   ],
   "b1s": [
      0,
      0,
      0,
      0,
      1,
      1
   ],
   "b2s": [
      0,
      0,
      1,
      0,
      0,
      0
   ]
}