{
   "angles": [
      0.9744474149176823,
      0.93318718349624,
      -0.09026417851961815,
      -0.11053078326564772,
      -0.08149559549026622,
      -0.08866962835369858
   ],
   "dists": [
      23.06971383483986,
      55.74344423914441,
      50.01374130986082,
      71.05318628993663,
      23.721158592024324,
      42.775275903195876
   ],
   "p1s": [
      [
         36.891990661621094,
         2.8405373096466064
      ],
      [
         67.04203796386719,
         19.7069149017334
      ],
      [
         54.101097106933594,
         42.90034103393555
      ],
      [
         82.58059692382812,
         99.93556213378906
      ],
      [
         28.777231216430664,
         60.9365234375
      ],
      [
         51.834259033203125,
         100.0
      ]
   ],
   "p2s": [
      [
         0.0,
         27.882469177246094
      ],
      [
         85.19278717041016,
         6.260228633880615
      ],
      [
         59.267005920410156,
         99.975830078125
      ],
      [
         76.47779083251953,
         44.94697189331055
      ],
      [
         31.967798233032227,
         100.0
      ],
      [
         48.364173889160156,
         60.96763610839844
      ]
   ],
   "b1s": [
      0,
      0,
      1,
      0,
      1,
      0
   ],
   "b2s": [
      0,
      0,
      0,
      1,
      0,
      1
   ]
}