{
   "angles": [
      -0.0515403406840851,
      -0.06838986179427631,
      -0.3230973998022858,
      -0.08061177246116474,
      -1.2405340012268493,
      -1.254025242023532
   ],
   "dists": [
      11.033877227147224,
      81.34056528486396,
      65.38453984852615,
      2.6705202901409204,
      -46.53319322897219,
      -59.42907779231528
   ],
   "p1s": [
      [
         11.048548698425293,
         0.0
      ],
      [
         81.5333480834961,
         0.03196399286389351
      ],
      [
         77.49082946777344,
         25.500825881958008
      ],
      [
         6.546893119812012,
         47.875030517578125
      ],
      [
         5.0289177894592285,
         50.915645599365234
      ],
      [
         99.90477752685547,
         95.29047393798828
      ]
   ],
   "p2s": [
      [
         13.680285453796387,
         51.016475677490234
      ],
      [
         86.87915802001953,
         78.07677459716797
      ],
      [
         69.559326171875,
         1.8127204179763794
      ],
      [
         3.1628780364990234,
         5.986841678619385
      ],
      [
         63.06467056274414,
         70.81135559082031
      ],
      [
         28.083057403564453,
         71.74662780761719
      ]
   ],
   "b1s": [
      0,
      0,
      1,
      0,
      0,
      0
   ],
   "b2s": [
      0,
      0,
      0,
      0,
      1,
      1
   ]
}