{
   "angles": [
      -1.1990686739276022,
      0.968649113889096,
      -0.05586191687454956,
      -0.13178926272373737,
      -0.06546892051136141,
      0.07086777472310535,
      -1.1846419405051258,
      -0.05570031238951547,
      -0.07061547083259932
   ],
   "dists": [
      3.963361734244427,
      63.88337469951257,
      7.143476795907689,
      0.4886796031987135,
      14.05439398503441,
      26.095956787463862,
      -2.088912583182548,
      84.46901748384427,
      90.32769660635466
   ],
   "p1s": [
      [
         13.930952072143555,
         1.1771124601364136
      ],
      [
         77.95707702636719,
         23.937551498413086
      ],
      [
         10.449390411376953,
         58.918949127197266
      ],
      [
         13.735784530639648,
         99.9024658203125
      ],
      [
         14.937151908874512,
         13.004120826721191
      ],
      [
         21.479129791259766,
         65.96302795410156
      ],
      [
         86.97003936767578,
         37.614070892333984
      ],
      [
         89.5578384399414,
         88.91313934326172
      ],
      [
         93.59691619873047,
         43.02851104736328
      ]
   ],
   "p2s": [
      [
         76.40278625488281,
         25.53189468383789
      ],
      [
         99.9008560180664,
         8.855741500854492
      ],
      [
         7.544374942779541,
         6.9695587158203125
      ],
      [
         8.421431541442871,
         59.81157684326172
      ],
      [
         18.35321617126465,
         65.10797119140625
      ],
      [
         19.92024040222168,
         87.92335510253906
      ],
      [
         19.007070541381836,
         9.982609748840332
      ],
      [
         86.88665008544922,
         41.00632095336914
      ],
      [
         97.2816162109375,
         95.12154388427734
      ]
   ],
   "b1s": [
      0,
      1,
      0,
      0,
      0,
      1,
      0,
      0,
      0
   ],
   "b2s": [
      1,
      0,
      0,
      0,
      0,
      0,
      0,
      0,
      0
   ]
}