{
   "angles": [
      -0.050981957876292464,
      -0.062160604577737165,
      -0.05805993971325705,
      -0.04205800858887868
   ],
   "dists": [
      19.273079370991674,
      18.199327613065563,
      26.24380224912824,
      28.551438673258723
   ],
   "p1s": [
      [
         22.407087326049805,
         60.928218841552734
      ],
      [
         24.4586238861084,
         100.0
      ],
      [
         26.290494918823242,
         0.041240181773900986
      ],
      [
         31.77363395690918,
         75.96744537353516
      ]
   ],
   "p2s": [
      [
         19.298152923583984,
         0.0
      ],
      [
         22.716976165771484,
         72.01759338378906
      ],
      [
         30.188610076904297,
         67.10528564453125
      ],
      [
         32.78360366821289,
         99.96702575683594
      ]
   ],
   "b1s": [
      1,
      0,
      0,
      1
   ],
   "b2s": [
      0,
      1,
      1,
      0
   ]
}