{
   "angles": [
      0.9455936651119472,
      0.9863168093955176,
      0.9932363351894596,
      0.9953103433545908
   ],
   "dists": [
      50.41616120888199,
      62.222973373318375,
      83.25903296389349,
      107.51800903256736
   ],
   "p1s": [
      [
         54.935550689697266,
         22.525270462036133
      ],
      [
         0.7399280071258545,
         74.118408203125
      ],
      [
         0.6305491328239441,
         98.96756744384766
      ],
      [
         95.94638061523438,
         65.91735076904297
      ]
   ],
   "p2s": [
      [
         84.91694641113281,
         0.8849291205406189
      ],
      [
         92.34130859375,
         13.51589298248291
      ],
      [
         98.93665313720703,
         34.902801513671875
      ],
      [
         44.52885437011719,
         99.27375030517578
      ]
   ],
   "b1s": [
      1,
      0,
      0,
      0
   ],
   "b2s": [
      0,
      0,
      0,
      0
   ]
}