{
   "angles": [
      -0.10709411660889699,
      -0.07464665215783348,
      -0.09966186187731613,
      -0.07378953044783262
   ],
   "dists": [
      39.813627004686346,
      65.7956417355131,
      11.060734326580494,
      86.0688526795893
   ],
   "p1s": [
      [
         40.04303741455078,
         0.0
      ],
      [
         69.11414337158203,
         41.91667938232422
      ],
      [
         11.708765029907227,
         5.929128170013428
      ],
      [
         91.5601577758789,
         71.10643768310547
      ]
   ],
   "p2s": [
      [
         49.83944320678711,
         91.12476348876953
      ],
      [
         66.3513412475586,
         4.973724842071533
      ],
      [
         16.59952163696289,
         54.840057373046875
      ],
      [
         89.9263687133789,
         49.00544357299805
      ]
   ],
   "b1s": [
      0,
      1,
      0,
      0
   ],
   "b2s": [
      0,
      0,
      0,
      0
   ]
}