{
   "angles": [
      0.9636937288836661,
      0.8787924330235352,
      -0.122244681737918,
      -0.20825849683470865,
      0.9406092921479344
   ],
   "dists": [
      22.365061316285715,
      33.0015621973166,
      50.28335521487914,
      65.56653690778124,
      113.55291393460247
   ],
   "p1s": [
      [
         0.5768490433692932,
         26.830459594726562
      ],
      [
         48.04067611694336,
         3.0490846633911133
      ],
      [
         61.32992935180664,
         86.83660888671875
      ],
      [
         77.35356903076172,
         48.9252815246582
      ],
      [
         83.00469970703125,
         80.00643920898438
      ]
   ],
   "p2s": [
      [
         37.92306137084961,
         0.8892378807067871
      ],
      [
         18.463850021362305,
         27.559724807739258
      ],
      [
         55.32508850097656,
         37.960060119628906
      ],
      [
         82.4649887084961,
         73.1130599975586
      ],
      [
         55.85893630981445,
         99.80660247802734
      ]
   ],
   "b1s": [
      0,
      0,
      0,
      1,
      0
   ],
   "b2s": [
      0,
      0,
      1,
      0,
      0
   ]
}