{
   "angles": [
      0.14530059597726244,
      -0.13241728590444204,
      -0.08005035172331836,
      1.0392698464100836,
      0.9513422844324698,
      0.9570218409324174
   ],
   "dists": [
      48.23793379153169,
      87.2665075170018,
      47.62976842339681,
      102.4554416086668,
      100.95004773337166,
      118.74157774794935
   ],
   "p1s": [
      [
         45.849609375,
         19.831968307495117
      ],
      [
         92.44259643554688,
         33.07423400878906
      ],
      [
         55.804962158203125,
         100.0
      ],
      [
         79.61322021484375,
         72.0429458618164
      ],
      [
         57.351688385009766,
         83.09083557128906
      ],
      [
         64.74449157714844,
         99.63734436035156
      ]
   ],
   "p2s": [
      [
         48.75165939331055,
         0.0
      ],
      [
         88.03721618652344,
         0.0
      ],
      [
         50.825897216796875,
         37.93376159667969
      ],
      [
         99.28143310546875,
         60.4786491394043
      ],
      [
         77.03778076171875,
         69.05298614501953
      ],
      [
         96.95841217041016,
         76.94097137451172
      ]
   ],
   "b1s": [
      0,
      0,
      0,
      1,
      0,
      0
   ],
   "b2s": [
      0,
      0,
      1,
      0,
      1,
      0
   ]
}