{
   "angles": [
      0.9662120173219679
   ],
   "dists": [
      222.57135161745725
   ]
}