{
   "angles": [
      -0.42039439957781555,
      -0.40427866273411317,
      1.1385134976349645,
      1.152850937889696
   ],
   "dists": [
      42.957251895140246,
      50.76896920876571,
      159.4532161741547,
      164.39703364311424
   ]
}