{
   "angles": [
      -0.2211134467225001,
      -0.2174541841570733
   ],
   "dists": [
      105.66138139568253,
      111.82940976350973
   ]
}