{
   "angles": [
      0.06751228058694049,
      0.8058389076620397,
      0.9962260362523138,
      1.2388131577167127,
      0.6149731684832558,
      -0.38341372641459925
   ],
   "dists": [
      123.2939962661418,
      250.41457574307174,
      52.86498452285325,
      60.584031697236824,
      343.0736132444391,
      142.7941866308411
   ],
   "p1s": [
      [
         103.28512573242188,
         300.0868835449219
      ],
      [
         212.846923828125,
         142.79879760742188
      ],
      [
         1.150597333908081,
         62.232608795166016
      ],
      [
         0.6112617254257202,
         63.872379302978516
      ],
      [
         213.84913635253906,
         291.8934326171875
      ],
      [
         158.0064697265625,
         9.99738883972168
      ]
   ],
   "p2s": [
      [
         118.63670349121094,
         73.04305267333984
      ],
      [
         300.56842041015625,
         58.592140197753906
      ],
      [
         97.32886505126953,
         -0.036604832857847214
      ],
      [
         158.18914794921875,
         9.548643112182617
      ],
      [
         300.9079284667969,
         168.64132690429688
      ],
      [
         212.05157470703125,
         143.9792022705078
      ]
   ],
   "b1s": [
      0,
      1,
      0,
      0,
      0,
      0
   ],
   "b2s": [
      1,
      0,
      0,
      0,
      0,
      1
   ]
}