{
   "angles": [
      0.8598996209023733,
      0.5786634182778517,
      0.945200457400734,
      -0.14088751754578033,
      -0.9813619366689295,
      -0.9841715162018132,
      -0.9805766542427854,
      -0.9841104319322501,
      -1.155912700042361
   ],
   "dists": [
      208.20286033143026,
      188.1937512632315,
      329.2874581866315,
      189.78506897612448,
      -106.69202616211669,
      -107.05603973083662,
      -104.10400060980697,
      -104.65853871791306,
      -217.8443226074671
   ],
   "p1s": [
      [
         80.50878143310547,
         205.42953491210938
      ],
      [
         198.3042449951172,
         40.545494079589844
      ],
      [
         242.37278747558594,
         231.13174438476562
      ],
      [
         191.8098602294922,
         0.8851396441459656
      ],
      [
         98.51443481445312,
         194.23072814941406
      ],
      [
         0.4412258565425873,
         128.84066772460938
      ],
      [
         101.01840209960938,
         192.9725341796875
      ],
      [
         0.8439542651176453,
         126.23473358154297
      ],
      [
         0.8232285976409912,
         238.40135192871094
      ]
   ],
   "p2s": [
      [
         300.70611572265625,
         15.820038795471191
      ],
      [
         224.6947479248047,
         0.14732985198497772
      ],
      [
         300.7131652832031,
         188.98719787597656
      ],
      [
         197.5091094970703,
         41.06962203979492
      ],
      [
         249.52401733398438,
         295.2164001464844
      ],
      [
         71.58106994628906,
         176.12579345703125
      ],
      [
         250.10569763183594,
         292.84222412109375
      ],
      [
         70.36543273925781,
         172.45028686523438
      ],
      [
         133.4098358154297,
         296.7991027832031
      ]
   ],
   "b1s": [
      1,
      1,
      1,
      0,
      1,
      0,
      1,
      0,
      0
   ],
   "b2s": [
      0,
      0,
      0,
      1,
      0,
      1,
      0,
      1,
      0
   ]
}