{
   "angles": [
      1.4862286469357704,
      1.4932798279173527,
      0.2903160996296971,
      0.40472067128963324,
      0.8808080805727407
   ],
   "dists": [
      254.60189960291797,
      254.35209399307053,
      212.50342863567167,
      152.69537182880762,
      40.63377950149296
   ],
   "p1s": [
      [
         0.8678839802742004,
         255.44146728515625
      ],
      [
         150.87567138671875,
         243.39935302734375
      ],
      [
         131.98045349121094,
         300.5916748046875
      ],
      [
         129.4398651123047,
         85.61679077148438
      ],
      [
         0.4403749406337738,
         52.32192611694336
      ]
   ],
   "p2s": [
      [
         70.04891204833984,
         249.57701110839844
      ],
      [
         300.1402587890625,
         231.8056640625
      ],
      [
         177.43978881835938,
         148.43014526367188
      ],
      [
         165.89064025878906,
         0.5247809290885925
      ],
      [
         63.44287109375,
         0.3249489963054657
      ]
   ],
   "b1s": [
      0,
      1,
      0,
      1,
      0
   ],
   "b2s": [
      1,
      0,
      1,
      0,
      0
   ]
}