{
   "angles": [
      0.8926243038496023,
      0.39952621096719665,
      0.4282915553216784,
      1.2015947291713633,
      1.3783728370189166,
      -1.047795938032218
   ],
   "dists": [
      45.883136029679335,
      269.77786324156176,
      151.4709962334503,
      250.40822520072516,
      24.106361648266763,
      -53.18988364205947
   ],
   "p1s": [
      [
         0.07934340834617615,
         58.85723876953125
      ],
      [
         165.84161376953125,
         300.777587890625
      ],
      [
         142.84246826171875,
         51.841190338134766
      ],
      [
         215.63681030273438,
         185.06138610839844
      ],
      [
         85.18746948242188,
         7.962215423583984
      ],
      [
         1.444045901298523,
         62.22975540161133
      ]
   ],
   "p2s": [
      [
         61.73316955566406,
         9.186305046081543
      ],
      [
         225.03298950195312,
         160.59169006347656
      ],
      [
         166.21739196777344,
         0.6427004337310791
      ],
      [
         300.47705078125,
         152.23289489746094
      ],
      [
         119.07027435302734,
         1.3606981039047241
      ],
      [
         67.85448455810547,
         100.51888275146484
      ]
   ],
   "b1s": [
      0,
      0,
      1,
      1,
      0,
      0
   ],
   "b2s": [
      0,
      1,
      0,
      0,
      0,
      1
   ]
}