{
   "angles": [
      0.06289923366887,
      1.4923263230003796
   ],
   "dists": [
      102.91401005344586,
      231.02256732226635
   ],
   "p1s": [
      [
         99.2121810913086,
         62.013362884521484
      ],
      [
         0.8950498104095459,
         231.665283203125
      ]
   ],
   "p2s": [
      [
         103.06262969970703,
         0.8779798746109009
      ],
      [
         300.0895690917969,
         208.13919067382812
      ]
   ],
   "b1s": [
      1,
      0
   ],
   "b2s": [
      0,
      0
   ]
}