{
   "angles": [
      1.3403049957433237,
      0.4160064743944091,
      0.4054074175116941,
      1.3153670842241019,
      0.4935731158756348,
      0.7252896345097833,
      1.2837691516511789,
      0.723958022953436
   ],
   "dists": [
      175.10011360486058,
      183.89498746848193,
      271.26319590394246,
      179.97898826478084,
      283.1319040884787,
      202.64294664705656,
      89.32360597885969,
      200.26355692052874
   ],
   "p1s": [
      [
         0.6934884786605835,
         179.69381713867188
      ],
      [
         158.89666748046875,
         95.3961410522461
      ],
      [
         166.21286010742188,
         300.5205383300781
      ],
      [
         256.48736572265625,
         119.03685760498047
      ],
      [
         199.5192413330078,
         226.7448272705078
      ],
      [
         179.7737579345703,
         102.6859130859375
      ],
      [
         0.6846439242362976,
         92.931640625
      ],
      [
         178.44610595703125,
         100.51030731201172
      ]
   ],
   "p2s": [
      [
         96.29560089111328,
         157.25967407226562
      ],
      [
         200.99197387695312,
         0.11286930739879608
      ],
      [
         237.88571166992188,
         133.5217742919922
      ],
      [
         300.4093017578125,
         107.56739044189453
      ],
      [
         300.8229064941406,
         38.44337844848633
      ],
      [
         270.3926086425781,
         0.4615733325481415
      ],
      [
         54.052711486816406,
         77.1785659790039
      ],
      [
         266.67596435546875,
         0.7135193347930908
      ]
   ],
   "b1s": [
      0,
      1,
      0,
      1,
      1,
      1,
      0,
      1
   ],
   "b2s": [
      1,
      0,
      1,
      0,
      0,
      0,
      1,
      0
   ]
}