{
   "angles": [
      1.444281385110605,
      0.4194486786293938,
      -1.2927242149035152,
      0.02141753238630527,
      0.8106544068242711,
      0.718500821710542,
      0.7238354662883674
   ],
   "dists": [
      224.76758787980847,
      306.271172115001,
      -95.9624752446393,
      222.3843207270927,
      9.810763246335824,
      402.1500892815295,
      399.7500966528049
   ],
   "p1s": [
      [
         0.35837772488594055,
         226.53289794921875
      ],
      [
         201.30728149414062,
         300.5829162597656
      ],
      [
         0.4505803883075714,
         99.92462158203125
      ],
      [
         220.76324462890625,
         78.05918884277344
      ],
      [
         -0.20533375442028046,
         13.732190132141113
      ],
      [
         271.5013732910156,
         300.43841552734375
      ],
      [
         268.1996154785156,
         300.17645263671875
      ]
   ],
   "p2s": [
      [
         127.05347442626953,
         210.4180145263672
      ],
      [
         261.6383361816406,
         165.28463745117188
      ],
      [
         43.245182037353516,
         112.14112854003906
      ],
      [
         222.41464233398438,
         0.966040313243866
      ],
      [
         14.139180183410645,
         0.09456070512533188
      ],
      [
         300.419677734375,
         267.3669738769531
      ],
      [
         300.09832763671875,
         264.0869140625
      ]
   ],
   "b1s": [
      0,
      0,
      0,
      1,
      0,
      0,
      0
   ],
   "b2s": [
      1,
      1,
      1,
      0,
      0,
      0,
      0
   ]
}