{
   "angles": [
      0.9446120049015722,
      0.8635439936837428,
      1.2013913518461035,
      0.613124116193565,
      -0.9080519766453433,
      0.6098902713026592,
      -0.907278252330416
   ],
   "dists": [
      153.0678418188151,
      11.853857066096907,
      257.2694441167638,
      372.08964014689656,
      27.075836151439887,
      374.6863623999444,
      29.62851474275395
   ],
   "p1s": [
      [
         0.13882344961166382,
         188.80935668945312
      ],
      [
         -0.11655246466398239,
         15.693726539611816
      ],
      [
         0.8291041851043701,
         275.5586242675781
      ],
      [
         244.25389099121094,
         299.4750671386719
      ],
      [
         208.6216278076172,
         128.4847869873047
      ],
      [
         246.98712158203125,
         300.68975830078125
      ],
      [
         209.24240112304688,
         125.96908569335938
      ]
   ],
   "p2s": [
      [
         252.30462646484375,
         6.421169281005859
      ],
      [
         18.186847686767578,
         0.04868043586611748
      ],
      [
         99.71776580810547,
         237.2710418701172
      ],
      [
         300.11431884765625,
         220.08042907714844
      ],
      [
         299.6087341308594,
         199.5012969970703
      ],
      [
         300.38604736328125,
         224.2697296142578
      ],
      [
         300.5242614746094,
         197.32937622070312
      ]
   ],
   "b1s": [
      0,
      0,
      0,
      0,
      1,
      0,
      1
   ],
   "b2s": [
      0,
      0,
      1,
      0,
      0,
      0,
      0
   ]
}