{
   "angles": [
      1.4361191426194897,
      1.4367134435786195,
      0.38235588751771554,
      1.4347346708825313,
      0.27690233025816213,
      -0.4215178634663054,
      1.3837852163523556,
      -0.3240669917580362,
      -0.14938597559387162,
      0.5873423120127436
   ],
   "dists": [
      150.0542544749936,
      150.208105861952,
      279.6371149886602,
      216.98374426502502,
      172.45274559616647,
      70.52551389696812,
      121.91652173538996,
      226.0222235335653,
      145.2787367978549,
      354.21185526945715
   ],
   "p1s": [
      [
         0.772470235824585,
         151.32078552246094
      ],
      [
         144.0203094482422,
         132.1413116455078
      ],
      [
         268.0203857421875,
         83.00819396972656
      ],
      [
         123.73513793945312,
         202.06756591796875
      ],
      [
         96.53567504882812,
         291.1522521972656
      ],
      [
         77.44810485839844,
         0.35067710280418396
      ],
      [
         0.7973546385765076,
         123.92906188964844
      ],
      [
         238.79241943359375,
         1.0697299242019653
      ],
      [
         184.84628295898438,
         252.02313232421875
      ],
      [
         225.25311279296875,
         300.8341979980469
      ]
   ],
   "p2s": [
      [
         72.08910369873047,
         141.65757751464844
      ],
      [
         300.2762756347656,
         111.06360626220703
      ],
      [
         300.514404296875,
         2.206864356994629
      ],
      [
         300.12567138671875,
         177.9183807373047
      ],
      [
         179.07284545898438,
         0.7364996075630188
      ],
      [
         84.38729858398438,
         15.826336860656738
      ],
      [
         80.172119140625,
         108.90960693359375
      ],
      [
         266.9868469238281,
         85.00442504882812
      ],
      [
         192.06565856933594,
         299.9901123046875
      ],
      [
         292.57025146484375,
         199.71389770507812
      ]
   ],
   "b1s": [
      0,
      1,
      1,
      1,
      0,
      0,
      0,
      0,
      1,
      0
   ],
   "b2s": [
      1,
      0,
      0,
      0,
      0,
      1,
      1,
      1,
      0,
      0
   ]
}