{
   "angles": [
      0.5018997902280988,
      0.713874258864154,
      0.7213660623589726,
      -0.8289961723379553,
      -0.8257228603919685
   ],
   "dists": [
      162.22381609998232,
      174.7378922600547,
      173.62908625264302,
      29.1077340971808,
      -19.538647358508456
   ],
   "p1s": [
      [
         20.08664894104004,
         300.5963134765625
      ],
      [
         0.36456170678138733,
         266.44952392578125
      ],
      [
         0.3918163776397705,
         262.4651184082031
      ],
      [
         42.9925651550293,
         -0.08309439569711685
      ],
      [
         274.334228515625,
         279.6376647949219
      ]
   ],
   "p2s": [
      [
         103.02368927001953,
         149.46421813964844
      ],
      [
         102.49136352539062,
         148.5593719482422
      ],
      [
         39.22124099731445,
         218.31507873535156
      ],
      [
         300.2801513671875,
         235.69422912597656
      ],
      [
         288.3770446777344,
         292.5912780761719
      ]
   ],
   "b1s": [
      0,
      0,
      0,
      0,
      1
   ],
   "b2s": [
      1,
      1,
      1,
      0,
      0
   ]
}