{
   "angles": [
      0.38390325288020777,
      0.38394711647518864,
      0.8014043768258292,
      0.978369763235732
   ],
   "dists": [
      112.63664863402114,
      115.13472592217602,
      218.43989539337028,
      392.990518229586
   ],
   "p1s": [
      [
         0.39425936341285706,
         299.75531005859375
      ],
      [
         2.839487314224243,
         300.3391418457031
      ],
      [
         259.14306640625,
         53.11518096923828
      ],
      [
         256.6532287597656,
         300.97052001953125
      ]
   ],
   "p2s": [
      [
         121.2049331665039,
         0.6788374781608582
      ],
      [
         123.94390869140625,
         0.5733442902565002
      ],
      [
         300.272705078125,
         13.281578063964844
      ],
      [
         298.0520935058594,
         273.10595703125
      ]
   ],
   "b1s": [
      0,
      0,
      1,
      0
   ],
   "b2s": [
      0,
      0,
      0,
      0
   ]
}