{
   "angles": [
      0.8572684844375382,
      0.5610602781982906,
      1.438590496968739,
      0.9545953804863228,
      0.7265359184311088,
      -0.6181803582824463,
      1.3504233647385047
   ],
   "dists": [
      239.43648485652164,
      207.51695255773768,
      109.69688693839552,
      147.32031693313277,
      127.90895714685973,
      28.365653481199757,
      240.85412712536436
   ],
   "p1s": [
      [
         18.548545837402344,
         300.6336669921875
      ],
      [
         56.40384292602539,
         300.2537841796875
      ],
      [
         0.9385321140289307,
         110.53777313232422
      ],
      [
         177.1927032470703,
         55.03595733642578
      ],
      [
         -0.27794787287712097,
         192.86428833007812
      ],
      [
         102.91673278808594,
         95.7715835571289
      ],
      [
         246.15284729003906,
         191.68234252929688
      ]
   ],
   "p2s": [
      [
         99.48907470703125,
         230.56495666503906
      ],
      [
         99.94611358642578,
         230.9661407470703
      ],
      [
         78.16857147216797,
         100.26761627197266
      ],
      [
         256.4950256347656,
         -1.125079870223999
      ],
      [
         94.3867416381836,
         86.34369659423828
      ],
      [
         248.10415649414062,
         299.92578125
      ],
      [
         300.3455505371094,
         179.54258728027344
      ]
   ],
   "b1s": [
      0,
      0,
      0,
      1,
      0,
      1,
      1
   ],
   "b2s": [
      1,
      1,
      1,
      0,
      1,
      0,
      0
   ]
}