{
   "angles": [
      0.990375194585414,
      -0.3587714476622422
   ],
   "dists": [
      232.6487897164684,
      -6.558081671487145
   ],
   "p1s": [
      [
         229.71737670898438,
         127.56900787353516
      ],
      [
         62.530853271484375,
         185.42593383789062
      ]
   ],
   "p2s": [
      [
         300.6785583496094,
         81.0347671508789
      ],
      [
         104.44874572753906,
         297.20672607421875
      ]
   ],
   "b1s": [
      1,
      1
   ],
   "b2s": [
      0,
      0
   ]
}