{
   "angles": [
      1.4926311437497117,
      0.5118051593544128,
      0.990925979919034,
      0.6103194130438939
   ],
   "dists": [
      278.0525220832642,
      131.75400182110795,
      68.80130559653027,
      201.07165551247994
   ],
   "p1s": [
      [
         0.9085910320281982,
         278.83294677734375
      ],
      [
         0.6762226819992065,
         267.818115234375
      ],
      [
         -0.10479490458965302,
         82.31434631347656
      ],
      [
         218.7198028564453,
         38.10385513305664
      ]
   ],
   "p2s": [
      [
         300.1094970703125,
         255.3981170654297
      ],
      [
         78.97736358642578,
         128.42555236816406
      ],
      [
         57.875247955322266,
         44.33840560913086
      ],
      [
         245.43589782714844,
         -0.09503173828125
      ]
   ],
   "b1s": [
      0,
      0,
      0,
      1
   ],
   "b2s": [
      0,
      1,
      1,
      0
   ]
}