{
   "angles": [
      0.49770191164516986,
      0.9992204704153401,
      -1.3464939446590016,
      1.2412746558226648,
      1.3216435915709976
   ],
   "dists": [
      17.5105068396934,
      305.9284742517052,
      -51.392357240711235,
      345.26337753177046,
      104.10508728819238
   ],
   "p1s": [
      [
         0.5124678611755371,
         35.735111236572266
      ],
      [
         98.32441711425781,
         300.50439453125
      ],
      [
         124.95001220703125,
         81.21910095214844
      ],
      [
         189.07948303222656,
         300.2323913574219
      ],
      [
         0.8010969161987305,
         107.21826934814453
      ]
   ],
   "p2s": [
      [
         19.525041580200195,
         0.7419443726539612
      ],
      [
         182.31155395507812,
         246.484375
      ],
      [
         299.9663391113281,
         121.14756774902344
      ],
      [
         299.7852783203125,
         262.3720703125
      ],
      [
         67.08953094482422,
         90.35187530517578
      ]
   ],
   "b1s": [
      0,
      0,
      1,
      0,
      0
   ],
   "b2s": [
      0,
      1,
      0,
      0,
      1
   ]
}