{
   "angles": [
      -0.5214076638944456,
      -0.3254781761836262,
      0.6539896528603512,
      -0.47807478750104115,
      0.28678433202152276
   ],
   "dists": [
      -42.86559122928764,
      130.08268611623475,
      207.2001260130374,
      -69.75402524996338,
      256.74647749133266
   ],
   "p1s": [
      [
         -0.6407307982444763,
         84.94257354736328
      ],
      [
         154.1479034423828,
         49.9500846862793
      ],
      [
         30.70075035095215,
         300.5371398925781
      ],
      [
         58.804351806640625,
         265.10137939453125
      ],
      [
         179.1082763671875,
         300.32684326171875
      ]
   ],
   "p2s": [
      [
         72.01134490966797,
         211.41885375976562
      ],
      [
         238.58238220214844,
         300.14093017578125
      ],
      [
         58.075340270996094,
         264.82427978515625
      ],
      [
         77.12307739257812,
         300.4543762207031
      ],
      [
         186.06869506835938,
         276.725341796875
      ]
   ],
   "b1s": [
      0,
      1,
      0,
      1,
      0
   ],
   "b2s": [
      1,
      0,
      1,
      0,
      1
   ]
}