{
   "angles": [
      0.07756169724408822,
      0.08757454645617749
   ],
   "dists": [
      166.3492220139555,
      172.41989010883282
   ]
}