{
   "angles": [
      -0.9348009923558986,
      -0.965691314306058
   ],
   "dists": [
      -86.5054446754311,
      -98.04612952250176
   ]
}