{
   "angles": [
      -0.1976648733405437,
      -0.18010994796449098
   ],
   "dists": [
      107.84368100968683,
      116.07240400667587
   ]
}