{
   "angles": [
      1.4953618727683842,
      -1.5640933516299704,
      -0.06933836893060458,
      0.0003578840765718503
   ],
   "dists": [
      125.86081270244063,
      -103.39437275819856,
      268.5431440443556,
      33.559490982687976
   ],
   "p1s": [
      [
         278.93487548828125,
         105.13845825195312
      ],
      [
         0.9905932545661926,
         103.40333557128906
      ],
      [
         269.24859619140625,
         0.8438377380371094
      ],
      [
         33.523704528808594,
         100.00054168701172
      ]
   ],
   "p2s": [
      [
         300.1162109375,
         103.53762817382812
      ],
      [
         278.01165771484375,
         105.26023864746094
      ],
      [
         276.4203796386719,
         104.10970306396484
      ],
      [
         33.55913543701172,
         0.9994844198226929
      ]
   ],
   "b1s": [
      1,
      0,
      0,
      1
   ],
   "b2s": [
      0,
      1,
      1,
      0
   ]
}