{
   "angles": [
      -0.5793385247267335,
      1.5676348312545998,
      -1.5239867770580604,
      -0.002468317854851113
   ],
   "dists": [
      29.915048518757885,
      196.8192794877597,
      -182.33403419561014,
      33.72002716592808
   ],
   "p1s": [
      [
         219.7094268798828,
         281.1900939941406
      ],
      [
         0.9930989742279053,
         196.81712341308594
      ],
      [
         280.9206848144531,
         195.693359375
      ],
      [
         34.21378707885742,
         199.99700927734375
      ]
   ],
   "p2s": [
      [
         232.61016845703125,
         300.9092712402344
      ],
      [
         285.01239013671875,
         195.91920471191406
      ],
      [
         300.0660400390625,
         196.5902099609375
      ],
      [
         34.460636138916016,
         300.0038146972656
      ]
   ],
   "b1s": [
      1,
      0,
      1,
      1
   ],
   "b2s": [
      0,
      1,
      0,
      0
   ]
}