{
   "angles": [
      -1.5631225435415166
   ],
   "dists": [
      -101.39125033583458
   ],
   "p1s": [
      [
         0.996915876865387,
         101.40188598632812
      ]
   ],
   "p2s": [
      [
         300.010009765625,
         103.69650268554688
      ]
   ],
   "b1s": [
      0
   ],
   "b2s": [
      0
   ]
}