{
   "angles": [
      1.5683473653411497,
      -1.5689225325214649
   ],
   "dists": [
      106.97620496935502,
      -109.82828909271666
   ],
   "p1s": [
      [
         0.9974876046180725,
         106.97408294677734
      ],
      [
         0.9984440207481384,
         109.83035278320312
      ]
   ],
   "p2s": [
      [
         297.0006103515625,
         106.24919128417969
      ],
      [
         122.00177001953125,
         110.05709838867188
      ]
   ],
   "b1s": [
      0,
      0
   ],
   "b2s": [
      0,
      1
   ]
}