{
   "angles": [
      0.0713480791726386,
      -1.5652840756529778,
      -1.5668448299546993,
      0.017495217802317505
   ],
   "dists": [
      7.537956138703088,
      -105.148420010448,
      -105.82124615312587,
      252.51169278756436
   ],
   "p1s": [
      [
         0.34213486313819885,
         100.9529800415039
      ],
      [
         0.9936305284500122,
         105.1554946899414
      ],
      [
         255.00067138671875,
         106.8297119140625
      ],
      [
         250.6963653564453,
         105.9596939086914
      ]
   ],
   "p2s": [
      [
         7.4984917640686035,
         0.821218729019165
      ],
      [
         253.00802612304688,
         106.54468536376953
      ],
      [
         300.0039367675781,
         107.00755310058594
      ],
      [
         252.53329467773438,
         0.9743372201919556
      ]
   ],
   "b1s": [
      0,
      0,
      1,
      1
   ],
   "b2s": [
      0,
      1,
      0,
      0
   ]
}