{
   "angles": [
      1.5554401772109554
   ],
   "dists": [
      201.61003271094015
   ],
   "p1s": [
      [
         0.9787880778312683,
         201.6187744140625
      ]
   ],
   "p2s": [
      [
         300.0157470703125,
         197.0263671875
      ]
   ],
   "b1s": [
      0
   ],
   "b2s": [
      0
   ]
}