{
   "angles": [
      0.5428143126058116,
      0.13636062216534983,
      1.4946041949588926,
      -0.012443202792254228,
      -1.356396456724625
   ],
   "dists": [
      203.29958893914042,
      38.93534148513622,
      195.56458050804412,
      252.030272487004,
      -258.8236654857892
   ],
   "p1s": [
      [
         56.06264877319336,
         300.64105224609375
      ],
      [
         2.9031078815460205,
         265.2611389160156
      ],
      [
         0.9284486770629883,
         196.06272888183594
      ],
      [
         254.46397399902344,
         194.0066680908203
      ],
      [
         3.095271348953247,
         265.5624694824219
      ]
   ],
   "p2s": [
      [
         68.91094207763672,
         279.343017578125
      ],
      [
         12.282867431640625,
         196.90159606933594
      ],
      [
         10.028097152709961,
         195.36807250976562
      ],
      [
         255.7831268310547,
         300.01513671875
      ],
      [
         67.85546112060547,
         279.6637878417969
      ]
   ],
   "b1s": [
      0,
      0,
      0,
      1,
      0
   ],
   "b2s": [
      1,
      1,
      1,
      0,
      1
   ]
}