{
   "angles": [
      0.07667879205416099,
      0.007042826795405896
   ],
   "dists": [
      30.977206709068668,
      254.9224007661322
   ],
   "p1s": [
      [
         8.007817268371582,
         300.1542663574219
      ],
      [
         252.8157501220703,
         300.0127868652344
      ]
   ],
   "p2s": [
      [
         31.00345230102539,
         0.8466063737869263
      ],
      [
         254.92178344726562,
         0.9853633046150208
      ]
   ],
   "b1s": [
      0,
      0
   ],
   "b2s": [
      0,
      0
   ]
}