{
   "angles": [
      -0.5356167311068536,
      -0.050416395787148606,
      0.001168351785332435
   ],
   "dists": [
      199.31224126218567,
      238.64875838013523,
      33.889550983034795
   ],
   "p1s": [
      [
         232.00892639160156,
         0.40121790766716003
      ],
      [
         246.87478637695312,
         157.00631713867188
      ],
      [
         33.539066314697266,
         300.0018005371094
      ]
   ],
   "p2s": [
      [
         280.84393310546875,
         82.68611145019531
      ],
      [
         254.09243774414062,
         300.0458068847656
      ],
      [
         33.88840866088867,
         0.9975329637527466
      ]
   ],
   "b1s": [
      0,
      1,
      0
   ],
   "b2s": [
      1,
      0,
      0
   ]
}