{
   "angles": [
      -0.05089517390876314,
      -0.0009804160407312034
   ],
   "dists": [
      253.48145550084624,
      33.56787550312399
   ],
   "p1s": [
      [
         253.85623168945312,
         0.9054448008537292
      ],
      [
         33.568870544433594,
         0.9984618425369263
      ]
   ],
   "p2s": [
      [
         269.0942077636719,
         300.046142578125
      ],
      [
         33.86201858520508,
         300.0021057128906
      ]
   ],
   "b1s": [
      0,
      0
   ],
   "b2s": [
      0,
      0
   ]
}