{
   "angles": [
      0.4953673576479448,
      0.24545782539326746,
      0.06855791832450935,
      0.0023586676116707397,
      0.05754363312634439
   ],
   "dists": [
      49.40981468386251,
      185.03235624171515,
      52.55829215061363,
      256.17119712376535,
      138.7123252197168
   ],
   "p1s": [
      [
         13.787247657775879,
         78.42535400390625
      ],
      [
         115.50279998779297,
         300.37646484375
      ],
      [
         32.0726203918457,
         300.1423034667969
      ],
      [
         255.46429443359375,
         300.00579833984375
      ],
      [
         121.83350372314453,
         296.99041748046875
      ]
   ],
   "p2s": [
      [
         56.15806579589844,
         0.004798366688191891
      ],
      [
         119.92333221435547,
         282.73028564453125
      ],
      [
         44.63575744628906,
         117.18098449707031
      ],
      [
         256.1695556640625,
         0.9980412125587463
      ],
      [
         122.57661437988281,
         284.0908203125
      ]
   ],
   "b1s": [
      1,
      0,
      0,
      0,
      0
   ],
   "b2s": [
      0,
      1,
      1,
      0,
      1
   ]
}