{
   "angles": [
      -0.011520818521574926,
      -0.008945664029192219,
      -0.0005798340383613867
   ],
   "dists": [
      27.15479503507783,
      55.97621304534727,
      81.96109156123741
   ],
   "p1s": [
      [
         28.30868911743164,
         99.99644470214844
      ],
      [
         55.97845458984375,
         0.00019274177611805499
      ],
      [
         82.01908874511719,
         99.99999237060547
      ]
   ],
   "p2s": [
      [
         27.156597137451172,
         0.0
      ],
      [
         56.873043060302734,
         100.0
      ],
      [
         81.96110534667969,
         2.2552434529643506e-05
      ]
   ],
   "b1s": [
      0,
      0,
      0
   ],
   "b2s": [
      0,
      0,
      0
   ]
}