{
   "angles": [
      0.010013266117643659,
      -0.0014419545783589198
   ],
   "dists": [
      8.012340669028116,
      29.97017219605829
   ],
   "p1s": [
      [
         8.012741088867188,
         0.00012758724915329367
      ],
      [
         30.06104850769043,
         63.0013542175293
      ]
   ],
   "p2s": [
      [
         7.371834754943848,
         64.00372314453125
      ],
      [
         29.970203399658203,
         4.29652827733662e-05
      ]
   ],
   "b1s": [
      0,
      0
   ],
   "b2s": [
      0,
      0
   ]
}