{
   "angles": [
      0.01343008121522529,
      0.0,
      -0.0
   ],
   "dists": [
      28.322455238881492,
      57.0,
      83.0
   ],
   "p1s": [
      [
         26.981924057006836,
         99.999755859375
      ],
      [
         57.0,
         0.0
      ],
      [
         83.0,
         100.0
      ]
   ],
   "p2s": [
      [
         28.324951171875,
         0.00436436478048563
      ],
      [
         57.0,
         100.0
      ],
      [
         83.0,
         0.0
      ]
   ],
   "b1s": [
      0,
      0,
      0
   ],
   "b2s": [
      0,
      0,
      0
   ]
}