{
   "angles": [
      -0.009436100221514497,
      -0.014734761878018176,
      -0.005836993314056008,
      -0.0022583082601210554,
      -0.00765264108959768
   ],
   "dists": [
      6.329864496730775,
      27.715645779482518,
      49.63799792889312,
      68.84730446168737,
      87.44646739260774
   ],
   "p1s": [
      [
         6.330146312713623,
         0.0
      ],
      [
         29.192195892333984,
         99.9971694946289
      ],
      [
         49.63884353637695,
         0.0
      ],
      [
         69.07331085205078,
         99.99983215332031
      ],
      [
         87.44902801513672,
         0.0
      ]
   ],
   "p2s": [
      [
         7.273759841918945,
         99.9974136352539
      ],
      [
         27.71871566772461,
         0.004144967999309301
      ],
      [
         50.22254943847656,
         100.0
      ],
      [
         68.84748077392578,
         0.0003444348112680018
      ],
      [
         88.21429443359375,
         99.99835968017578
      ]
   ],
   "b1s": [
      0,
      0,
      0,
      0,
      0
   ],
   "b2s": [
      0,
      0,
      0,
      0,
      0
   ]
}