{
   "angles": [
      -0.01517698610412216,
      -0.009775812257545827
   ],
   "dists": [
      21.444892844679977,
      4.71925008266317
   ],
   "p1s": [
      [
         21.447362899780273,
         0.0
      ],
      [
         5.511388301849365,
         81.00477600097656
      ]
   ],
   "p2s": [
      [
         22.46442222595215,
         67.00812530517578
      ],
      [
         4.778153419494629,
         6.002168655395508
      ]
   ],
   "b1s": [
      0,
      0
   ],
   "b2s": [
      0,
      0
   ]
}