{
   "angles": [
      -0.023822146108644655,
      -0.02391471021699381
   ],
   "dists": [
      9.650922844539116,
      20.593554917028708
   ],
   "p1s": [
      [
         11.274286270141602,
         68.01728820800781
      ],
      [
         20.599674224853516,
         0.009575524367392063
      ]
   ],
   "p2s": [
      [
         9.653858184814453,
         0.008247394114732742
      ],
      [
         22.2730655670166,
         69.96955108642578
      ]
   ],
   "b1s": [
      0,
      0
   ],
   "b2s": [
      0,
      0
   ]
}