{
   "angles": [
      -0.011696512178825568,
      -0.013069537953223355,
      -0.014084352956135993,
      -0.016693924572488156,
      -0.014336368816421528,
      -0.018685995648132146
   ],
   "dists": [
      18.552512360792264,
      33.01693257471678,
      47.6771458450081,
      60.9290145528777,
      74.45370891406378,
      85.97139618327883
   ],
   "p1s": [
      [
         18.553842544555664,
         0.005218555219471455
      ],
      [
         34.326725006103516,
         99.9957275390625
      ],
      [
         47.68193817138672,
         0.004479970782995224
      ],
      [
         62.60688400268555,
         99.9898681640625
      ],
      [
         74.46147155761719,
         0.00772095937281847
      ],
      [
         87.855224609375,
         100.0
      ]
   ],
   "p2s": [
      [
         19.723485946655273,
         100.0
      ],
      [
         33.019752502441406,
         0.0
      ],
      [
         49.09038543701172,
         99.99872589111328
      ],
      [
         60.937522888183594,
         0.0010431052651256323
      ],
      [
         75.89509582519531,
         100.0
      ],
      [
         85.98641204833984,
         0.0002539084234740585
      ]
   ],
   "b1s": [
      0,
      0,
      0,
      0,
      0,
      0
   ],
   "b2s": [
      0,
      0,
      0,
      0,
      0,
      0
   ]
}