{
   "angles": [
      -0.0,
      0.0,
      -0.009132795825173037
   ],
   "dists": [
      28.0,
      57.0,
      82.33197747265105
   ],
   "p1s": [
      [
         28.0,
         100.0
      ],
      [
         57.0,
         0.0
      ],
      [
         83.24869537353516,
         99.99772644042969
      ]
   ],
   "p2s": [
      [
         28.0,
         0.0
      ],
      [
         57.0,
         100.0
      ],
      [
         82.33541107177734,
         0.0
      ]
   ],
   "b1s": [
      0,
      0,
      0
   ],
   "b2s": [
      0,
      0,
      0
   ]
}