{
   "angles": [
      -0.00594143618306452,
      -0.013454840397555977,
      0.0,
      -0.010414607361082049,
      -0.008248257369977257
   ],
   "dists": [
      6.900822747360586,
      28.671156660137648,
      51.0,
      69.62400659304089,
      88.4657634740726
   ],
   "p1s": [
      [
         6.9009480476379395,
         0.0005885163554921746
      ],
      [
         30.01931381225586,
         99.99974060058594
      ],
      [
         51.0,
         0.0
      ],
      [
         70.66928100585938,
         100.0
      ],
      [
         88.4687728881836,
         0.0
      ]
   ],
   "p2s": [
      [
         7.495077610015869,
         99.99705505371094
      ],
      [
         28.673810958862305,
         0.00438910024240613
      ],
      [
         51.0,
         100.0
      ],
      [
         69.62782287597656,
         0.0038761335890740156
      ],
      [
         89.29361724853516,
         100.0
      ]
   ],
   "b1s": [
      0,
      0,
      0,
      0,
      0
   ],
   "b2s": [
      0,
      0,
      0,
      0,
      0
   ]
}