{
   "angles": [
      -0.013792474063571208,
      -0.009155660695162125,
      -0.014526909558378194,
      -0.014679444137452027,
      -0.012248841326062118
   ],
   "dists": [
      26.674132447926127,
      48.30254085161437,
      66.8408073983091,
      85.70228155555309,
      5.08723950463027
   ],
   "p1s": [
      [
         28.055994033813477,
         99.99922943115234
      ],
      [
         48.3045654296875,
         0.0
      ],
      [
         68.30059051513672,
         99.99563598632812
      ],
      [
         85.71157836914062,
         0.004234194755554199
      ],
      [
         5.161093711853027,
         5.9980268478393555
      ]
   ],
   "p2s": [
      [
         26.67673110961914,
         0.00445896852761507
      ],
      [
         49.22013854980469,
         99.99798583984375
      ],
      [
         66.84789276123047,
         0.0022097972687333822
      ],
      [
         87.17952728271484,
         99.99736785888672
      ],
      [
         6.312519550323486,
         99.99617004394531
      ]
   ],
   "b1s": [
      0,
      0,
      0,
      0,
      0
   ],
   "b2s": [
      0,
      0,
      0,
      0,
      0
   ]
}