{
   "angles": [
      -0.014210215489940461,
      -0.015095342066748297,
      -0.015435977906674473,
      -0.015236470271520457,
      -0.014213991504008384,
      -0.01783082440071104
   ],
   "dists": [
      19.891393050878023,
      34.59766697225935,
      49.02432554742359,
      62.597187232717346,
      75.88554616819587,
      87.76789031327691
   ],
   "p1s": [
      [
         19.893423080444336,
         0.0015145721845328808
      ],
      [
         36.11123275756836,
         99.99832153320312
      ],
      [
         49.03016662597656,
         0.0
      ],
      [
         64.12818908691406,
         99.998046875
      ],
      [
         75.89323425292969,
         0.00151771679520607
      ],
      [
         89.42263793945312,
         92.01029968261719
      ]
   ],
   "p2s": [
      [
         21.314455032348633,
         99.99552917480469
      ],
      [
         34.60169982910156,
         0.006012923549860716
      ],
      [
         50.57388687133789,
         100.0
      ],
      [
         62.60454559326172,
         0.006025781389325857
      ],
      [
         77.31464385986328,
         99.99552917480469
      ],
      [
         87.78191375732422,
         0.003889096435159445
      ]
   ],
   "b1s": [
      0,
      0,
      0,
      0,
      0,
      0
   ],
   "b2s": [
      0,
      0,
      0,
      0,
      0,
      0
   ]
}