{
   "angles": [
      -0.01903392283001177,
      -0.01549208178389782,
      -0.013069537953223355,
      -0.01952184416004607,
      -0.014805381768158609,
      -0.017008170389223348,
      -0.01967021148876435,
      -0.017182284793749277,
      -0.01625189624981421,
      -0.019853060445568574,
      -0.021669267203154676
   ],
   "dists": [
      7.7399207077437575,
      18.817135358627624,
      29.017272288312864,
      38.20457957208818,
      47.72969198519687,
      56.79483170251387,
      64.914711294463,
      73.41709288049381,
      81.18783214229096,
      88.6309438384069,
      95.75689062329934
   ],
   "p1s": [
      [
         9.64494514465332,
         100.0
      ],
      [
         18.81943702697754,
         0.002797528635710478
      ],
      [
         30.326723098754883,
         99.9957275390625
      ],
      [
         38.21186065673828,
         0.0
      ],
      [
         49.21552276611328,
         99.99681091308594
      ],
      [
         56.803104400634766,
         0.003348901169374585
      ],
      [
         66.89454650878906,
         100.0
      ],
      [
         73.4281005859375,
         0.009827442467212677
      ],
      [
         82.69420623779297,
         92.02122497558594
      ],
      [
         88.64855194091797,
         0.00697814766317606
      ],
      [
         97.40510559082031,
         75.01289367675781
      ]
   ],
   "p2s": [
      [
         7.7414164543151855,
         0.004922125022858381
      ],
      [
         20.368637084960938,
         99.9942855834961
      ],
      [
         29.019750595092773,
         0.0
      ],
      [
         40.16423034667969,
         99.99679565429688
      ],
      [
         47.734981536865234,
         0.0039240033365786076
      ],
      [
         58.5040283203125,
         100.0
      ],
      [
         64.92729949951172,
         0.0014302530325949192
      ],
      [
         75.14628601074219,
         99.99748992919922
      ],
      [
         81.19855499267578,
         0.0
      ],
      [
         90.31655883789062,
         84.0135726928711
      ],
      [
         95.77947998046875,
         0.004779180511832237
      ]
   ],
   "b1s": [
      0,
      0,
      0,
      0,
      0,
      0,
      0,
      0,
      0,
      0,
      0
   ],
   "b2s": [
      0,
      0,
      0,
      0,
      0,
      0,
      0,
      0,
      0,
      0,
      0
   ]
}