{
   "angles": [
      0.377340776813739,
      0.3948914513094768,
      0.41244212146863185,
      0.3948914513094747,
      0.41244212146864206,
      0.42999278744742275,
      0.4475434494072035
   ],
   "dists": [
      156.9999999998553,
      157.99999999982694,
      158.9999999997947,
      163.99999999982035,
      164.99999999978695,
      165.99999999974932,
      166.99999999970711
   ]
}