{
   "angles": [
      0.3773407768137458,
      0.48264476193969313,
      0.500195412859034,
      0.5177460604521875,
      0.4826447619396962,
      0.5001954128590209,
      0.517746060452198,
      0.5352967049031994
   ],
   "dists": [
      181.99999999983228,
      184.99999999957072,
      184.99999999951058,
      185.99999999944197,
      189.99999999955912,
      189.99999999949733,
      190.99999999942693,
      190.9999999993534
   ]
}