{
   "angles": [
      -0.026326202350229852,
      -0.008775399243771222,
      0.008775397703658101,
      0.02632618849206075,
      -0.026326202350230345,
      -0.008775399243771163,
      0.00877539770365804,
      0.09652929032078313,
      0.026326188492060726,
      0.11408005057915187,
      0.21938448821844977
   ],
   "dists": [
      135.00000000000006,
      138.00000000000006,
      140.00000000000003,
      143.00000000000006,
      149.00000000000003,
      151.00000000000006,
      153.00000000000003,
      153.99999999999932,
      155.00000000000006,
      155.9999999999986,
      175.99999999998033
   ]
}