{
   "angles": [
      0.1842830321720016,
      0.2018337630276497,
      0.23693520783282088,
      0.20183376302765083,
      0.25448592196602027,
      0.21938448821844977,
      0.2544859219660199
   ],
   "dists": [
      166.99999999999056,
      168.99999999998636,
      171.99999999997397,
      173.99999999998593,
      173.99999999996513,
      175.99999999998033,
      178.9999999999641
   ]
}