{
   "angles": [
      1.570786326794897,
      -1.5532555267692345,
      1.553235532929212
   ],
   "dists": [
      136.99999999315,
      -134.9999999932542,
      138.99999999305433
   ]
}