{
   "angles": [
      -0.0014951744456922302,
      -0.02133325540991846,
      -0.2704538594090013,
      -0.18724061785494667,
      -0.01625537400464617,
      -0.12363609938717081,
      -0.03388693686984754
   ],
   "dists": [
      231.90108150641217,
      182.63385752172192,
      29.855262028728195,
      280.6964338610039,
      55.12260312346865,
      192.99735087485058,
      217.27547692774323
   ],
   "p1s": [
      [
         231.90284729003906,
         1.007621169090271
      ],
      [
         182.82485961914062,
         7.00373649597168
      ],
      [
         31.168848037719727,
         0.6759405136108398
      ],
      [
         287.0501403808594,
         7.179956912994385
      ],
      [
         57.372962951660156,
         137.97767639160156
      ],
      [
         194.596923828125,
         0.9258204102516174
      ],
      [
         218.14132690429688,
         21.859609603881836
      ]
   ],
   "p2s": [
      [
         232.3498992919922,
         300.00396728515625
      ],
      [
         183.59307861328125,
         43.00868225097656
      ],
      [
         34.872684478759766,
         14.035297393798828
      ],
      [
         290.2633056640625,
         24.139572143554688
      ],
      [
         60.0071907043457,
         300.0161437988281
      ],
      [
         204.06509399414062,
         77.11618041992188
      ],
      [
         227.5707550048828,
         300.0145568847656
      ]
   ],
   "b1s": [
      0,
      0,
      0,
      0,
      1,
      0,
      1
   ],
   "b2s": [
      0,
      1,
      1,
      1,
      0,
      1,
      0
   ]
}