{
   "angles": [
      0.022139631690280652,
      -1.4706173409805674,
      0.0230763122473709,
      0.08157494820088379,
      0.03206452404707271,
      -1.4058369102188053,
      0.0841715979039413
   ],
   "dists": [
      127.03185830021242,
      -73.25870245567955,
      107.50695460996958,
      199.87290804263705,
      93.07057146042486,
      -131.39507049475793,
      288.3585414863794
   ],
   "p1s": [
      [
         120.50834655761719,
         296.0112609863281
      ],
      [
         287.9426574707031,
         102.57054138183594
      ],
      [
         107.09647369384766,
         19.025306701660156
      ],
      [
         176.0873565673828,
         299.0888977050781
      ],
      [
         83.55935668945312,
         298.0179443359375
      ],
      [
         283.9220275878906,
         180.46841430664062
      ],
      [
         285.7568359375,
         42.9794807434082
      ]
   ],
   "p2s": [
      [
         121.0405044555664,
         271.978759765625
      ],
      [
         300.0216369628906,
         103.78467559814453
      ],
      [
         107.41996002197266,
         5.009692668914795
      ],
      [
         181.8933563232422,
         228.0730438232422
      ],
      [
         84.04102325439453,
         283.0013122558594
      ],
      [
         299.9765319824219,
         183.14105224609375
      ],
      [
         288.5426025390625,
         9.961410522460938
      ]
   ],
   "b1s": [
      0,
      1,
      1,
      0,
      0,
      1,
      1
   ],
   "b2s": [
      1,
      0,
      0,
      1,
      1,
      0,
      0
   ]
}