{
   "angles": [
      0.09769611897270222,
      -0.17662583253539033,
      0.16943922936271424,
      0.1512131421107615,
      -0.0073141525119708485,
      0.05745586838130572,
      0.29092535422878135,
      -0.20029764969676264,
      0.04178606896643945,
      0.1041972944650263,
      -0.027381190723266686,
      -0.037776647008419324
   ],
   "dists": [
      72.87358950757732,
      62.58518553274075,
      57.47908620590029,
      133.11228519992093,
      277.0932558708264,
      111.96326580602629,
      262.46507332707677,
      -28.91287624714495,
      65.05752546717636,
      295.9162720634886,
      187.21889025627837,
      7.843569894860977
   ],
   "p1s": [
      [
         43.822021484375,
         299.9825439453125
      ],
      [
         109.08541107177734,
         254.98475646972656
      ],
      [
         6.9337053298950195,
         300.330810546875
      ],
      [
         88.91462707519531,
         300.1393737792969
      ],
      [
         279.0462646484375,
         265.9996643066406
      ],
      [
         109.67277526855469,
         43.0386962890625
      ],
      [
         184.77105712890625,
         297.93145751953125
      ],
      [
         26.11981201171875,
         273.9756774902344
      ],
      [
         63.94377136230469,
         27.997650146484375
      ],
      [
         289.8044128417969,
         73.87496948242188
      ],
      [
         194.8749237060547,
         276.9760437011719
      ],
      [
         18.46879005432129,
         280.9822692871094
      ]
   ],
   "p2s": [
      [
         48.034332275390625,
         257.00335693359375
      ],
      [
         117.17803192138672,
         300.3251953125
      ],
      [
         11.36903190612793,
         274.4053039550781
      ],
      [
         95.79750061035156,
         254.96914672851562
      ],
      [
         279.2950439453125,
         300.0124816894531
      ],
      [
         112.09050750732422,
         1.005205750465393
      ],
      [
         190.4033660888672,
         279.12078857421875
      ],
      [
         31.466474533081055,
         300.31134033203125
      ],
      [
         65.07417297363281,
         0.9612908363342285
      ],
      [
         291.2634582519531,
         59.9229736328125
      ],
      [
         195.50587463378906,
         300.0135192871094
      ],
      [
         19.188716888427734,
         300.0306701660156
      ]
   ],
   "b1s": [
      0,
      1,
      0,
      0,
      1,
      1,
      0,
      1,
      1,
      1,
      1,
      1
   ],
   "b2s": [
      1,
      0,
      1,
      1,
      0,
      0,
      1,
      0,
      0,
      0,
      0,
      0
   ]
}