{
   "angles": [
      0.023981521684430306,
      -0.030932273780334904,
      -0.008356230248279044,
      -1.4833812733501526,
      -0.015245797561908487,
      -0.04076456612522129,
      0.12080585992770516
   ],
   "dists": [
      19.909317845659086,
      282.8990288308609,
      297.0435132169197,
      -283.68840888587823,
      293.78828497939116,
      287.6753132884567,
      24.797041414590012
   ],
   "p1s": [
      [
         19.387126922607422,
         22.00928497314453
      ],
      [
         289.6254577636719,
         213.0115966796875
      ],
      [
         298.15692138671875,
         131.99868774414062
      ],
      [
         63.966548919677734,
         290.3816833496094
      ],
      [
         296.9328308105469,
         204.0010223388672
      ],
      [
         294.3582763671875,
         157.98538208007812
      ],
      [
         5.3082380294799805,
         162.03741455078125
      ]
   ],
   "p2s": [
      [
         19.892271041870117,
         0.9494435787200928
      ],
      [
         292.3177185058594,
         300.0211181640625
      ],
      [
         298.6082763671875,
         186.01162719726562
      ],
      [
         76.04902648925781,
         291.4405822753906
      ],
      [
         297.4970703125,
         241.00767517089844
      ],
      [
         295.908935546875,
         196.0037078857422
      ],
      [
         7.131793022155762,
         147.01600646972656
      ]
   ],
   "b1s": [
      1,
      1,
      0,
      1,
      0,
      0,
      0
   ],
   "b2s": [
      0,
      0,
      0,
      0,
      0,
      0,
      0
   ]
}