{
   "angles": [
      -0.011802173347631504,
      0.07482390699953109,
      0.08460070876367143
   ],
   "dists": [
      292.7261410602252,
      283.37201362452686,
      285.8327792527553
   ],
   "p1s": [
      [
         292.7580871582031,
         0.9792498350143433
      ],
      [
         261.9779357910156,
         295.99835205078125
      ],
      [
         281.00726318359375,
         69.00061798095703
      ]
   ],
   "p2s": [
      [
         296.2874450683594,
         300.0084228515625
      ],
      [
         266.70220947265625,
         232.97767639160156
      ],
      [
         286.7755432128906,
         0.9809664487838745
      ]
   ],
   "b1s": [
      0,
      0,
      1
   ],
   "b2s": [
      0,
      1,
      0
   ]
}