{
   "angles": [
      0.09424047228021597,
      0.008958760995643415
   ],
   "dists": [
      294.13325003013927,
      25.587296380363902
   ],
   "p1s": [
      [
         285.6086730957031,
         104.05753326416016
      ],
      [
         22.900550842285156,
         300.008056640625
      ]
   ],
   "p2s": [
      [
         291.5815734863281,
         40.865928649902344
      ],
      [
         23.097793579101562,
         277.9919128417969
      ]
   ],
   "b1s": [
      1,
      0
   ],
   "b2s": [
      0,
      1
   ]
}