{
   "angles": [
      0.023981521684430306,
      -0.030932273780334904,
      -1.4833812733501526
   ],
   "dists": [
      19.909317845659086,
      282.8990288308609,
      -283.68840888587823
   ],
   "p1s": [
      [
         19.387126922607422,
         22.00928497314453
      ],
      [
         289.6254577636719,
         213.0115966796875
      ],
      [
         63.966548919677734,
         290.3816833496094
      ]
   ],
   "p2s": [
      [
         19.892271041870117,
         0.9494435787200928
      ],
      [
         292.3177185058594,
         300.0211181640625
      ],
      [
         76.04902648925781,
         291.4405822753906
      ]
   ],
   "b1s": [
      1,
      1,
      1
   ],
   "b2s": [
      0,
      0,
      0
   ]
}