{
   "angles": [
      -0.023376824154667655,
      -0.04310561750166756
   ],
   "dists": [
      5.861128410625479,
      180.13616163461054
   ],
   "p1s": [
      [
         5.885080814361572,
         0.9559247493743896
      ],
      [
         192.7244110107422,
         287.96875
      ]
   ],
   "p2s": [
      [
         12.877121925354004,
         300.00286865234375
      ],
      [
         193.2447509765625,
         300.0325622558594
      ]
   ],
   "b1s": [
      0,
      1
   ],
   "b2s": [
      0,
      0
   ]
}