{
   "angles": [
      0.1159109994334825,
      0.06914081908933586,
      0.016645516087424535,
      -0.23544464959695086,
      0.09342883307280185,
      -0.1668078677164221,
      -0.20169369442343288,
      0.07236518091166041,
      0.09503249037765009,
      0.18495014819937292
   ],
   "dists": [
      73.04736809799925,
      86.50386117841282,
      32.51719106521842,
      6.5450255214286415,
      61.20115839673713,
      17.222026154454504,
      -40.274636067557616,
      311.16764973247103,
      270.4435111676833,
      208.77647752379144
   ],
   "p1s": [
      [
         38.6027946472168,
         300.0701904296875
      ],
      [
         84.63047790527344,
         30.04366111755371
      ],
      [
         27.526880264282227,
         300.04205322265625
      ],
      [
         74.30565643310547,
         281.686767578125
      ],
      [
         33.64299392700195,
         296.966552734375
      ],
      [
         65.43815612792969,
         284.9262390136719
      ],
      [
         0.031791672110557556,
         201.19796752929688
      ],
      [
         290.7402038574219,
         293.05364990234375
      ],
      [
         264.8935241699219,
         71.08516693115234
      ],
      [
         156.26316833496094,
         300.0492248535156
      ]
   ],
   "p2s": [
      [
         41.5281867980957,
         274.945068359375
      ],
      [
         86.64826965332031,
         0.9063910245895386
      ],
      [
         28.526535034179688,
         239.9921112060547
      ],
      [
         78.71527099609375,
         300.06829833984375
      ],
      [
         35.416534423828125,
         278.0390319824219
      ],
      [
         68.03195190429688,
         300.33135986328125
      ],
      [
         8.832502365112305,
         244.2387237548828
      ],
      [
         295.3815612792969,
         229.0276641845703
      ],
      [
         271.56884765625,
         1.0542247295379639
      ],
      [
         158.49993896484375,
         288.0935363769531
      ]
   ],
   "b1s": [
      0,
      1,
      0,
      1,
      0,
      1,
      0,
      0,
      1,
      0
   ],
   "b2s": [
      1,
      0,
      1,
      0,
      1,
      0,
      0,
      0,
      0,
      1
   ]
}