{
   "angles": [
      0.10274415541559553,
      0.13974993031940722,
      -0.05115811935124266,
      0.04245843335934251,
      0.09682130842909623,
      0.10385087949145877,
      0.04969438129550559
   ],
   "dists": [
      74.37619337604055,
      133.19411285168047,
      167.9195574134965,
      269.3525899860965,
      304.8369031214461,
      23.20287859187786,
      308.8350032020701
   ],
   "p1s": [
      [
         43.840030670166016,
         299.9835205078125
      ],
      [
         92.28003692626953,
         300.1800537109375
      ],
      [
         168.1876220703125,
         0.9391905665397644
      ],
      [
         268.4052734375,
         28.0172176361084
      ],
      [
         289.6661071777344,
         170.9675750732422
      ],
      [
         6.439207553863525,
         162.0457763671875
      ],
      [
         294.94036865234375,
         287.0467834472656
      ]
   ],
   "p2s": [
      [
         47.758968353271484,
         261.97515869140625
      ],
      [
         94.56465148925781,
         283.9387512207031
      ],
      [
         169.46957397460938,
         25.975955963134766
      ],
      [
         269.1722106933594,
         9.96483325958252
      ],
      [
         291.11871337890625,
         156.01153564453125
      ],
      [
         8.327352523803711,
         143.9298858642578
      ],
      [
         295.8904113769531,
         267.94482421875
      ]
   ],
   "b1s": [
      0,
      0,
      0,
      1,
      1,
      0,
      0
   ],
   "b2s": [
      1,
      1,
      1,
      0,
      0,
      0,
      0
   ]
}