{
   "angles": [
      0.11143937344936118,
      0.07206557367626094,
      0.10165057314261088
   ],
   "dists": [
      164.79857133720006,
      13.42528676936821,
      253.8419989126838
   ],
   "p1s": [
      [
         132.24075317382812,
         300.13885498046875
      ],
      [
         10.785080909729004,
         37.05667495727539
      ],
      [
         224.5424346923828,
         300.1573181152344
      ]
   ],
   "p2s": [
      [
         145.00070190429688,
         186.1119842529297
      ],
      [
         13.386022567749023,
         1.0278671979904175
      ],
      [
         255.05653381347656,
         1.005765676498413
      ]
   ],
   "b1s": [
      0,
      1,
      0
   ],
   "b2s": [
      1,
      0,
      0
   ]
}