{
   "angles": [
      -0.02862507995266453,
      -0.01984751322568338,
      -0.022634026752452633,
      -0.033641789618238445,
      -0.031532265092281374,
      -0.00288611636394806
   ],
   "dists": [
      67.83559546577781,
      -0.09233512068954641,
      60.04232057927967,
      233.29134468184037,
      150.94739694857122,
      226.36008934185634
   ],
   "p1s": [
      [
         67.8904800415039,
         0.945870041847229
      ],
      [
         1.496248722076416,
         80.02984619140625
      ],
      [
         60.07978820800781,
         0.9755558967590332
      ],
      [
         233.45542907714844,
         0.9510184526443481
      ],
      [
         151.05197143554688,
         0.9352748990058899
      ],
      [
         226.36390686035156,
         0.9960634708404541
      ]
   ],
   "p2s": [
      [
         71.84349822998047,
         139.00448608398438
      ],
      [
         5.86313009262085,
         300.0225524902344
      ],
      [
         62.61598205566406,
         113.0086898803711
      ],
      [
         235.6114044189453,
         65.01307678222656
      ],
      [
         153.57785034179688,
         81.01331329345703
      ],
      [
         226.49378967285156,
         45.998573303222656
      ]
   ],
   "b1s": [
      0,
      0,
      0,
      0,
      0,
      0
   ],
   "b2s": [
      1,
      0,
      1,
      1,
      1,
      1
   ]
}