{
   "angles": [
      0.09221367619366282
   ],
   "dists": [
      223.0942862049078
   ],
   "p1s": [
      [
         208.52285766601562,
         167.8634033203125
      ]
   ],
   "p2s": [
      [
         223.9541015625,
         0.9957554936408997
      ]
   ],
   "b1s": [
      1
   ],
   "b2s": [
      0
   ]
}