{
   "angles": [
      -1.4736411282976032
   ],
   "dists": [
      -268.9173906956764
   ],
   "p1s": [
      [
         203.00228881835938,
         289.9765930175781
      ]
   ],
   "p2s": [
      [
         218.94827270507812,
         291.5307312011719
      ]
   ],
   "b1s": [
      1
   ],
   "b2s": [
      0
   ]
}