{
   "angles": [
      0.05049786874677085,
      0.17526665125298066,
      1.5413644106130167,
      0.09511947002427557,
      -0.02134810017810944,
      -0.13367474268471458,
      -0.1547920897465832
   ],
   "dists": [
      288.5245402867544,
      32.328427704806174,
      141.97842207626047,
      153.97920358675103,
      1.317147534957761,
      67.44577004114575,
      58.211815206388366
   ],
   "p1s": [
      [
         286.51861572265625,
         46.975669860839844
      ],
      [
         25.41231918334961,
         41.895931243896484
      ],
      [
         288.9568176269531,
         133.53292846679688
      ],
      [
         150.57972717285156,
         42.959903717041016
      ],
      [
         2.320814609527588,
         46.99314880371094
      ],
      [
         68.16626739501953,
         0.8431638479232788
      ],
      [
         60.16065216064453,
         7.974931716918945
      ]
   ],
   "p2s": [
      [
         288.84521484375,
         0.9416364431381226
      ],
      [
         32.46272659301758,
         2.0819411277770996
      ],
      [
         296.00958251953125,
         133.32530212402344
      ],
      [
         154.59579467773438,
         0.8660284876823425
      ],
      [
         7.723432540893555,
         300.0272521972656
      ],
      [
         76.25141143798828,
         60.966190338134766
      ],
      [
         67.48661041259766,
         54.924068450927734
      ]
   ],
   "b1s": [
      1,
      1,
      1,
      1,
      0,
      0,
      0
   ],
   "b2s": [
      0,
      0,
      0,
      0,
      0,
      1,
      1
   ]
}