{
   "angles": [
      0.0037220262268575564,
      0.021267218849663254,
      -1.4736411282976032
   ],
   "dists": [
      293.3517993037347,
      7.789157979999054,
      -268.9173906956764
   ],
   "p1s": [
      [
         292.7359619140625,
         166.0027313232422
      ],
      [
         6.59995698928833,
         55.99148941040039
      ],
      [
         203.00228881835938,
         289.9765930175781
      ]
   ],
   "p2s": [
      [
         292.7806396484375,
         153.9991912841797
      ],
      [
         7.770205974578857,
         0.9738417267799377
      ],
      [
         218.94827270507812,
         291.5307312011719
      ]
   ],
   "b1s": [
      0,
      0,
      1
   ],
   "b2s": [
      0,
      0,
      0
   ]
}