{
   "angles": [
      0.034810796318272594,
      0.0980860321281941
   ],
   "dists": [
      104.61200974602504,
      129.8639067465226
   ],
   "p1s": [
      [
         94.22647857666016,
         300.042724609375
      ],
      [
         101.55561065673828,
         294.0546875
      ]
   ],
   "p2s": [
      [
         94.54194641113281,
         290.9840393066406
      ],
      [
         104.21575164794922,
         267.021240234375
      ]
   ],
   "b1s": [
      0,
      0
   ],
   "b2s": [
      1,
      1
   ]
}