{
   "angles": [
      1.569606103954494
   ],
   "dists": [
      267.2076354396885
   ]
}