{
   "angles": [
      -1.566661117407455
   ],
   "dists": [
      -29.67838632034052
   ]
}