{
   "angles": [
      1.5590464013195187,
      1.5707961416097114
   ],
   "dists": [
      271.3495536939566,
      268.0000453703658
   ]
}