{
   "angles": [
      0.00024032593959890083,
      -0.0641745263786674
   ],
   "dists": [
      33.09592724131614,
      251.32625090951205
   ]
}