{
   "angles": [
      1.562007101322969,
      -1.5665237695029082
   ],
   "dists": [
      267.4583736384745,
      -264.07684866965985
   ]
}