{
   "angles": [
      0.39176419738683144,
      0.4214799929755468
   ],
   "dists": [
      157.40504479648092,
      165.75498261215486
   ]
}