{
   "angles": [
      0.2242564574949363,
      0.20570276380896474
   ],
   "dists": [
      170.30234367175117,
      174.81649649041074
   ]
}