{
   "angles": [
      0.5124275342361204,
      0.5031033565621706
   ],
   "dists": [
      185.134665818479,
      190.74739899271842
   ]
}