{
   "angles": [
      0.04708663092649339,
      1.5626139171858717,
      0.0716682411876629,
      -1.3846505689821245,
      1.5415351205227947,
      1.5553357106998908,
      0.08544552603331446,
      1.5461270876515956,
      -0.040285944352015164,
      -1.5010170540969288,
      1.5398108189307833,
      -0.03122999748628557,
      1.5679909048267004,
      -1.3998245939580538,
      -0.06466919948311654,
      -0.05558550379832349,
      -0.039212902592305254,
      0.030755432870096133,
      -1.4052721003001147,
      -0.043031593472959345,
      1.5333318677956185,
      -1.3834203840125703,
      0.06485346281006929,
      -0.05468744839349592,
      -0.03589118051000775,
      -1.2574637358348313,
      -0.026051497870345313,
      -0.03748592979697337,
      1.5194761138054382,
      -1.355609231750413,
      -1.4681158102486853,
      -1.3861803350549087,
      -1.3881689697177835,
      -1.407384465481834
   ],
   "dists": [
      154.54916451278262,
      171.72070805435033,
      302.7515002219139,
      -146.52192758220875,
      227.18581594252106,
      155.60944941727342,
      315.28178753601117,
      218.89328788297144,
      27.560163231544966,
      -157.62998725809072,
      102.15435084185053,
      135.21985800189174,
      175.46913254374786,
      -155.14191985821202,
      92.20516684517582,
      144.81983861834604,
      48.357603149086934,
      194.92463373289706,
      -232.53402928424745,
      42.140963903601055,
      230.82649571771307,
      -254.80372706068553,
      176.09997215001349,
      27.338386853976193,
      70.92561567947732,
      -81.48648322564276,
      62.78473548283712,
      95.2802955107337,
      32.59571866970014,
      -247.08441835361361,
      -130.56678551064041,
      -238.69207590026477,
      -238.59631144433004,
      -14.18099419254581
   ],
   "p1s": [
      [
         140.58070373535156,
         300.0744934082031
      ],
      [
         2.989379405975342,
         171.70199584960938
      ],
      [
         282.279052734375,
         296.02001953125
      ],
      [
         39.10142517089844,
         156.46142578125
      ],
      [
         3.946367025375366,
         227.1676025390625
      ],
      [
         229.0013427734375,
         152.08726501464844
      ],
      [
         290.81964111328125,
         299.0702209472656
      ],
      [
         0.9490847587585449,
         218.93649291992188
      ],
      [
         38.34577560424805,
         267.0263671875
      ],
      [
         1.989266276359558,
         158.153564453125
      ],
      [
         1.0053389072418213,
         102.17224884033203
      ],
      [
         144.1881103515625,
         284.962890625
      ],
      [
         3.004099130630493,
         175.46139526367188
      ],
      [
         215.87738037109375,
         194.71018981933594
      ],
      [
         110.4559097290039,
         278.8409423828125
      ],
      [
         161.06568908691406,
         287.9407043457031
      ],
      [
         58.98466491699219,
         269.9221496582031
      ],
      [
         185.78562927246094,
         300.054931640625
      ],
      [
         0.6874184608459473,
         235.87115478515625
      ],
      [
         53.76679992675781,
         269.0961608886719
      ],
      [
         6.989752292633057,
         230.72659301757812
      ],
      [
         6.694290637969971,
         260.6123962402344
      ],
      [
         156.979248046875,
         300.1285400390625
      ],
      [
         41.937889099121094,
         265.94866943359375
      ],
      [
         79.12196350097656,
         226.99562072753906
      ],
      [
         288.620361328125,
         179.1717071533203
      ],
      [
         69.89373016357422,
         272.0027770996094
      ],
      [
         105.81101989746094,
         279.007080078125
      ],
      [
         274.923828125,
         18.517141342163086
      ],
      [
         162.67776489257812,
         288.4742736816406
      ],
      [
         203.28794860839844,
         152.20550537109375
      ],
      [
         0.8186354041099548,
         242.97120666503906
      ],
      [
         191.6265869140625,
         278.0218811035156
      ],
      [
         282.8340148925781,
         61.006736755371094
      ]
   ],
   "p2s": [
      [
         141.24559020996094,
         285.9644470214844
      ],
      [
         49.994415283203125,
         171.3173828125
      ],
      [
         286.29925537109375,
         240.021484375
      ],
      [
         291.8019714355469,
         204.051513671875
      ],
      [
         52.02225875854492,
         225.7604522705078
      ],
      [
         300.03076171875,
         150.98902893066406
      ],
      [
         295.880126953125,
         239.98973083496094
      ],
      [
         300.0630798339844,
         211.55609130859375
      ],
      [
         39.67701721191406,
         300.0533142089844
      ],
      [
         51.02927780151367,
         161.58111572265625
      ],
      [
         300.02801513671875,
         92.90392303466797
      ],
      [
         144.6591796875,
         300.0418701171875
      ],
      [
         33.00386428833008,
         175.3772430419922
      ],
      [
         291.85693359375,
         207.82862854003906
      ],
      [
         111.83106231689453,
         300.0757141113281
      ],
      [
         161.7406005859375,
         300.070068359375
      ],
      [
         60.165992736816406,
         300.03271484375
      ],
      [
         188.12535095214844,
         224.0038604736328
      ],
      [
         68.30394744873047,
         247.16668701171875
      ],
      [
         55.100982666015625,
         300.0817565917969
      ],
      [
         52.038909912109375,
         229.03807067871094
      ],
      [
         38.68198776245117,
         266.6772766113281
      ],
      [
         157.77210998535156,
         287.9202575683594
      ],
      [
         43.80550765991211,
         300.0653991699219
      ],
      [
         81.74620819091797,
         300.0809326171875
      ],
      [
         300.3346252441406,
         182.9672088623047
      ],
      [
         70.62419891357422,
         300.0358581542969
      ],
      [
         106.60029602050781,
         300.052490234375
      ],
      [
         293.0301513671875,
         17.587114334106445
      ],
      [
         175.71083068847656,
         291.32293701171875
      ],
      [
         300.2884521484375,
         162.2007293701172
      ],
      [
         69.59484100341797,
         255.8146514892578
      ],
      [
         281.4414978027344,
         294.609375
      ],
      [
         300.0261535644531,
         63.84142303466797
      ]
   ],
   "b1s": [
      0,
      0,
      0,
      1,
      0,
      1,
      0,
      0,
      1,
      0,
      0,
      1,
      0,
      1,
      1,
      1,
      1,
      0,
      0,
      1,
      0,
      0,
      0,
      1,
      1,
      1,
      1,
      1,
      1,
      1,
      1,
      0,
      1,
      1
   ],
   "b2s": [
      1,
      1,
      1,
      0,
      1,
      0,
      0,
      0,
      0,
      1,
      0,
      0,
      1,
      0,
      0,
      0,
      0,
      1,
      1,
      0,
      1,
      1,
      1,
      0,
      0,
      0,
      0,
      0,
      0,
      0,
      0,
      1,
      0,
      0
   ]
}