{
   "angles": [
      1.1155761330290987,
      1.163621572576807,
      1.191771679690647,
      1.1526392594861627,
      1.2030785287795938,
      1.139617339845961,
      1.1410107992661775,
      1.2125932705253162,
      1.1404745658193314,
      1.1500411704452638,
      1.222541126921804,
      1.1484646805315488,
      1.1147837491532329,
      1.171403169784657,
      1.1342304569553523,
      1.1192607298628614,
      1.2022717030041434,
      1.120151194573801,
      1.3054730110616584,
      1.2116612329264498,
      1.1176643299876112,
      -1.5531445882631643,
      1.5553171754746455,
      1.5670201383843412,
      0.4905973080651291,
      -1.503859798824528
   ],
   "dists": [
      136.60861867781966,
      96.2475164713942,
      16.41701210423419,
      84.6656612761087,
      43.552921015746854,
      151.5131410735064,
      119.03362574050716,
      64.10919455495505,
      45.47526949485526,
      129.047909065583,
      165.40175645138424,
      117.17491406893521,
      203.5349595753083,
      62.91234034483,
      164.35813958077185,
      225.21605189732833,
      26.884765330733853,
      237.8310912757343,
      27.038400282315248,
      144.8589910339683,
      276.04777551939605,
      -223.07981596448883,
      190.97276026176934,
      227.00580333353085,
      63.9974627487956,
      -266.89463375495086
   ],
   "p1s": [
      [
         261.9222717285156,
         23.884103775024414
      ],
      [
         0.04934844747185707,
         104.79572296142578
      ],
      [
         0.7500664591789246,
         17.37247085571289
      ],
      [
         0.3335176706314087,
         92.5001449584961
      ],
      [
         40.08835983276367,
         31.2293643951416
      ],
      [
         2.6393649578094482,
         165.56346130371094
      ],
      [
         221.69163513183594,
         29.327238082885742
      ],
      [
         0.3695034980773926,
         68.31576538085938
      ],
      [
         0.0817677453160286,
         49.99953842163086
      ],
      [
         0.6015971899032593,
         141.1096649169922
      ],
      [
         280.98309326171875,
         73.95340728759766
      ],
      [
         0.25702759623527527,
         128.34664916992188
      ],
      [
         249.2244110107422,
         104.45752716064453
      ],
      [
         106.55401611328125,
         23.312583923339844
      ],
      [
         0.19622276723384857,
         181.27734375
      ],
      [
         137.33905029296875,
         183.6991424560547
      ],
      [
         30.07887840270996,
         17.204261779785156
      ],
      [
         162.7413330078125,
         185.46539306640625
      ],
      [
         7.282584190368652,
         26.039947509765625
      ],
      [
         290.2829895019531,
         45.75382614135742
      ],
      [
         250.92742919921875,
         184.8509521484375
      ],
      [
         0.9976664185523987,
         223.13218688964844
      ],
      [
         253.97003173828125,
         187.0640869140625
      ],
      [
         255.9925994873047,
         226.04074096679688
      ],
      [
         64.00680541992188,
         16.00363540649414
      ],
      [
         284.96002197265625,
         286.596435546875
      ]
   ],
   "p2s": [
      [
         300.49151611328125,
         5.004096031188965
      ],
      [
         133.16627502441406,
         47.38554763793945
      ],
      [
         42.84362030029297,
         0.6073657274246216
      ],
      [
         207.71080017089844,
         0.3491736948490143
      ],
      [
         119.81356048583984,
         0.516040563583374
      ],
      [
         300.28973388671875,
         28.62979507446289
      ],
      [
         284.7383117675781,
         0.4290817975997925
      ],
      [
         55.063507080078125,
         47.84092712402344
      ],
      [
         32.19993209838867,
         35.25697326660156
      ],
      [
         201.62277221679688,
         51.1569938659668
      ],
      [
         296.1608581542969,
         68.4430923461914
      ],
      [
         94.08269500732422,
         86.18402099609375
      ],
      [
         301.0091857910156,
         79.05750274658203
      ],
      [
         161.60952758789062,
         0.07486913353204727
      ],
      [
         253.17791748046875,
         63.23811340332031
      ],
      [
         299.535400390625,
         105.0419692993164
      ],
      [
         74.615966796875,
         0.0055275168269872665
      ],
      [
         300.8047790527344,
         118.66326904296875
      ],
      [
         29.03509521484375,
         20.129154205322266
      ],
      [
         300.3638916015625,
         41.96930694580078
      ],
      [
         300.77001953125,
         160.5814208984375
      ],
      [
         123.04789733886719,
         225.2868194580078
      ],
      [
         300.0209045410156,
         186.35121154785156
      ],
      [
         300.0032958984375,
         225.8745574951172
      ],
      [
         69.4945297241211,
         5.730002403259277
      ],
      [
         300.0263977050781,
         287.6064453125
      ]
   ],
   "b1s": [
      1,
      0,
      0,
      0,
      1,
      0,
      1,
      0,
      0,
      0,
      1,
      0,
      1,
      1,
      0,
      1,
      1,
      1,
      0,
      1,
      1,
      0,
      1,
      1,
      1,
      1
   ],
   "b2s": [
      0,
      1,
      0,
      0,
      0,
      0,
      0,
      1,
      1,
      1,
      0,
      1,
      0,
      0,
      1,
      0,
      0,
      0,
      1,
      0,
      0,
      1,
      0,
      0,
      0,
      0
   ]
}