{
   "angles": [
      0.22803251316311735,
      0.25059231857752634,
      0.28330975102943073,
      1.528087502677014,
      0.2848853802557949,
      0.32012439791845004,
      0.31864405432583986,
      0.31765544244353194,
      0.26370038730721124,
      0.2552264227398695,
      0.2631769733629665,
      0.3518403293483092,
      1.1902763050312122,
      0.23182736288448233,
      0.2950555927601248,
      0.3798260084286619,
      -1.5575111640476176,
      0.2932907404414519,
      0.2760223023812336,
      0.3532555176481683,
      0.2196315842318537,
      0.2667460316866428,
      0.3204683197958982,
      0.41482398347194077,
      0.3549984501821383,
      0.3639845310520969,
      1.5611008102010344,
      1.5311222849152002,
      0.23621459084148383,
      0.2641226989789175,
      0.29059855815427826,
      0.3033411737576634,
      1.2897140083561687,
      0.29484161325942176,
      0.3079491229408413,
      0.347983386586555,
      1.1895560314000242,
      0.2717075586796063,
      0.3138495164953923,
      1.5643986531883247,
      1.191316839383656,
      1.2107247047725755,
      0.2566721579205549,
      0.2764623757872591,
      0.3162964830729679,
      0.24164221059674418,
      0.3209250405385904,
      1.1525245093782912,
      0.28812469522900863,
      1.2179666229987898,
      0.19893380719982015,
      -1.3820269959933962,
      1.2272867117863744,
      1.2043964252363961,
      1.227439082936981,
      0.2774606218749338,
      -1.347155095471111,
      0.23656421630241148,
      1.5490430889530953,
      1.5541305490659176,
      1.2026540957334555,
      1.1864503186273008,
      0.32706906269708835,
      1.1858593630929746,
      -1.3844135430177078,
      1.1838603516029444,
      0.3922310235690485,
      -1.3761613389222211,
      1.5509421051207564,
      -1.5550959861930946,
      0.3217014743622978,
      -1.5672401113904497,
      -1.4998818531411147,
      1.4213446139210095,
      1.4044781929500907,
      -1.1385039816484577,
      1.5418764531592424,
      -1.358500425049361,
      1.566783184544392,
      -1.352331175575612,
      1.4761088809773812,
      -1.2404514135247697,
      0.42158947521897766,
      0.26842782960100714,
      -1.39249357430108,
      1.464025602197038
   ],
   "dists": [
      62.10523500923826,
      83.45044517905781,
      147.66459943156053,
      213.80477847606645,
      111.20013353950442,
      210.92289273460742,
      284.3466814944827,
      197.58290249900648,
      94.6456596162215,
      65.42367938212668,
      72.22305681556745,
      259.2025854271277,
      160.36338491387983,
      50.570793026192014,
      171.4698658807073,
      319.00549489464015,
      -213.35748810627527,
      164.7093140303408,
      122.48602279260307,
      266.38305796922964,
      22.26333957730961,
      121.41237169359385,
      196.537994046837,
      264.7920559641723,
      280.8899046656206,
      292.64040098427097,
      193.1319237248289,
      199.78909583724493,
      15.73903178431393,
      114.47370671271717,
      164.5841235714551,
      179.24529073788338,
      251.02140141775863,
      171.9856568570607,
      184.19247049771616,
      293.0070156379599,
      247.35465721146062,
      109.35889683287735,
      219.02239344158744,
      213.36609130890977,
      172.69727826817697,
      142.23551375700458,
      87.96941984220484,
      96.53860481602355,
      213.64955898313394,
      70.79323887206175,
      212.21765996164225,
      271.92560284474274,
      152.20324520784646,
      254.1890040411971,
      8.208635032638103,
      37.202532848877915,
      139.0693801919556,
      236.03994414337706,
      178.48885332556898,
      115.14464806839086,
      40.74798901543353,
      54.95637229985247,
      130.5189207255657,
      78.35986476449563,
      149.41994386565173,
      164.3003150710137,
      247.58281117071448,
      252.54719213093637,
      -45.4209801357826,
      152.69794481604413,
      382.7649442617312,
      34.576936145349286,
      74.37400360115454,
      -67.82001998313575,
      215.59835932555893,
      -134.43002958629745,
      -217.55825598738033,
      220.85078716814678,
      139.1023618419411,
      -200.61561388112654,
      119.80179467248571,
      47.15679418724284,
      115.15720497642666,
      47.966649814908294,
      190.27993032294813,
      74.55060317327842,
      319.98052887965133,
      102.32693794848419,
      -51.99700684557791,
      163.0580846402293
   ],