{
   "angles": [
      1.5392407089097548,
      1.3176619293304597,
      1.3304951854704106,
      1.29426918750344,
      1.299424401950279,
      1.3270040078735537,
      1.3137993779435049,
      1.3446710598528355,
      0.012708316025189558,
      1.3712809398249917,
      1.4425101589795242,
      1.354644284600816,
      1.3189953670807129,
      1.3777705506618665,
      1.1562690199117465,
      1.1337218264912445,
      1.4121813818776763,
      1.472463156811149,
      -1.4095294001438456,
      -0.091919574978447,
      1.5486278105633267,
      1.398722018370944,
      1.365423570745047,
      1.5401468744098659,
      1.162064963290613,
      1.3875995046778242,
      -0.0417729596680022,
      1.2113999974390859,
      1.5654783985026572,
      -1.3972534177559577,
      -1.4111623139436402,
      -0.10035896349612343,
      1.3747823928280782,
      1.2050454590698998,
      0.11973449185895474,
      -1.2019050768940063,
      -1.4024455130358109,
      1.5015687650543972,
      1.1186365966693947,
      -0.1146843488191078,
      1.1329636547427997,
      1.3961809901683093,
      0.10503661911287233,
      -1.1936173147820375
   ],
   "dists": [
      79.46980993669166,
      86.19400540140194,
      64.25467246055183,
      134.99351697611013,
      127.396313404471,
      70.9713280071256,
      105.53641730154634,
      103.46221016607421,
      178.99329419376977,
      23.774275563810427,
      5.705378984988072,
      42.32195838206967,
      92.07258170790574,
      12.515225689617308,
      298.4824014254065,
      308.7061457969239,
      19.604675937884636,
      20.730192628745048,
      -57.67346998690608,
      -6.7978585886118035,
      212.40880351296872,
      25.988789228543638,
      45.62397922040483,
      212.23115187239847,
      340.47118818564496,
      55.532431832055984,
      90.40915400490832,
      355.43193784149554,
      256.5766291023483,
      -37.19741921962863,
      -74.55188139147845,
      0.9062444281208004,
      232.9741249704035,
      366.374829531486,
      259.7751091388139,
      -30.558888552600607,
      -41.64532605708723,
      305.8974894278257,
      330.1029174983407,
      3.8853117521305416,
      393.8530163985512,
      307.68748714496746,
      268.1765069712635,
      -34.468616895439624
   ],
   "p1s": [
      [
         265.0045471191406,
         71.14423370361328
      ],
      [
         267.685791015625,
         19.78537368774414
      ],
      [
         180.26124572753906,
         21.98508644104004
      ],
      [
         264.5057067871094,
         65.25833129882812
      ],
      [
         264.6134338378906,
         58.610694885253906
      ],
      [
         181.26048278808594,
         28.04722023010254
      ],
      [
         265.56072998046875,
         39.328556060791016
      ],
      [
         266.21173095703125,
         44.92026901245117
      ],
      [
         176.37660217285156,
         207.0301971435547
      ],
      [
         7.7353739738464355,
         22.691301345825195
      ],
      [
         4.759896278381348,
         5.138649940490723
      ],
      [
         93.5159912109375,
         22.795780181884766
      ],
      [
         267.33343505859375,
         26.29608917236328
      ],
      [
         5.732529163360596,
         11.631576538085938
      ],
      [
         57.3758544921875,
         300.8541564941406
      ],
      [
         83.75127410888672,
         301.6080017089844
      ],
      [
         93.6596450805664,
         4.872231483459473
      ],
      [
         180.80215454101562,
         2.9944472312927246
      ],
      [
         263.9399108886719,
         101.36929321289062
      ],
      [
         0.00306344055570662,
         74.0918960571289
      ],
      [
         90.96549987792969,
         210.44410705566406
      ],
      [
         93.8383560180664,
         10.069901466369629
      ],
      [
         183.0963592529297,
         8.46259593963623
      ],
      [
         0.9785657525062561,
         212.30087280273438
      ],
      [
         161.47483825683594,
         301.0963134765625
      ],
      [
         269.2935485839844,
         6.584376335144043
      ],
      [
         90.5272216796875,
         0.9361661076545715
      ],
      [
         214.9710693359375,
         298.92303466796875
      ],
      [
         251.00131225585938,
         255.2454376220703
      ],
      [
         263.652099609375,
         83.98456573486328
      ],
      [
         262.7087097167969,
         117.80912017822266
      ],
      [
         1.011409044265747,
         0.9988511204719543
      ],
      [
         273.8311462402344,
         183.14964294433594
      ],
      [
         239.26455688476562,
         300.6907653808594
      ],
      [
         259.1344299316406,
         20.895864486694336
      ],
      [
         277.921142578125,
         140.20394897460938
      ],
      [
         8.065710067749023,
         43.61337661743164
      ],
      [
         258.0512390136719,
         288.7391052246094
      ],
      [
         137.98155212402344,
         299.9620056152344
      ],
      [
         6.780393600463867,
         24.910106658935547
      ],
      [
         288.839599609375,
         299.6573791503906
      ],
      [
         283.08795166015625,
         262.4985046386719
      ],
      [
         267.6523742675781,
         19.068775177001953
      ],
      [
         290.8791198730469,
         152.30511474609375
      ]
   ],