{
   "angles": [
      0.06706126403916293,
      1.3721320453676513,
      0.06969108315969558,
      1.2025442008402396,
      0.1488454316433904,
      1.4961292577290726,
      1.2201497852781722,
      1.194004175821198,
      0.11858366020475755,
      1.5385877586100964,
      0.2026399379563214,
      1.1731013012550735,
      1.3229019688699508,
      0.17661130804046643,
      1.2311080072578957,
      1.54175629320678,
      1.5500454844398455,
      1.2139751440644304,
      1.2040090509145158,
      -1.5198975176781577,
      0.19975934756451474,
      0.15979961184326924,
      1.5611697648906888,
      0.16496672292899028,
      0.15347451281043728,
      0.21591606711513614,
      1.551870641302221,
      0.1270408801465575,
      0.17729562896735668,
      1.5660336543603115,
      -1.4065530025349233,
      1.5287268648618118,
      0.1704457240794646,
      0.21034919801509017,
      1.2395122303904553,
      0.1795346170179129,
      0.1454814581985922,
      1.223314303408565,
      1.2128005187492654,
      -1.386036039008565,
      0.20368276483092296,
      1.1250371773788799,
      1.175210391259298,
      1.4934114776585594,
      -1.480119619910485,
      0.18356469298011696,
      -1.4438523237057066,
      -1.449134167419542,
      -1.3781662510325838,
      1.2049180366485273,
      0.11394617621351358,
      1.5536390712061094,
      -0.09933405722896214,
      -1.4238981767200398
   ],
   "dists": [
      147.36522097702257,
      242.8858950316975,
      14.33174123073749,
      176.66804708112457,
      179.80562759541715,
      234.9442758247729,
      149.01567896153196,
      259.49710975751077,
      150.84512005152027,
      218.3573079634354,
      279.98193213925873,
      275.7038369290474,
      191.56602754256733,
      247.5793306676902,
      166.89753310756717,
      76.89891909069632,
      84.9749941963776,
      155.61554788804227,
      180.69536497597323,
      -185.16507697266522,
      260.8826570650772,
      183.14335178649316,
      138.77217949688628,
      187.32139688065698,
      166.91018578722333,
      314.54955750114783,
      135.24699215332998,
      161.8116441515532,
      211.10915923937608,
      224.70644184768662,
      -246.57294452173386,
      227.77705319911925,
      217.0334776587917,
      289.0266626634528,
      144.6757606376903,
      198.9126396973628,
      95.0272757505338,
      159.88130190521835,
      169.85393836203602,
      10.261663639054131,
      284.1689148332863,
      289.0076618518334,
      256.4041012041143,
      143.51426509859468,
      -286.2997373908353,
      251.34654484130937,
      -0.011187781577433525,
      -281.0004670316374,
      13.939856450278858,
      238.71624244295293,
      86.11948212873043,
      204.68415494671152,
      170.70042893924497,
      -205.4083434997695
   ],
   "p1s": [
      [
         146.69566345214844,
         14.912396430969238
      ],
      [
         280.4623107910156,
         191.2964324951172
      ],
      [
         8.986888885498047,
         77.06888580322266
      ],
      [
         0.6565908193588257,
         189.11000061035156
      ],
      [
         178.67425537109375,
         20.951154708862305
      ],
      [
         275.9222106933594,
         214.96005249023438
      ],
      [
         2.625568389892578,
         157.7103271484375
      ],
      [
         285.625244140625,
         166.05294799804688
      ],
      [
         150.1090850830078,
         15.13214111328125
      ],
      [
         0.9497381448745728,
         218.4400177001953
      ],
      [
         277.8653564453125,
         38.76688003540039
      ],
      [
         282.7000427246094,
         180.2859344482422
      ],
      [
         0.8462283611297607,
         197.39244079589844
      ],
      [
         245.61410522460938,
         32.931129455566406
      ],
      [
         1.7818180322647095,
         176.38259887695312
      ],
      [
         8.961396217346191,
         76.6710433959961
      ],
      [
         0.9579405784606934,
         84.9734115600586
      ],
      [
         2.658975839614868,
         165.08517456054688
      ],
      [
         0.7277366518974304,
         193.29129028320312
      ],
      [
         278.91778564453125,
         199.61404418945312
      ],
      [
         258.8916320800781,
         35.978057861328125
      ],
      [
         181.96202087402344,
         21.993881225585938
      ],
      [
         3.987872362136841,
         138.74021911621094
      ],
      [
         177.67242431640625,
         73.44490051269531
      ],
      [
         166.06163024902344,
         18.318918228149414
      ],
      [
         257.6807861328125,
         293.36865234375
      ],
      [
         3.9658570289611816,
         135.19615173339844
      ],
      [
         160.8299102783203,
         17.978275299072266
      ],
      [
         209.7872772216797,
         26.141063690185547
      ],
      [
         274.0066833496094,
         223.4039764404297
      ],
      [
         0.8222029209136963,
         250.07276916503906
      ],
      [
         0.9553198218345642,
         227.9385528564453
      ],
      [
         215.4225616455078,
         27.900617599487305
      ],
      [
         285.3670349121094,
         47.6513557434082
      ],
      [
         3.5752274990081787,
         151.76504516601562
      ],
      [
         195.95977783203125,
         34.17418670654297
      ],
      [
         93.68291473388672,
         16.10005760192871
      ],
      [
         0.5780460834503174,
         169.8349609375
      ],
      [
         0.6643766760826111,
         181.10289001464844
      ],
      [
         98.02238464355469,
         7.880236625671387
      ],
      [
         281.82733154296875,
         40.3774299621582
      ],
      [
         279.4215393066406,
         186.78941345214844
      ],
      [
         287.5002136230469,
         157.80319213867188
      ],
      [
         3.894782781600952,
         143.64305114746094
      ],
      [
         0.858262300491333,
         287.558837890625
      ],
      [
         249.3182830810547,
         34.05908966064453
      ],
      [
         1.1081398725509644,
         0.15271078050136566
      ],
      [
         0.7331348061561584,
         283.1826477050781
      ],
      [
         119.18635559082031,
         9.044584274291992
      ],
      [
         290.510986328125,
         144.33370971679688
      ],
      [
         78.3101806640625,
         73.14994049072266
      ],
      [
         0.9776512980461121,
         204.697509765625
      ],
      [
         171.63938903808594,
         0.9362775087356567
      ],
      [
         284.882080078125,
         249.7969970703125
      ]
   ],