{
   "angles": [
      0.10493402263504824,
      1.5501695268515538,
      0.11282035384567465,
      0.09459768948841195,
      0.15920067405035143,
      0.0942247546267609,
      0.08959562244474925,
      1.4813167302752006,
      0.11061669508917511,
      0.14104601827807053,
      0.1882089482719595,
      0.06291880392820799,
      0.15560694803477082,
      1.5393001526002734,
      0.17913931761271334,
      0.1059390441370475,
      0.18272019894811029,
      0.11949356925592969,
      -1.388673107912324,
      0.1344561694406233,
      1.5619215890996545,
      -1.3879796185115099,
      0.13138850630398408,
      0.25065568237351266,
      0.09270690428418961,
      0.1635109925368672,
      -1.569762312137621,
      0.1768328367691338,
      0.20037133449679143,
      0.2059722344471644,
      0.14014506087334389,
      -1.553139774905596,
      1.5435498507188625,
      0.1134910372244842,
      0.22156780100752055,
      0.2005438225527008,
      1.5450987809274355,
      0.12528048162482316,
      1.5603029478647534,
      -1.3921577519517652,
      1.538305881884749,
      -1.5452197443663842,
      1.543739396093726,
      -1.3977737275172903,
      -1.4577183509792553,
      1.5390280415981608,
      -1.3912473891169148,
      0.1712010893122234,
      1.5486343224049353,
      1.5557941688527699,
      1.5144791442184202,
      1.497878885873673,
      -1.413211570604457,
      -1.4951475517479131,
      -1.4091682590799393,
      1.5397593339070705,
      1.552746379631338
   ],
   "dists": [
      73.50635278961494,
      166.16177778332968,
      116.55269939396135,
      88.93493289038548,
      227.17601504879215,
      191.52893133370162,
      35.66102754808618,
      239.15507517398066,
      108.99523743734136,
      188.89276107813131,
      303.3104880584874,
      33.33954476046158,
      213.49751093374178,
      211.22716280651562,
      252.80046871626683,
      77.591055158079,
      271.19295060115724,
      154.31188374722885,
      -205.198570684034,
      334.2962606320247,
      12.224165132730292,
      -286.2756767014379,
      149.7346194369579,
      348.98228008553303,
      93.34509950788889,
      232.03658437043185,
      -212.19444537326072,
      264.0336756636196,
      326.8312431288015,
      341.2682468358704,
      192.67737480022433,
      -2.2477532198514902,
      151.0851689208274,
      120.2744500863286,
      325.1096303953743,
      344.31579252598465,
      150.78274846785757,
      133.22170097914295,
      223.50891862253627,
      -283.73536006047664,
      92.97566724414801,
      -155.90049709684848,
      220.11132477791134,
      -163.02450944862113,
      -186.15066040584296,
      24.37490180431393,
      -182.82937427858317,
      238.08513348527543,
      18.777558576849913,
      10.667521273106855,
      100.51446039600546,
      229.89667301385856,
      -180.66973472780785,
      -296.0697787208078,
      -215.59388792664674,
      226.858810313328,
      47.29491827038159
   ],
   "p1s": [
      [
         42.54344940185547,
         297.8465881347656
      ],
      [
         100.98171997070312,
         164.11390686035156
      ],
      [
         83.29139709472656,
         300.1463317871094
      ],
      [
         60.85340118408203,
         300.17584228515625
      ],
      [
         181.89471435546875,
         300.1436462402344
      ],
      [
         164.01295471191406,
         300.19024658203125
      ],
      [
         9.673033714294434,
         290.88079833984375
      ],
      [
         0.8243066668510437,
         240.04173278808594
      ],
      [
         76.32807922363281,
         300.14752197265625
      ],
      [
         148.1671905517578,
         300.1657409667969
      ],
      [
         251.56715393066406,
         300.2984924316406
      ],
      [
         15.012990951538086,
         291.93780517578125
      ],
      [
         168.972900390625,
         300.46636962890625
      ],
      [
         0.9465069770812988,
         211.30215454101562
      ],
      [
         202.53717041015625,
         300.2783508300781
      ],
      [
         46.33623123168945,
         298.0357666015625
      ],
      [
         220.27197265625,
         300.4198303222656
      ],
      [
         119.36637878417969,
         300.28411865234375
      ],
      [
         212.23297119140625,
         247.73500061035156
      ],
      [
         296.7276611328125,
         300.23370361328125
      ],
      [
         236.00115966796875,
         10.130143165588379
      ],
      [
         0.765445351600647,
         291.2686767578125
      ],
      [
         111.36758422851562,
         300.18072509765625
      ],
      [
         294.34893798828125,
         257.34539794921875
      ],
      [
         65.8397445678711,
         300.1710510253906
      ],
      [
         185.6337127685547,
         300.26953125
      ],
      [
         237.00057983398438,
         212.4396209716797
      ],
      [
         214.55677795410156,
         300.2781982421875
      ],
      [
         272.5123596191406,
         300.3071594238281
      ],
      [
         285.8750915527344,
         300.39178466796875
      ],
      [
         152.23951721191406,
         300.17486572265625
      ],
      [
         159.03431701660156,
         5.056393146514893
      ],
      [
         102.03707885742188,
         148.3604278564453
      ],
      [
         86.83512115478516,
         300.20916748046875
      ],
      [
         265.5955505371094,
         300.35943603515625
      ],
      [
         290.32012939453125,
         300.26837158203125
      ],
      [
         0.9693524241447449,
         150.80763244628906
      ],
      [
         96.453125,
         300.3089599609375
      ],
      [
         0.9843757748603821,
         223.51089477539062
      ],
      [
         19.0429630279541,
         291.7620544433594
      ],
      [
         0.9672813415527344,
         92.99332427978516
      ],
      [
         282.96954345703125,
         163.1904754638672
      ],
      [
         0.9774158000946045,
         220.16546630859375
      ],
      [
         0.7167306542396545,
         165.6208038330078
      ],
      [
         236.97068786621094,
         214.25811767578125
      ],
      [
         271.02459716796875,
         15.774322509765625
      ],
      [
         268.711669921875,
         234.588623046875
      ],
      [
         189.6985321044922,
         300.2936706542969
      ],
      [
         5.969344139099121,
         18.649856567382812
      ],
      [
         160.0040283203125,
         8.268136024475098
      ],
      [
         265.9256896972656,
         85.6820297241211
      ],
      [
         0.8863732218742371,
         230.4444580078125
      ],
      [
         0.67524254322052,
         183.04376220703125
      ],
      [
         0.849673867225647,
         296.9833679199219
      ],
      [
         278.85198974609375,
         263.9078369140625
      ],
      [
         0.9980483055114746,
         226.9371337890625
      ],
      [
         286.0025329589844,
         42.139732360839844
      ]
   ],