{
   "angles": [
      1.0891408257363824,
      1.0739736082122984,
      1.0919021950143468,
      1.0769942932735828,
      1.0865093295974195,
      1.0670077287571906,
      1.0521309720939318,
      1.061073355075791,
      1.0344368544975795,
      1.013058340957191,
      1.1203327372311047,
      1.033610004005376,
      1.5263639919190697,
      1.01866110371883,
      0.8919452429772105,
      1.0062131652530115,
      0.9959000125519367,
      -1.2527581103400207,
      1.5676378617980915,
      1.5596880256561876,
      1.4772420015597465,
      -1.5652171170983475,
      1.0393875410320113,
      1.264382054944493,
      -1.4336545682080573,
      1.548061314818293,
      1.1437393326083463,
      0.9693051966578158,
      1.096104381180248,
      0.997996239981263,
      -1.3095808127997772,
      1.4546255790775775
   ],
   "dists": [
      67.38415527811128,
      82.6706992401349,
      69.05361291205233,
      82.29517307398875,
      31.286493812773415,
      108.96122578131975,
      150.22847479459705,
      123.36486789293393,
      195.48395229324657,
      43.56261596277597,
      98.17547197647986,
      210.64097904881672,
      57.569716798490006,
      242.12122281340146,
      28.279938415617558,
      293.2793449840076,
      261.9448335534674,
      4.992212918903519,
      230.80820114179082,
      293.50718840669515,
      6.270262117554718,
      -288.0498369018485,
      47.008631136358304,
      110.30878835949186,
      -195.704575078077,
      190.96433638751716,
      172.020653542974,
      313.5260941327232,
      139.25656470865948,
      135.71696353259753,
      -222.75434272315985,
      298.07214382017685
   ],
   "p1s": [
      [
         45.99577331542969,
         51.991912841796875
      ],
      [
         138.51060485839844,
         18.941757202148438
      ],
      [
         0.2995501458644867,
         77.65091705322266
      ],
      [
         0.5500574707984924,
         93.16410827636719
      ],
      [
         15.189787864685059,
         27.360763549804688
      ],
      [
         0.5213491916656494,
         124.13167572021484
      ],
      [
         0.31439340114593506,
         172.79885864257812
      ],
      [
         0.4769381582736969,
         141.0642852783203
      ],
      [
         60.329383850097656,
         191.55406188964844
      ],
      [
         0.42506471276283264,
         51.07833480834961
      ],
      [
         194.09034729003906,
         15.186802864074707
      ],
      [
         94.96092987060547,
         188.61334228515625
      ],
      [
         0.9814576506614685,
         57.58295440673828
      ],
      [
         150.88014221191406,
         191.42868041992188
      ],
      [
         0.2811425030231476,
         36.10895919799805
      ],
      [
         246.34799194335938,
         191.12835693359375
      ],
      [
         257.2776184082031,
         145.42852783203125
      ],
      [
         279.120361328125,
         86.63442993164062
      ],
      [
         18.999208450317383,
         230.7493438720703
      ],
      [
         0.9723907113075256,
         293.5144958496094
      ],
      [
         0.8329542279243469,
         6.2196478843688965
      ],
      [
         119.00157165527344,
         288.71826171875
      ],
      [
         64.39690399169922,
         16.67521858215332
      ],
      [
         278.8355712890625,
         27.480300903320312
      ],
      [
         275.0661315917969,
         235.52084350585938
      ],
      [
         4.975000381469727,
         190.90057373046875
      ],
      [
         3.2372496128082275,
         187.52134704589844
      ],
      [
         280.5102233886719,
         187.74339294433594
      ],
      [
         289.40716552734375,
         7.846376419067383
      ],
      [
         228.91136169433594,
         13.862555503845215
      ],
      [
         0.7895354628562927,
         230.78729248046875
      ],
      [
         65.93010711669922,
         292.40106201171875
      ]
   ],
   "p2s": [
      [
         143.90289306640625,
         0.8142191767692566
      ],
      [
         157.38427734375,
         8.708762168884277
      ],
      [
         44.771873474121094,
         54.56062698364258
      ],
      [
         95.91033172607422,
         41.83341598510742
      ],
      [
         66.63117218017578,
         0.29890233278274536
      ],
      [
         112.2879409790039,
         62.522361755371094
      ],
      [
         229.86929321289062,
         41.77099609375
      ],
      [
         156.05438232421875,
         54.0972785949707
      ],
      [
         300.4708251953125,
         48.791961669921875
      ],
      [
         16.611913681030273,
         40.98094177246094
      ],
      [
         226.32225036621094,
         -0.40140417218208313
      ],
      [
         298.1582336425781,
         67.58673095703125
      ],
      [
         41.08003616333008,
         55.80011749267578
      ],
      [
         300.6983642578125,
         99.13363647460938
      ],
      [
         11.831220626831055,
         26.790794372558594
      ],
      [
         300.9708251953125,
         156.53285217285156
      ],
      [
         300.79803466796875,
         117.23173522949219
      ],
      [
         294.1387023925781,
         91.57868194580078
      ],
      [
         300.0058898925781,
         229.86180114746094
      ],
      [
         58.02089309692383,
         292.8807678222656
      ],
      [
         13.007259368896484,
         5.077364444732666
      ],
      [
         300.00152587890625,
         289.7281188964844
      ],
      [
         90.27323913574219,
         1.4648346900939941
      ],
      [
         299.93798828125,
         20.80396270751953
      ],
      [
         293.98187255859375,
         238.13137817382812
      ],
      [
         59.94657516479492,
         189.6505889892578
      ],
      [
         17.925870895385742,
         180.83709716796875
      ],
      [
         300.6377868652344,
         173.92929077148438
      ],
      [
         299.75726318359375,
         2.527650833129883
      ],
      [
         247.5450897216797,
         1.8451873064041138
      ],
      [
         17.468862533569336,
         235.24607849121094
      ],
      [
         78.98571014404297,
         290.8775329589844
      ]
   ],
   "b1s": [
      1,
      1,
      0,
      0,
      1,
      0,
      0,
      0,
      1,
      0,
      1,
      1,
      0,
      1,
      0,
      1,
      1,
      1,
      1,
      0,
      0,
      1,
      1,
      1,
      1,
      0,
      0,
      1,
      0,
      1,
      0,
      0
   ],
   "b2s": [
      0,
      0,
      1,
      1,
      0,
      1,
      1,
      1,
      0,
      1,
      0,
      0,
      1,
      0,
      1,
      0,
      0,
      0,
      0,
      0,
      0,
      0,
      0,
      0,
      0,
      1,
      1,
      0,
      0,
      0,
      1,
      1
   ]
}