{
   "angles": [
      0.3128419350151245,
      0.37135796941454985,
      1.2466296912684023,
      0.2663200275164349,
      -1.5069947257450655,
      1.2381705866065826,
      0.4294347290921156,
      1.2404353339839038,
      1.217803379345495,
      1.4897686806175248,
      1.2365979864855254,
      0.3945858052065523,
      0.3170492492930173,
      0.41756372414871196,
      0.333422381157218,
      0.41026618883652416,
      1.2420784393437143,
      0.2730849175396239,
      0.3673060941607855,
      0.24187439126922158,
      0.26751708624083453,
      0.37310891866771057,
      1.486712849233876,
      -1.4307425662374307,
      0.3139519519701256,
      1.0926155013965064,
      -1.376691494499619,
      1.0759580148232972,
      -0.4524691431477922,
      0.9593540536143957,
      -1.4172929535202334,
      0.4365192678874205,
      -0.43547148695131066,
      -1.569967631217436,
      1.5561299383779537,
      -1.260177329784951,
      1.0800368234765356,
      -0.8111585777495511,
      -0.9753862423257936,
      -1.4750199954974443,
      -1.4623240581776447,
      1.0249525688996104,
      -1.3748381071823759,
      0.8365947182168008,
      -0.5491043966066852,
      -0.9108160016126264,
      -1.4618858083774215,
      1.2568991768318776
   ],
   "dists": [
      116.66072852832998,
      161.3042810260583,
      79.03980145857962,
      104.89384287083875,
      -1.109020952277996,
      86.20403057832948,
      80.3113022709087,
      119.84797486788734,
      99.26973091559053,
      200.44577484934885,
      106.27726564516904,
      122.95213428094601,
      119.9662727563748,
      280.2568043913867,
      156.55098255627223,
      265.8671036251986,
      289.8490987111261,
      78.1908771933955,
      185.4058952272974,
      15.723103732629578,
      28.66020752595516,
      207.96112965577151,
      280.6004274592087,
      -0.19562455987933536,
      31.557483299413235,
      267.94649845367894,
      -63.1129733336834,
      304.2938679899219,
      220.67443804264786,
      405.69446854214414,
      -137.8243196885052,
      341.43595583853505,
      227.15940688525617,
      -246.1755048357672,
      248.569077307576,
      -33.07472737650074,
      380.97477172595876,
      -121.72631547343647,
      -162.43367998259077,
      -33.435424316780846,
      -30.623560495339195,
      342.7702322326057,
      -1.914226287988174,
      313.0896249411626,
      174.03315241611705,
      -154.15201805368193,
      -171.17498637922296,
      242.3306952166233
   ],
   "p1s": [
      [
         116.61144256591797,
         18.550853729248047
      ],
      [
         162.38003540039062,
         27.53742218017578
      ],
      [
         7.605833530426025,
         80.82695007324219
      ],
      [
         104.40628814697266,
         15.838033676147461
      ],
      [
         4.972593307495117,
         1.428972601890564
      ],
      [
         5.4554524421691895,
         89.3183822631836
      ],
      [
         82.13955688476562,
         13.521846771240234
      ],
      [
         1.1093173027038574,
         126.31877899169922
      ],
      [
         0.813230574131012,
         105.49305725097656
      ],
      [
         0.9212937355041504,
         201.03077697753906
      ],
      [
         0.7379651069641113,
         112.2453384399414
      ],
      [
         124.0809555053711,
         21.866561889648438
      ],
      [
         119.92523956298828,
         19.303586959838867
      ],
      [
         217.76808166503906,
         200.2280731201172
      ],
      [
         157.12161254882812,
         24.69576644897461
      ],
      [
         204.521728515625,
         196.35702514648438
      ],
      [
         18.03262710571289,
         300.09564208984375
      ],
      [
         78.11030578613281,
         11.030893325805664
      ],
      [
         187.2279510498047,
         29.702939987182617
      ],
      [
         0.6721031069755554,
         62.919105529785156
      ],
      [
         1.1973811388015747,
         104.0541000366211
      ],
      [
         196.0088348388672,
         69.78634643554688
      ],
      [
         268.0843200683594,
         259.00054931640625
      ],
      [
         40.16081237792969,
         5.8592987060546875
      ],
      [
         8.161111831665039,
         77.05231475830078
      ],
      [
         6.281224250793457,
         298.5425720214844
      ],
      [
         260.69183349609375,
         115.56764221191406
      ],
      [
         83.41049194335938,
         300.7607116699219
      ],
      [
         279.5088195800781,
         70.23876190185547
      ],
      [
         278.2655334472656,
         300.3787536621094
      ],
      [
         0.7553740739822388,
         139.58108520507812
      ],
      [
         285.624267578125,
         195.35816955566406
      ],
      [
         281.3829345703125,
         66.28709411621094
      ],
      [
         263.9980163574219,
         246.3943634033203
      ],
      [
         0.9791932702064514,
         248.58145141601562
      ],
      [
         0.6920702457427979,
         34.95924758911133
      ],
      [
         248.9582977294922,
         298.9219665527344
      ],
      [
         130.82508850097656,
         292.13128662109375
      ],
      [
         137.46353149414062,
         289.31573486328125
      ],
      [
         287.9754638671875,
         61.255245208740234
      ],
      [
         0.7940588593482971,
         30.891082763671875
      ],
      [
         169.9060516357422,
         297.8453369140625
      ],
      [
         0.7803564071655273,
         2.1064815521240234
      ],
      [
         284.21490478515625,
         165.23812866210938
      ],
      [
         285.740478515625,
         133.5469207763672
      ],
      [
         125.55762481689453,
         292.57000732421875
      ],
      [
         0.8590368032455444,
         172.28915405273438
      ],
      [
         0.5463391542434692,
         254.60252380371094
      ]
   ],