{
   "angles": [
      0.07187033087850725,
      0.05862970069719428,
      1.2004003338481148,
      0.09659635802632678,
      1.3455924680784639,
      1.4893893458009224,
      -2.5881982411282e-05,
      1.3696926455337253,
      1.2092038656975233,
      -0.021973091293396505,
      0.07104014131366918,
      1.472416749454152,
      -1.4236916570444924,
      1.2144704765262377,
      0.031028445508428523,
      1.2010153937736703,
      0.07226442754401496,
      0.04285200923643024,
      -1.386828623168197,
      -0.05244685465242177,
      1.5442814784695826,
      1.3752736826167613,
      1.4822352186906762,
      -1.4073624606148174,
      1.1476366715176567,
      1.354029923579056,
      1.3737820997093244,
      1.3777338458187778,
      1.2280893193279894,
      0.1350626019134808,
      1.364320564567514,
      1.3649713051310572,
      -1.5705992919495846,
      1.3708534005275381,
      1.1952465116329762,
      0.02014714201764138,
      1.249206099917898,
      -0.05460584795580956,
      0.022025842401807248,
      0.045456806153676796,
      1.5313360759144012,
      1.4667849536581947,
      -0.04856008658602627,
      -0.042174242346147445,
      -0.03503657032900804,
      0.0025775283375498665,
      -1.402013292056323,
      -1.4120739203566754,
      1.554697307699005,
      -0.028256853157538956,
      0.015556482954585293,
      1.5451348808330871,
      0.023895540766829832,
      1.3638113021221003,
      1.4196881574940325,
      -0.029742744424958886,
      -1.529292829174513,
      0.05511332238716034,
      1.1761745156880379,
      0.002843250999856659,
      1.2247719540594695,
      -0.048172459715114475,
      -1.2801562126324848,
      1.2625467072932717,
      1.4026425499603163,
      -0.00456775987721,
      -1.3238944163105555,
      -0.04092443442385681,
      0.06803872378348336,
      -0.03020138840317566,
      -1.4032724369488059,
      -0.09637154973044906,
      1.4135214022785105,
      1.1921601566891826,
      1.2903801843996987,
      1.1706959524047955,
      1.4852983686127526
   ],
   "dists": [
      274.54465474258586,
      241.217064548132,
      180.7644681367286,
      315.58428866915654,
      253.659630738399,
      100.05519391389625,
      140.56544953518346,
      333.95009934612966,
      272.7474318098976,
      1.2480201590845448,
      280.90579745377994,
      245.52214870356573,
      -250.35552088599002,
      185.036684087291,
      208.09714954718513,
      171.1843875087475,
      277.6925752680146,
      259.00983896097665,
      -223.13375616242462,
      39.723317511166165,
      92.90238154123621,
      268.9235614425517,
      306.3564313740473,
      -197.7305215431174,
      170.97409207088623,
      284.19073287459025,
      274.3462689839952,
      317.204267149277,
      245.2094295694542,
      322.05164404065243,
      339.98682072705714,
      307.5736662484911,
      -228.3699901151303,
      301.77448027840404,
      257.2883439722875,
      184.73520417022215,
      252.86198710622995,
      9.596166848693697,
      212.56267353670185,
      263.4716337642878,
      150.5966052898698,
      199.20754026209187,
      54.8232436177146,
      70.25346390655929,
      79.90338957859373,
      161.65564179674928,
      39.21297200697668,
      36.19548580271034,
      209.14781422059627,
      106.15976085035695,
      174.40495606937415,
      142.81196938109957,
      186.54569719739402,
      290.715711404234,
      306.35581405224434,
      111.30807209789116,
      8.003185271681827,
      244.84632410170616,
      283.14920761036444,
      144.5814557232789,
      239.29479102190749,
      43.8045294882163,
      73.62566881996722,
      253.98039455455586,
      320.0324157222129,
      156.7267282409933,
      -205.48829568231653,
      60.09523774260279,
      313.58500056184465,
      81.98964053420701,
      -246.21021082180624,
      54.17212141759078,
      253.9404316912142,
      154.24103922801535,
      220.73343218387078,
      159.13057554859182,
      321.9978463117216
   ],