{
   "angles": [
      1.3547759364149328,
      1.3848168478553096,
      1.3666431721179895,
      1.4606973167488555,
      1.5444504495658185,
      -1.5162434399064344,
      -0.17492564511788625,
      1.3512447465237771,
      -0.1189968081942068,
      -0.09343090228150318,
      1.3751297264008777,
      -0.10675770929641387,
      -1.4558996878927302,
      -0.15517323962844395,
      1.5394602381345603,
      -0.11792429758327742,
      -0.09748091591573108,
      -0.221270783192237,
      -0.19242600946467409,
      -0.22069231565469746,
      -0.12890758455094825,
      -1.4614484370342005,
      -0.2251201220865589,
      -0.24138579395356538,
      -0.08893578896073581,
      -0.25909876802386883,
      -1.4591314010558492,
      -0.1673231088790565,
      -0.07845055609416514,
      -0.07687126265157766,
      1.3950847332695788,
      -0.1706805288664382,
      -0.27799360594405426,
      -0.13141011210113185,
      -0.13798510321902607,
      -0.18816305583744256,
      -0.19831553240705355,
      -0.1451267634773647,
      -0.11548301199201433,
      -0.17227464984718938,
      -0.1673698683146962,
      -0.20802902319026284,
      -0.1062160201710123,
      -0.08876537331469131,
      -0.1770625037232778,
      -0.28218043695002915
   ],
   "dists": [
      272.3656563204526,
      310.9581076460992,
      330.0047441644911,
      115.38510964209769,
      100.71890050658737,
      -89.15360770245653,
      43.320736531562815,
      321.87370683577666,
      205.94806041048776,
      264.8709677856817,
      333.905908129269,
      238.88849718683161,
      -184.02146788160806,
      138.08852586027947,
      142.69475103694654,
      193.9489493807311,
      242.5708792109375,
      7.905582978759589,
      71.6769419990881,
      11.993620905249616,
      180.60217802259456,
      -187.76341825650414,
      -6.597823135971213,
      -47.55765995754156,
      245.88252384080138,
      -44.56184515380716,
      -198.9961496231009,
      93.01255309156674,
      276.61196336597635,
      251.1741846612836,
      315.8020416108251,
      104.35107597605234,
      20.608937936579295,
      176.35158994542633,
      169.54544707572586,
      76.06917265954768,
      52.297089026752715,
      169.4532829329321,
      210.2472270766503,
      108.24594521044939,
      99.87122912880606,
      0.6494503267319193,
      200.93780093866576,
      277.0511095720425,
      137.9992506792658,
      -65.47253856084855
   ],
   "p1s": [
      [
         0.7125719785690308,
         278.690185546875
      ],
      [
         119.78848266601562,
         293.8758239746094
      ],
      [
         217.77548217773438,
         291.91558837890625
      ],
      [
         284.9543762207031,
         84.58741760253906
      ],
      [
         58.89990997314453,
         99.20173645019531
      ],
      [
         0.9814316630363464,
         89.34002685546875
      ],
      [
         44.04189682006836,
         0.2818866968154907
      ],
      [
         215.9128875732422,
         281.6095886230469
      ],
      [
         207.51278686523438,
         0.8191291093826294
      ],
      [
         266.11517333984375,
         0.8955052495002747
      ],
      [
         218.22755432128906,
         297.1481018066406
      ],
      [
         240.34800720214844,
         0.855540931224823
      ],
      [
         6.121262550354004,
         185.9492645263672
      ],
      [
         139.9022216796875,
         0.8588646650314331
      ],
      [
         0.9290245175361633,
         142.7357177734375
      ],
      [
         195.40411376953125,
         0.8336479067802429
      ],
      [
         243.8179473876953,
         0.920012354850769
      ],
      [
         8.264126777648926,
         0.715629518032074
      ],
      [
         73.17498016357422,
         0.7710710763931274
      ],
      [
         12.443439483642578,
         0.6761695742607117
      ],
      [
         182.20574951171875,
         0.7140764594078064
      ],
      [
         5.831826210021973,
         189.53182983398438
      ],
      [
         -0.5065584778785706,
         27.34500503540039
      ],
      [
         -0.6265986561775208,
         196.40045166015625
      ],
      [
         246.93984985351562,
         0.9161929488182068
      ],
      [
         29.345993041992188,
         284.64324951171875
      ],
      [
         9.959625244140625,
         201.3600616455078
      ],
      [
         94.45728302001953,
         0.7538612484931946
      ],
      [
         287.830810546875,
         131.8560791015625
      ],
      [
         251.9774932861328,
         0.7706640958786011
      ],
      [
         123.9527359008789,
         298.7337951660156
      ],
      [
         106.03143310546875,
         0.8222246170043945
      ],
      [
         102.78360748291016,
         285.061767578125
      ],
      [
         178.0,
         0.8678285479545593
      ],
      [
         189.76589965820312,
         133.89364624023438
      ],
      [
         77.56946563720703,
         0.7011491060256958
      ],
      [
         80.64664459228516,
         135.87005615234375
      ],
      [
         171.5135498046875,
         1.7787890434265137
      ],
      [
         211.74948120117188,
         0.7970613241195679
      ],
      [
         110.01559448242188,
         0.8232871890068054
      ],
      [
         101.35962677001953,
         0.43238964676856995
      ],
      [
         0.8801824450492859,
         1.0252913236618042
      ],
      [
         202.15870666503906,
         0.7698435187339783
      ],
      [
         278.201904296875,
         0.6260344982147217
      ],
      [
         191.38653564453125,
         286.1097717285156
      ],
      [
         9.030702590942383,
         266.281005859375
      ]
   ],