{
   "angles": [
      1.4705776835206437,
      1.3679302900573818,
      -1.5657525441131823,
      1.372384513998928,
      1.5053107439635829,
      1.4381784436918326,
      -1.451741449317078,
      -1.4224040591389144,
      -1.4211166280833532,
      -0.288710661841205,
      -1.415257797861944,
      1.5462682531069063,
      -0.2510434554579417,
      -1.4025618352170068,
      -1.4217731677761765,
      -0.15858673412523916,
      -1.4841494570785232,
      -0.27796620793359905,
      -1.3946136131944014,
      1.5096043401502786,
      1.2168639067640366,
      -0.1500245212657697,
      -0.2522737572269328,
      1.1995025120426597,
      1.1188230477272396,
      1.3404766061478497
   ],
   "dists": [
      40.324989218405804,
      56.74886237376121,
      -209.00437782783894,
      72.2371498512151,
      229.750727084583,
      291.55906320053094,
      10.458639297088727,
      -13.73500483740763,
      19.112988489173567,
      16.913954952506913,
      5.110876535165453,
      297.8530375018782,
      24.717079263696142,
      -11.563722619786812,
      5.688358408421205,
      119.97165729660404,
      -29.3893590508349,
      31.714778623004474,
      -23.72737233222483,
      277.683113400335,
      297.338456845,
      211.52674919008803,
      187.1853250906959,
      306.6167607242731,
      312.59340808353767,
      326.7017790966571
   ],
   "p1s": [
      [
         221.32907104492188,
         18.27248764038086
      ],
      [
         220.89703369140625,
         12.499422073364258
      ],
      [
         0.994895339012146,
         209.01205444335938
      ],
      [
         267.96124267578125,
         19.807226181030273
      ],
      [
         242.0897216796875,
         214.36814880371094
      ],
      [
         7.485517501831055,
         293.143310546875
      ],
      [
         268.9239501953125,
         21.635639190673828
      ],
      [
         227.02601623535156,
         47.826011657714844
      ],
      [
         171.9100799560547,
         6.596240043640137
      ],
      [
         17.94599151611328,
         1.0160412788391113
      ],
      [
         224.0074920654297,
         29.952180862426758
      ],
      [
         264.01141357421875,
         291.4656677246094
      ],
      [
         25.663957595825195,
         0.5732718110084534
      ],
      [
         1.0166468620300293,
         11.901985168457031
      ],
      [
         40.1096305847168,
         0.2697965204715729
      ],
      [
         121.61488342285156,
         0.7417322397232056
      ],
      [
         0.8631873726844788,
         29.575008392333984
      ],
      [
         33.095455169677734,
         0.40205487608909607
      ],
      [
         228.05332946777344,
         64.70045471191406
      ],
      [
         285.98052978515625,
         260.6822204589844
      ],
      [
         45.44185256958008,
         300.1958312988281
      ],
      [
         214.01206970214844,
         0.544694721698761
      ],
      [
         193.52667236328125,
         0.8642457127571106
      ],
      [
         71.47124481201172,
         301.2103271484375
      ],
      [
         287.4516296386719,
         207.93023681640625
      ],
      [
         173.94737243652344,
         294.7755432128906
      ]
   ],
   "p2s": [
      [
         295.28515625,
         10.83580493927002
      ],
      [
         282.7484130859375,
         -0.22312328219413757
      ],
      [
         226.00430297851562,
         210.14697265625
      ],
      [
         296.22607421875,
         14.124390602111816
      ],
      [
         300.1678466796875,
         210.55943298339844
      ],
      [
         48.817195892333984,
         287.629638671875
      ],
      [
         297.1186218261719,
         25.008312225341797
      ],
      [
         300.1849670410156,
         58.762638092041016
      ],
      [
         195.13589477539062,
         10.09887981414795
      ],
      [
         22.36423110961914,
         15.891819953918457
      ],
      [
         297.9151306152344,
         41.541282653808594
      ],
      [
         300.038818359375,
         290.5818176269531
      ],
      [
         78.14610290527344,
         205.21897888183594
      ],
      [
         21.281299591064453,
         15.343740463256836
      ],
      [
         108.07890319824219,
         10.474454879760742
      ],
      [
         123.42999267578125,
         12.091160774230957
      ],
      [
         25.848392486572266,
         31.745342254638672
      ],
      [
         38.03297805786133,
         17.705236434936523
      ],
      [
         300.2572937011719,
         77.5548324584961
      ],
      [
         298.9929504394531,
         259.8849792480469
      ],
      [
         71.79936218261719,
         290.45697021484375
      ],
      [
         245.89549255371094,
         211.4692840576172
      ],
      [
         195.88893127441406,
         10.028633117675781
      ],
      [
         101.24114990234375,
         289.6193542480469
      ],
      [
         300.72216796875,
         201.48751831054688
      ],
      [
         195.91212463378906,
         289.625244140625
      ]
   ],
   "b1s": [
      1,
      1,
      0,
      1,
      1,
      0,
      1,
      1,
      0,
      0,
      1,
      0,
      0,
      0,
      0,
      0,
      0,
      0,
      1,
      1,
      0,
      0,
      0,
      0,
      1,
      0
   ],
   "b2s": [
      0,
      0,
      1,
      0,
      0,
      1,
      0,
      0,
      1,
      1,
      0,
      0,
      1,
      1,
      1,
      1,
      1,
      1,
      0,
      0,
      1,
      1,
      1,
      1,
      0,
      1
   ]
}