{
   "angles": [
      1.5661385608236125,
      -0.10266988231689875,
      1.5459022627591223,
      -0.2089256506629348,
      -0.18172237879874198,
      1.5403774158053538,
      -1.383550518448209,
      1.5686659229951383,
      1.5703218202775826,
      -0.0895474860172984,
      1.5697584097701245,
      -0.21187777083901682,
      -0.16714611697037743,
      1.5479787953273694,
      -0.20871380682484791,
      -0.08872896527368769,
      -0.21661777825981884,
      -0.2693192344729686,
      -0.12295624194550522,
      1.5147113778376118,
      -1.4893003005224543,
      -0.20727313963801702,
      -0.15387257495656853,
      -0.10814915278310198,
      -1.379145606478773,
      -1.3925423043651968,
      -0.04421652452872705,
      -0.0655629695381503,
      -0.048395773675081605,
      -0.12154134791633575,
      1.5628416265659637,
      -0.17088999110424113,
      -1.3761261673750222,
      -1.5347476612466318,
      -0.22978650170629597,
      -0.09576493352125481,
      -0.0888885369567833,
      -1.403934108816034,
      -0.12640435114073983,
      -1.4070437561370472,
      -0.209067472132749,
      -1.5701377120229678,
      -0.1867758784986236,
      -0.13826913068700336,
      -0.1293129338381856,
      -0.08965461290520305,
      -0.13911668303561536,
      -1.3928365890338639,
      -1.3553621462559717
   ],
   "dists": [
      239.0572962085599,
      208.2225168168772,
      223.75752526280593,
      -19.445579044472332,
      17.53327693468851,
      227.94017483371272,
      -177.66993451707373,
      232.06307718596483,
      235.5131887472903,
      238.35419733656425,
      251.4162627584977,
      -23.29172850702167,
      42.90500231839142,
      167.6360208668436,
      -54.702371404936784,
      219.16916819916443,
      39.69499258177476,
      -22.04219944131,
      139.55203475454962,
      191.35303924775627,
      -177.4123169863471,
      -16.630190525240508,
      92.0612189729124,
      161.7012536021912,
      -65.69086307675106,
      -201.9656838033237,
      283.09656292187145,
      150.72730627829353,
      283.0993004307329,
      169.33949147148516,
      242.5034223368992,
      57.11702113039362,
      -170.98714243683008,
      -72.18977753415263,
      -56.3707832825518,
      213.69305686138478,
      252.02542895441292,
      -201.99445971507723,
      172.08586743980365,
      -47.23067662636827,
      37.41322177238319,
      -216.49923404491682,
      20.30539309284285,
      159.31198179419988,
      141.68899824138842,
      224.437173409882,
      264.83491376808627,
      -185.02143623287748,
      -173.10925862322654
   ],
   "p1s": [
      [
         0.9955999255180359,
         239.0552520751953
      ],
      [
         234.88858032226562,
         248.11451721191406
      ],
      [
         0.9701889753341675,
         223.80271911621094
      ],
      [
         33.32448196411133,
         250.9311981201172
      ],
      [
         63.837215423583984,
         250.3974151611328
      ],
      [
         160.97406005859375,
         223.1475067138672
      ],
      [
         0.8134061694145203,
         180.98484802246094
      ],
      [
         0.9980012774467468,
         232.0614776611328
      ],
      [
         0.9992951154708862,
         235.5127410888672
      ],
      [
         262.0290832519531,
         252.9973907470703
      ],
      [
         2.00042986869812,
         251.41432189941406
      ],
      [
         30.248241424560547,
         251.37681579589844
      ],
      [
         85.39958190917969,
         248.27001953125
      ],
      [
         0.9693636894226074,
         167.6575469970703
      ],
      [
         0.2445637434720993,
         265.1600036621094
      ],
      [
         242.09669494628906,
         247.99139404296875
      ],
      [
         92.25240325927734,
         234.5043182373047
      ],
      [
         4.356662273406982,
         98.62552642822266
      ],
      [
         169.4015350341797,
         232.95037841796875
      ],
      [
         266.0403137207031,
         176.71786499023438
      ],
      [
         0.9119850397109985,
         178.0775909423828
      ],
      [
         35.554866790771484,
         249.88331604003906
      ],
      [
         131.8101043701172,
         249.18455505371094
      ],
      [
         189.48684692382812,
         247.16429138183594
      ],
      [
         0.6054368615150452,
         67.03349304199219
      ],
      [
         277.77252197265625,
         255.2626495361328
      ],
      [
         291.162353515625,
         176.0370635986328
      ],
      [
         166.3484344482422,
         232.9771270751953
      ],
      [
         295.9801940917969,
         259.09783935546875
      ],
      [
         200.78553771972656,
         247.14833068847656
      ],
      [
         0.9880932569503784,
         242.50323486328125
      ],
      [
         101.07264709472656,
         249.8148956298828
      ],
      [
         273.93505859375,
         228.2899932861328
      ],
      [
         285.9441223144531,
         82.54907989501953
      ],
      [
         1.2738286256790161,
         252.93594360351562
      ],
      [
         238.4947052001953,
         247.95248413085938
      ],
      [
         273.5989990234375,
         230.85560607910156
      ],
      [
         0.6711328625679016,
         204.9525604248047
      ],
      [
         204.97052001953125,
         247.8766632080078
      ],
      [
         285.16693115234375,
         94.98980712890625
      ],
      [
         87.60870361328125,
         232.65869140625
      ],
      [
         0.9990119338035583,
         216.49993896484375
      ],
      [
         67.87806701660156,
         249.8340606689453
      ],
      [
         194.3386688232422,
         240.674560546875
      ],
      [
         175.14596557617188,
         248.11105346679688
      ],
      [
         247.70436096191406,
         248.7568817138672
      ],
      [
         289.8252868652344,
         160.0244598388672
      ],
      [
         0.7961111664772034,
         188.13357543945312
      ],
      [
         275.8741455078125,
         237.57518005371094
      ]
   ],