{
   "angles": [
      1.2772270150207283,
      1.267594870072584,
      1.2476072382732526,
      1.3193935994186399,
      -1.4785041953310483,
      1.3998088407719007,
      1.2670154483793858,
      1.314294578349616,
      1.557943939749103,
      1.322738269079294,
      1.321625809795173,
      1.3268667259830584,
      1.2557951858159933,
      1.3470723200802979,
      1.2695052759260244,
      1.304675356865138,
      0.2765351507034748,
      0.33767071911926194,
      0.09932887492614298,
      -1.4122074298210134,
      1.5279108931895684,
      -1.4834091498568205,
      -1.3846830767545926,
      -1.4305832988519633,
      1.0935919392861506,
      -1.4604624592766144,
      1.5253274136206625,
      -1.407899556793025,
      1.1036772364093397,
      -1.4474310441919909,
      1.101338802047867,
      1.122902259489181,
      -1.369996317538757,
      -1.349608265286668,
      -1.2151811254467364,
      -0.6309235078890494,
      -1.4189004342862028,
      1.1141544965062433,
      1.3743966071574998,
      0.3388807187419651,
      -1.4105729984134803
   ],
   "dists": [
      127.3168028133278,
      136.20948636266004,
      154.21895005875157,
      72.22423537923173,
      -229.0830535113751,
      35.537044106409816,
      170.850812327649,
      66.09763497559128,
      204.67570940470338,
      28.964676116761943,
      17.142922181561673,
      47.080070022853,
      159.32971636229695,
      10.729798317385496,
      177.31398579883793,
      53.30025242204079,
      307.86041296914647,
      315.5108135856933,
      48.51069556719093,
      18.40313192177372,
      261.4379600800596,
      -129.76760817046636,
      -105.33030473625261,
      -89.45593619205205,
      370.56789222171886,
      -74.87212323747046,
      213.59346482590752,
      -120.60985469649219,
      334.0139493514311,
      -123.68489485404484,
      311.3651424244904,
      299.9430376953119,
      29.86876708563354,
      31.49871662636677,
      -139.9104196300717,
      128.21630123851742,
      -85.17416786138331,
      381.50246026134613,
      170.22020542052,
      322.7110222203236,
      -82.03779394843848
   ],
   "p1s": [
      [
         226.5524444580078,
         64.51950073242188
      ],
      [
         225.37867736816406,
         72.21040344238281
      ],
      [
         221.78443908691406,
         88.35639190673828
      ],
      [
         2.2541115283966064,
         73.98939514160156
      ],
      [
         258.8133544921875,
         254.01666259765625
      ],
      [
         0.6462531685829163,
         35.951351165771484
      ],
      [
         217.6316680908203,
         110.8250503540039
      ],
      [
         0.5266250967979431,
         68.19514465332031
      ],
      [
         0.9701839089393616,
         204.68014526367188
      ],
      [
         0.43496647477149963,
         29.76908302307129
      ],
      [
         0.8649152517318726,
         17.469127655029297
      ],
      [
         0.5939448475837708,
         48.36850357055664
      ],
      [
         220.55613708496094,
         95.70670318603516
      ],
      [
         0.7353184819221497,
         10.836731910705566
      ],
      [
         234.61782836914062,
         112.77018737792969
      ],
      [
         0.7392594218254089,
         55.04345703125
      ],
      [
         288.5523376464844,
         110.87295532226562
      ],
      [
         264.5743713378906,
         198.85055541992188
      ],
      [
         46.85891342163086,
         18.985939025878906
      ],
      [
         163.75177001953125,
         7.5521321296691895
      ],
      [
         258.9813537597656,
         250.56521606445312
      ],
      [
         290.0285339355469,
         155.67416381835938
      ],
      [
         0.7509585618972778,
         107.3226318359375
      ],
      [
         0.7946848273277283,
         90.45469665527344
      ],
      [
         224.55137634277344,
         301.0663757324219
      ],
      [
         2.927492380142212,
         75.65449523925781
      ],
      [
         272.9270324707031,
         201.3961944580078
      ],
      [
         286.7763977050781,
         169.36053466796875
      ],
      [
         146.5853729248047,
         300.16064453125
      ],
      [
         0.7855522632598877,
         124.72948455810547
      ],
      [
         102.55084228515625,
         297.11456298828125
      ],
      [
         70.864990234375,
         298.7189636230469
      ],
      [
         288.7375793457031,
         28.2893123626709
      ],
      [
         287.89801025390625,
         32.45355987548828
      ],
      [
         1.6764419078826904,
         149.8711700439453
      ],
      [
         290.18292236328125,
         179.86636352539062
      ],
      [
         5.010221481323242,
         86.9332275390625
      ],
      [
         251.6904754638672,
         301.40545654296875
      ],
      [
         0.6857016682624817,
         173.42031860351562
      ],
      [
         287.38525390625,
         155.4308319091797
      ],
      [
         0.9584522843360901,
         83.25708770751953
      ]
   ],