{
   "angles": [
      1.0059628000649756,
      1.0338501959593152,
      1.1939819219910661,
      1.0334975183206925,
      1.0208827301361523,
      1.0791377540511575,
      1.0743228993640903,
      1.0039632519265094,
      0.94590359170726,
      -0.7600689571124376,
      1.3007527031106343,
      0.9645166811974759,
      0.9681339676231436,
      1.0297884339520853,
      0.9191329467455532,
      1.0646955624092718,
      1.568667320462517,
      0.8689793635737124,
      0.9621283262395375,
      -1.570701769109791,
      -0.22356438591410155,
      1.5586344953099622,
      -1.5613767425438014,
      1.539184610351541,
      0.9867960800349345,
      -1.372025767330767,
      1.5476422118933288
   ],
   "dists": [
      131.5711716211171,
      84.09098292979962,
      128.71963324539075,
      83.80332981966035,
      99.63718420320122,
      39.655290582807744,
      92.38755836474607,
      147.53631142472173,
      14.842805317866203,
      31.112973607388113,
      33.04476092330968,
      249.09650063345657,
      231.50656838933466,
      42.069377766094895,
      163.60288086288352,
      120.32854006116428,
      228.5590080432597,
      12.39040857288491,
      284.99359122684245,
      -227.93887630538015,
      5.862382008695253,
      191.0325787556062,
      -285.8494068549111,
      189.13467489098866,
      299.6533735967779,
      21.507284498200654,
      289.86016067803916
   ],
   "p1s": [
      [
         0.15506428480148315,
         155.6666717529297
      ],
      [
         8.92321491241455,
         92.55087280273438
      ],
      [
         286.0871887207031,
         25.2203426361084
      ],
      [
         134.61322021484375,
         17.350780487060547
      ],
      [
         0.6675761342048645,
         116.45769500732422
      ],
      [
         44.59122848510742,
         21.104026794433594
      ],
      [
         166.4798583984375,
         14.885782241821289
      ],
      [
         0.6608268022537231,
         174.46713256835938
      ],
      [
         11.174001693725586,
         10.241226196289062
      ],
      [
         266.1402282714844,
         234.81729125976562
      ],
      [
         82.56614685058594,
         11.432629585266113
      ],
      [
         174.219970703125,
         182.31724548339844
      ],
      [
         139.17440795898438,
         185.2534637451172
      ],
      [
         0.32786014676094055,
         48.88125991821289
      ],
      [
         248.28338623046875,
         16.371496200561523
      ],
      [
         215.93919372558594,
         17.890289306640625
      ],
      [
         0.9969287514686584,
         228.55740356445312
      ],
      [
         6.165308952331543,
         11.012664794921875
      ],
      [
         230.30430603027344,
         186.87149047851562
      ],
      [
         150.99981689453125,
         227.95315551757812
      ],
      [
         9.018485069274902,
         13.223161697387695
      ],
      [
         264.9856872558594,
         187.82383728027344
      ],
      [
         120.99998474121094,
         287.00189208984375
      ],
      [
         0.9746516346931458,
         189.19839477539062
      ],
      [
         264.3243713378906,
         184.49082946777344
      ],
      [
         115.91741180419922,
         1.4100232124328613
      ],
      [
         0.9980260133743286,
         289.9147644042969
      ]
   ],
   "p2s": [
      [
         182.4561767578125,
         40.14182662963867
      ],
      [
         112.08382415771484,
         31.140817642211914
      ],
      [
         299.90240478515625,
         19.753345489501953
      ],
      [
         164.22940063476562,
         -0.29345718026161194
      ],
      [
         64.5645980834961,
         77.28970336914062
      ],
      [
         74.50872039794922,
         5.082607746124268
      ],
      [
         192.7985382080078,
         0.6281154751777649
      ],
      [
         213.14097595214844,
         39.221492767333984
      ],
      [
         23.520593643188477,
         1.3353759050369263
      ],
      [
         299.7816162109375,
         270.20758056640625
      ],
      [
         106.91495513916016,
         4.692765235900879
      ],
      [
         300.5159912109375,
         94.7441635131836
      ],
      [
         293.6600341796875,
         78.95926666259766
      ],
      [
         17.675020217895508,
         38.45908737182617
      ],
      [
         258.612548828125,
         8.492086410522461
      ],
      [
         233.94915771484375,
         7.908265590667725
      ],
      [
         145.00267028808594,
         228.25082397460938
      ],
      [
         19.170150756835938,
         0.018392711877822876
      ],
      [
         301.07794189453125,
         137.54666137695312
      ],
      [
         300.0000915527344,
         227.96725463867188
      ],
      [
         13.5388822555542,
         33.10484313964844
      ],
      [
         300.0169982910156,
         187.3977813720703
      ],
      [
         300.02178955078125,
         288.6882629394531
      ],
      [
         37.001869201660156,
         188.05914306640625
      ],
      [
         301.33984375,
         160.02728271484375
      ],
      [
         135.911865234375,
         5.43752384185791
      ],
      [
         83.9766845703125,
         287.9931335449219
      ]
   ],
   "b1s": [
      0,
      0,
      1,
      1,
      0,
      1,
      1,
      0,
      1,
      1,
      1,
      1,
      1,
      0,
      1,
      1,
      0,
      0,
      1,
      1,
      0,
      1,
      1,
      0,
      1,
      0,
      0
   ],
   "b2s": [
      1,
      1,
      0,
      0,
      1,
      0,
      0,
      1,
      0,
      0,
      0,
      0,
      0,
      1,
      0,
      0,
      1,
      0,
      0,
      0,
      1,
      0,
      0,
      1,
      0,
      0,
      1
   ]
}