{
   "angles": [
      1.533498821923974,
      0.22562399998376165,
      0.32917540968949854,
      1.534589604044104,
      1.5398843051066298,
      0.2491303474913521,
      1.4742085605354844,
      0.24027354067921397,
      0.3281299155447127,
      0.2413174059784719,
      0.35384711559537363,
      1.528442249254427,
      0.3380158180575161,
      0.221200722420349,
      0.33870817071976234,
      0.2737492387679319,
      0.2917483581729752,
      0.29383033934211394,
      -1.520643687901598,
      0.30714614930753475,
      0.2792847696895842,
      1.5481897571452774,
      1.5433681342494547,
      -1.3879756346044099,
      0.3857178696216932,
      -1.3970572919623883,
      0.33836193941760967,
      0.26680203620234205,
      -1.3842893506529728,
      0.23608236070220762,
      -1.4799750235993858,
      -1.463513170468554,
      -1.3796679789638788,
      -1.493085808895612,
      -1.3807518615945862,
      0.3828668118995026,
      -1.5653879917421911,
      -1.382860280232884,
      0.4542547267838477,
      0.2730811417479714,
      -1.51043124142348,
      -1.3793473784370138,
      -1.35255269059378,
      -1.4226939010384212
   ],
   "dists": [
      160.0262246635608,
      75.8193144880373,
      206.49424382707156,
      202.16930730667676,
      84.06797449468493,
      96.16091381020252,
      163.05810980259596,
      126.45104412904016,
      311.4270968500191,
      87.36908720329949,
      198.02147999906117,
      164.91703970678776,
      89.36795119033566,
      48.625793917420665,
      276.8969575114194,
      131.20948530243047,
      151.29876103495877,
      158.4453495898631,
      -209.36106880078418,
      172.84631107614314,
      269.1298721291861,
      13.31824683520811,
      143.38476425035014,
      -259.8346539055456,
      304.41217850662485,
      5.758051332853668,
      346.29474837214275,
      166.68386331093993,
      -263.2208022262155,
      331.65409618253716,
      -46.617384561093374,
      -279.32652072104406,
      -236.57049423213147,
      -29.72129008529525,
      -236.70566522736604,
      229.78349964558532,
      -8.153679226361277,
      -213.713135433398,
      361.8201728932098,
      196.3851387175591,
      -50.220945166184826,
      -218.96609961540005,
      15.574599896587735,
      -220.35791028138527
   ],
   "p1s": [
      [
         0.9664737582206726,
         160.10153198242188
      ],
      [
         8.83464527130127,
         300.4211120605469
      ],
      [
         115.54830169677734,
         300.5289001464844
      ],
      [
         0.9372605681419373,
         202.2679443359375
      ],
      [
         0.9406013488769531,
         84.07907104492188
      ],
      [
         22.784034729003906,
         300.4538879394531
      ],
      [
         0.8775964379310608,
         163.7366485595703
      ],
      [
         56.593406677246094,
         300.3904113769531
      ],
      [
         226.65626525878906,
         300.5638427734375
      ],
      [
         16.07697296142578,
         300.2650451660156
      ],
      [
         100.12765502929688,
         300.4165344238281
      ],
      [
         277.05609130859375,
         153.32359313964844
      ],
      [
         1.625395655632019,
         264.8683166503906
      ],
      [
         6.154935836791992,
         194.2597198486328
      ],
      [
         189.69113159179688,
         294.8912048339844
      ],
      [
         51.89509963989258,
         300.5321350097656
      ],
      [
         67.72357177734375,
         300.5176086425781
      ],
      [
         74.61552429199219,
         300.48883056640625
      ],
      [
         288.9433898925781,
         224.12808227539062
      ],
      [
         85.97847747802734,
         300.6275329589844
      ],
      [
         194.6674041748047,
         297.4781799316406
      ],
      [
         96.98030090332031,
         11.128885269165039
      ],
      [
         0.9564460515975952,
         143.4124755859375
      ],
      [
         121.24861145019531,
         286.6553039550781
      ],
      [
         206.4884796142578,
         300.6044006347656
      ],
      [
         286.91064453125,
         44.50920104980469
      ],
      [
         261.3716735839844,
         300.4826965332031
      ],
      [
         90.6768798828125,
         300.45831298828125
      ],
      [
         129.74542236328125,
         292.34912109375
      ],
      [
         296.5774841308594,
         185.138916015625
      ],
      [
         0.9185841083526611,
         46.89396667480469
      ],
      [
         159.87510681152344,
         298.1597595214844
      ],
      [
         264.58349609375,
         292.15252685546875
      ],
      [
         276.8931579589844,
         51.372188568115234
      ],
      [
         232.65371704101562,
         285.8001403808594
      ],
      [
         126.6320571899414,
         300.65728759765625
      ],
      [
         192.99351501464844,
         9.197582244873047
      ],
      [
         240.14923095703125,
         263.21533203125
      ],
      [
         255.93663024902344,
         300.4573669433594
      ],
      [
         119.85205078125,
         300.2386474609375
      ],
      [
         0.9173172116279602,
         50.36802673339844
      ],
      [
         236.22727966308594,
         268.827392578125
      ],
      [
         285.8996276855469,
         47.45264434814453
      ],
      [
         0.8619191646575928,
         222.9254913330078
      ]
   ],