{
   "angles": [
      1.1355587085771495,
      1.1216048021800074,
      1.132992124049898,
      1.1219845819159466,
      1.126351776500754,
      1.1758363346272656,
      1.1020451224640617,
      1.0293055810898644,
      1.1018017077344395,
      1.1121457157780188,
      1.1039304218233972,
      1.0777943003959587,
      1.1129028222065835,
      1.1632635608965125,
      1.104102263800359,
      1.0405419256184782,
      1.0613354218735802,
      1.0776847964905412,
      1.044252463330622,
      1.0772770739752946,
      -1.5642994341472893,
      1.561354857385996,
      -1.512149212837527
   ],
   "dists": [
      57.072096731237316,
      93.6878743213426,
      36.42561828328854,
      92.01537986589324,
      71.23186315391231,
      22.944520097639028,
      129.38805618491563,
      35.73036098311155,
      130.57645246499314,
      106.2341126309419,
      142.84218070922591,
      211.00625631904606,
      72.03009228555067,
      59.64381490008103,
      169.2817119556768,
      24.847986641337698,
      227.79187158377448,
      252.89999367511302,
      115.93390194629421,
      267.3740762084817,
      -227.382741269789,
      287.3352315729594,
      -33.41463047428674
   ],
   "p1s": [
      [
         58.37138748168945,
         35.798728942871094
      ],
      [
         0.031215688213706017,
         103.99031829833984
      ],
      [
         25.58222770690918,
         28.24380874633789
      ],
      [
         99.9886474609375,
         53.97642517089844
      ],
      [
         0.38685643672943115,
         78.71247863769531
      ],
      [
         35.947147369384766,
         9.873209953308105
      ],
      [
         0.8088933825492859,
         144.6226043701172
      ],
      [
         0.15805616974830627,
         41.600162506103516
      ],
      [
         254.2742156982422,
         17.541168212890625
      ],
      [
         0.5970793962478638,
         118.18399047851562
      ],
      [
         0.37967926263809204,
         159.76927185058594
      ],
      [
         177.95826721191406,
         143.92233276367188
      ],
      [
         120.05310821533203,
         21.136863708496094
      ],
      [
         0.46603143215179443,
         64.76310729980469
      ],
      [
         1.421309232711792,
         188.83624267578125
      ],
      [
         0.22209206223487854,
         28.673097610473633
      ],
      [
         135.88980102539062,
         185.01272583007812
      ],
      [
         180.9318389892578,
         189.87315368652344
      ],
      [
         201.1127471923828,
         17.193960189819336
      ],
      [
         216.17210388183594,
         187.3199462890625
      ],
      [
         0.98444664478302,
         227.39393615722656
      ],
      [
         0.9843149781227112,
         287.3387451171875
      ],
      [
         290.96734619140625,
         50.5561637878418
      ]
   ],
   "p2s": [
      [
         135.50425720214844,
         -0.06616678088903427
      ],
      [
         98.718994140625,
         56.41706466674805
      ],
      [
         85.60152435302734,
         0.1487370729446411
      ],
      [
         212.43365478515625,
         -0.17599856853485107
      ],
      [
         29.072261810302734,
         65.0518798828125
      ],
      [
         59.59031295776367,
         0.017214704304933548
      ],
      [
         192.7169952392578,
         47.44114685058594
      ],
      [
         19.559844970703125,
         29.930814743041992
      ],
      [
         288.5748596191406,
         0.16098275780677795
      ],
      [
         169.01263427734375,
         35.025569915771484
      ],
      [
         208.451171875,
         54.895145416259766
      ],
      [
         300.98199462890625,
         77.82778930664062
      ],
      [
         162.5921630859375,
         0.17243871092796326
      ],
      [
         21.806005477905273,
         55.550628662109375
      ],
      [
         191.13014221191406,
         93.25830841064453
      ],
      [
         16.492542266845703,
         19.13441276550293
      ],
      [
         300.5672912597656,
         93.01546478271484
      ],
      [
         301.2037658691406,
         125.24004364013672
      ],
      [
         223.2047576904297,
         4.352243423461914
      ],
      [
         301.34649658203125,
         141.50318908691406
      ],
      [
         300.01080322265625,
         229.3367156982422
      ],
      [
         111.0028305053711,
         286.29998779296875
      ],
      [
         299.99493408203125,
         51.08622360229492
      ]
   ],
   "b1s": [
      1,
      0,
      1,
      1,
      0,
      0,
      0,
      0,
      1,
      0,
      0,
      1,
      1,
      0,
      0,
      0,
      1,
      1,
      1,
      1,
      0,
      0,
      1
   ],
   "b2s": [
      0,
      1,
      0,
      0,
      1,
      0,
      1,
      1,
      0,
      1,
      1,
      0,
      0,
      1,
      1,
      1,
      0,
      0,
      0,
      0,
      0,
      1,
      0
   ]
}