{
   "angles": [
      -0.6230566965760863
   ],
   "dists": [
      16.999999999901455
   ]
}