{
   "angles": [
      0.938961125054906,
      0.9214104962984504
   ],
   "dists": [
      164.9999999965019,
      170.99999999655955
   ]
}