{
   "angles": [
      -0.9389741483820685,
      -0.9565251116590017,
      -0.93897414838205,
      -0.9214231832426892
   ],
   "dists": [
      -91.9999999980495,
      -90.99999999797087,
      -87.99999999813431,
      -83.99999999830993
   ]
}