{
   "angles": [
      -0.3948944113353442,
      -0.39489441133534364,
      1.1320182079139467,
      1.1495688718616122,
      1.1495688718616122,
      1.167119539909544
   ],
   "dists": [
      46.999999999948514,
      51.999999999943036,
      159.99999999462707,
      159.99999999445123,
      163.99999999431253,
      163.99999999413512
   ]
}