{
   "angles": [
      1.0267143008302375,
      1.0618155897774868,
      0.9916130233151677,
      1.0442649437795228,
      0.9740623883596454,
      1.0091636607398606,
      0.9916130233151677,
      0.9740623883596521
   ],
   "dists": [
      218.99999999413177,
      220.99999999357453,
      221.99999999455446,
      221.99999999379847,
      222.99999999478,
      224.99999999422658,
      225.99999999445635,
      226.9999999946864
   ]
}