{
   "angles": [
      -0.21938543546928624,
      -0.20183456676479725,
      -0.18428370372522102,
      -0.20183456676479827,
      -0.1842837037252208,
      -0.1667328464319727,
      -0.1491819949594
   ],
   "dists": [
      104.99999999998825,
      107.99999999999129,
      110.99999999999375,
      112.99999999999089,
      114.99999999999353,
      117.99999999999552,
      119.99999999999703
   ]
}