{
   "angles": [
      -0.23693630975028201,
      -0.21938543546928593,
      -0.23693630975028318,
      -0.21938543546928524,
      -0.20183456676480027
   ],
   "dists": [
      103.99999999998423,
      106.99999999998802,
      108.99999999998347,
      110.99999999998757,
      113.9999999999908
   ]
}