{
   "angles": [
      0.04387697312902828,
      0.06142775162972853,
      0.07897852401689302,
      0.09652929032078453,
      0.1140800505791568
   ],
   "dists": [
      164.0,
      164.99999999999986,
      166.99999999999966,
      168.9999999999992,
      170.9999999999985
   ]
}