{
   "angles": [
      -1.5473866402196126,
      -1.4715593573359447
   ],
   "dists": [
      -133.07122852026322,
      -127.5267959731962
   ]
}