{
   "angles": [
      0.011627745534290142,
      0.005645920034666581,
      0.003646933334071492,
      0.19886499975988436
   ],
   "dists": [
      143.13808347677866,
      138.96968553830817,
      152.34511144947865,
      173.9407983746749
   ]
}