{
   "angles": [
      0.32912376285911016,
      0.4273513940782935,
      -1.2109847949731525,
      -1.2686136023548842,
      0.3491612327841809,
      -1.2669944472014747,
      -1.264472955721812,
      -1.2547543381477768,
      -0.10214973846072839,
      -0.08368759542925705,
      -1.209623833065372,
      -0.08953827439627725,
      0.046096618449551235,
      -1.367633582886131
   ],
   "dists": [
      67.80799995534781,
      199.34221964130347,
      -159.38086932135397,
      -42.00966827110073,
      75.89219811692826,
      -34.469193480187556,
      28.964775041786005,
      -226.1707070092078,
      153.39216833011062,
      181.1181040892296,
      -153.14796606354025,
      170.34213275365184,
      155.73844393457102,
      -291.3553822571005
   ],
   "p1s": [
      [
         0.04113120585680008,
         209.67250061035156
      ],
      [
         204.18212890625,
         32.62752914428711
      ],
      [
         0.45242127776145935,
         170.45559692382812
      ],
      [
         0.34219661355018616,
         44.11017608642578
      ],
      [
         -0.2572113871574402,
         222.5422821044922
      ],
      [
         0.5898252129554749,
         36.30834197998047
      ],
      [
         95.38311767578125,
         -0.21133743226528168
      ],
      [
         0.6210039854049683,
         238.1590118408203
      ],
      [
         154.2849578857422,
         0.8682831525802612
      ],
      [
         181.8252410888672,
         0.8468919992446899
      ],
      [
         0.6404167413711548,
         163.95193481445312
      ],
      [
         171.10809326171875,
         0.9005171656608582
      ],
      [
         142.06300354003906,
         300.0490417480469
      ],
      [
         0.668118417263031,
         297.6110534667969
      ]
   ],
   "p2s": [
      [
         10.769042015075684,
         178.26266479492188
      ],
      [
         218.82882690429688,
         0.466625452041626
      ],
      [
         168.16973876953125,
         233.54879760742188
      ],
      [
         258.7893371582031,
         124.67577362060547
      ],
      [
         15.204418182373047,
         180.0744171142578
      ],
      [
         264.0316162109375,
         118.89916229248047
      ],
      [
         204.24673461914062,
         34.219879150390625
      ],
      [
         141.88470458984375,
         284.35260009765625
      ],
      [
         155.94960021972656,
         17.1076717376709
      ],
      [
         183.94261169433594,
         26.08869743347168
      ],
      [
         189.8409881591797,
         235.42095947265625
      ],
      [
         173.01834106445312,
         22.17790985107422
      ],
      [
         142.75772094726562,
         284.98883056640625
      ],
      [
         12.970067024230957,
         300.14532470703125
      ]
   ],
   "b1s": [
      0,
      1,
      0,
      0,
      0,
      0,
      0,
      0,
      0,
      0,
      0,
      0,
      0,
      0
   ],
   "b2s": [
      1,
      0,
      1,
      1,
      1,
      1,
      1,
      1,
      1,
      1,
      1,
      1,
      1,
      0
   ]
}