{
   "angles": [
      -1.5694768234927505,
      0.011493623747800216,
      -0.013569035122060313,
      1.5640610078794595,
      1.570061527996595,
      -1.4167264023610988,
      -1.2531673777156007,
      -1.3926975601068496,
      -0.03822375931873523,
      0.529131227453898,
      0.5344090222417242,
      0.018411370503895668,
      -1.4474739326800974,
      -1.2546011381523845,
      0.043392454997490934,
      -0.03164909951679142,
      -0.07034458089043637,
      -1.2577915816580512,
      0.29470461276339815,
      -0.07564273822318764,
      -1.535125502593736,
      -0.0015910499824087548,
      1.2639452572808372,
      -1.34899525157287,
      -1.2539791571046779,
      -0.03479882124934817,
      -1.2618609348288798,
      -0.059371493414666805,
      -1.306108404850671,
      0.025873706953047432,
      1.5307474839924793,
      -0.06111561345596333,
      1.5147964525487652,
      -1.2628883828603756,
      1.4151217532616411,
      0.002899583991973401,
      -0.011048273496252651,
      -0.06933259893163504
   ],
   "dists": [
      -256.61747673156503,
      30.876033694660325,
      27.650639741341603,
      210.69366943410208,
      202.31993891593652,
      -159.87301823581637,
      46.23652247043963,
      -153.2187303621938,
      282.05383601937973,
      294.93660973992974,
      301.7866473209754,
      230.3756693900329,
      -265.8442475195041,
      41.875900131960215,
      172.47477191946044,
      277.0541057197453,
      289.3098909286766,
      4.234488453245275,
      187.99054677535258,
      163.72071352395162,
      -116.52845742851196,
      117.11045141386703,
      168.25749777636622,
      -126.65234125019047,
      0.6295179742189463,
      284.2981170341782,
      -36.006727969593086,
      251.77894183872257,
      -104.99442479842891,
      253.70481132839384,
      235.31959829662935,
      254.82160193086247,
      217.4800506101615,
      -68.54488285085452,
      168.07828303782216,
      69.85381471342953,
      246.21871635559108,
      33.3923161788062
   ],
   "p1s": [
      [
         0.9991829991340637,
         256.6190185546875
      ],
      [
         27.429645538330078,
         300.01641845703125
      ],
      [
         31.33055877685547,
         270.9955139160156
      ],
      [
         0.9911885857582092,
         210.6917724609375
      ],
      [
         0.998765230178833,
         202.3192596435547
      ],
      [
         0.8567317724227905,
         161.92251586914062
      ],
      [
         147.39857482910156,
         -0.21236015856266022
      ],
      [
         0.6754783391952515,
         155.80284118652344
      ],
      [
         282.2963562011719,
         0.9504238963127136
      ],
      [
         165.92018127441406,
         300.5380859375
      ],
      [
         269.70245361328125,
         136.8238983154297
      ],
      [
         224.89004516601562,
         300.0347900390625
      ],
      [
         0.7555270791053772,
         267.9723205566406
      ],
      [
         133.4569854736328,
         -0.39676907658576965
      ],
      [
         159.7854461669922,
         295.9906921386719
      ],
      [
         282.7652587890625,
         176.00743103027344
      ],
      [
         290.5277099609375,
         7.103739261627197
      ],
      [
         13.364253997802734,
         -0.1254805028438568
      ],
      [
         106.28192901611328,
         297.0855712890625
      ],
      [
         185.4836883544922,
         280.9633483886719
      ],
      [
         284.9724426269531,
         126.77214813232422
      ],
      [
         117.53700256347656,
         268.000732421875
      ],
      [
         0.7653610706329346,
         176.25949096679688
      ],
      [
         0.7728692293167114,
         130.00717163085938
      ],
      [
         5.909804344177246,
         1.27510404586792
      ],
      [
         289.4492492675781,
         143.01918029785156
      ],
      [
         6.701614856719971,
         39.9349250793457
      ],
      [
         269.5189514160156,
         290.9691467285156
      ],
      [
         0.22889237105846405,
         108.84491729736328
      ],
      [
         246.02589416503906,
         300.00067138671875
      ],
      [
         0.9387261271476746,
         235.4708251953125
      ],
      [
         273.043701171875,
         289.997314453125
      ],
      [
         0.8751265406608582,
         217.77244567871094
      ],
      [
         0.6402313113212585,
         72.13127136230469
      ],
      [
         0.8435778021812439,
         170.00331115722656
      ],
      [
         68.98422241210938,
         300.00286865234375
      ],
      [
         249.42689514160156,
         289.0063171386719
      ],
      [
         53.124759674072266,
         282.9913330078125
      ]
   ],
   "p2s": [
      [
         121.99765014648438,
         256.7786865234375
      ],
      [
         27.751834869384766,
         271.98565673828125
      ],
      [
         31.724380493164062,
         300.0173034667969
      ],
      [
         143.0049591064453,
         209.73526000976562
      ],
      [
         146.00015258789062,
         202.2127227783203
      ],
      [
         153.0681610107422,
         185.56106567382812
      ],
      [
         230.3134002685547,
         27.046730041503906
      ],
      [
         85.00318145751953,
         170.9823455810547
      ],
      [
         283.9045715332031,
         43.0036506652832
      ],
      [
         181.5814666748047,
         273.7552490234375
      ],
      [
         297.3076477050781,
         90.18209075927734
      ],
      [
         225.13035583496094,
         286.9839782714844
      ],
      [
         27.09456443786621,
         271.2370910644531
      ],
      [
         233.85279846191406,
         32.44994354248047
      ],
      [
         164.43202209472656,
         188.975341796875
      ],
      [
         286.6911315917969,
         300.009765625
      ],
      [
         296.376708984375,
         90.1143798828125
      ],
      [
         240.5466766357422,
         73.40070343017578
      ],
      [
         115.5479965209961,
         266.55926513671875
      ],
      [
         186.93255615234375,
         300.0809020996094
      ],
      [
         300.024658203125,
         127.30931091308594
      ],
      [
         117.58792114257812,
         300.00384521484375
      ],
      [
         19.138700485229492,
         170.437744140625
      ],
      [
         133.9889678955078,
         160.04891967773438
      ],
      [
         188.00729370117188,
         60.97773361206055
      ],
      [
         294.914306640625,
         300.00299072265625
      ],
      [
         219.70745849609375,
         107.91661071777344
      ],
      [
         270.05908203125,
         300.0559387207031
      ],
      [
         106.54930114746094,
         137.66281127929688
      ],
      [
         246.2593231201172,
         290.9808349609375
      ],
      [
         21.98507308959961,
         234.62750244140625
      ],
      [
         273.6607971191406,
         300.0819396972656
      ],
      [
         12.008316040039062,
         217.14834594726562
      ],
      [
         221.2279815673828,
         142.28311157226562
      ],
      [
         13.990580558776855,
         167.93997192382812
      ],
      [
         69.03352355957031,
         283.0000915527344
      ],
      [
         249.5485382080078,
         300.0160217285156
      ],
      [
         54.24012756347656,
         299.0527648925781
      ]
   ],
   "b1s": [
      0,
      0,
      1,
      0,
      0,
      0,
      0,
      0,
      0,
      0,
      1,
      0,
      0,
      0,
      0,
      1,
      0,
      0,
      0,
      1,
      1,
      1,
      0,
      0,
      0,
      1,
      0,
      1,
      0,
      0,
      0,
      1,
      0,
      0,
      0,
      0,
      1,
      1
   ],