{
   "angles": [
      1.5697275853604298,
      1.3348226349087922,
      1.3340941837866185,
      -0.024044315019704277,
      -1.566064012190919,
      1.3324164600097277,
      1.3476689956731716,
      1.4951013343583923,
      1.3310444328063034,
      -0.010185825249325086,
      -1.5643036527407324,
      -1.434690931834946,
      -0.008897879557214095,
      0.023753776126592803,
      -1.5419597973608106,
      -1.3996131341275617,
      -1.2641941264749528,
      -0.08118746577838383,
      1.4083756925995958,
      1.4358968824142695,
      1.538201296230782,
      -0.011771631164910954,
      -1.362037759831097,
      1.540410992310819,
      -1.265506895212153,
      0.015820688750437992,
      -1.2518968824104855
   ],
   "dists": [
      62.1951711254475,
      86.92372600567123,
      51.78916239445432,
      141.57265341711255,
      -255.7426858775799,
      28.942574994445557,
      229.7475684786241,
      298.4876947069204,
      55.719743055045434,
      236.27915725861916,
      -200.5747071654123,
      -258.0443203068775,
      149.836817847685,
      55.450712389120284,
      -258.4400704367789,
      -69.37695420068437,
      55.4399571264538,
      37.438570994673896,
      264.7159790591878,
      274.7107065245476,
      225.15654476656232,
      18.92581395810902,
      -89.2614105962333,
      259.1370431915348,
      22.06404828566403,
      247.12525084096333,
      -8.271136305478322
   ],
   "p1s": [
      [
         2.999136447906494,
         62.19200134277344
      ],
      [
         0.5819388031959534,
         89.26136016845703
      ],
      [
         6.677682399749756,
         51.663822174072266
      ],
      [
         148.49130249023438,
         285.9881896972656
      ],
      [
         44.00495147705078,
         255.95379638671875
      ],
      [
         0.6654225587844849,
         29.623138427734375
      ],
      [
         154.87428283691406,
         200.4459228515625
      ],
      [
         66.02559661865234,
         294.3374938964844
      ],
      [
         4.0882568359375,
         56.36103820800781
      ],
      [
         238.9703826904297,
         263.00030517578125
      ],
      [
         214.99366760253906,
         201.97483825683594
      ],
      [
         155.58065795898438,
         281.7601013183594
      ],
      [
         152.19175720214844,
         263.9893798828125
      ],
      [
         48.338130950927734,
         300.03179931640625
      ],
      [
         251.03494262695312,
         265.7885437011719
      ],
      [
         0.7349697351455688,
         70.53307342529297
      ],
      [
         185.16793823242188,
         0.46951934695243835
      ],
      [
         60.74675369262695,
         284.9392395019531
      ],
      [
         243.8824920654297,
         228.28285217285156
      ],
      [
         243.8817596435547,
         244.1288299560547
      ],
      [
         242.0451202392578,
         217.38394165039062
      ],
      [
         21.87004852294922,
         249.98976135253906
      ],
      [
         58.09541320800781,
         103.54959869384766
      ],
      [
         266.0052185058594,
         251.17156982421875
      ],
      [
         95.6789779663086,
         7.018651485443115
      ],
      [
         242.4092254638672,
         300.0223083496094
      ],
      [
         210.59039306640625,
         78.2406005859375
      ]
   ],
   "p2s": [
      [
         154.99789428710938,
         62.029563903808594
      ],
      [
         87.10952758789062,
         68.45551300048828
      ],
      [
         73.6407470703125,
         35.51072311401367
      ],
      [
         148.82894897460938,
         300.0281677246094
      ],
      [
         300.0039367675781,
         257.165283203125
      ],
      [
         95.64591979980469,
         6.54286527633667
      ],
      [
         299.4639892578125,
         167.6377410888672
      ],
      [
         146.2467498779297,
         288.2535400390625
      ],
      [
         75.23676300048828,
         38.968528747558594
      ],
      [
         239.3473358154297,
         300.00665283203125
      ],
      [
         300.0030822753906,
         202.52679443359375
      ],
      [
         237.28086853027344,
         292.9491271972656
      ],
      [
         152.51222229003906,
         300.00433349609375
      ],
      [
         49.265872955322266,
         260.9825439453125
      ],
      [
         300.0518493652344,
         267.2024230957031
      ],
      [
         39.946109771728516,
         77.31171417236328
      ],
      [
         300.3385009765625,
         36.930816650390625
      ],
      [
         61.97895050048828,
         300.08306884765625
      ],
      [
         300.33306884765625,
         219.0326385498047
      ],
      [
         300.2015380859375,
         236.4849090576172
      ],
      [
         300.08123779296875,
         215.49159240722656
      ],
      [
         22.458852767944336,
         300.0063781738281
      ],
      [
         300.244140625,
         154.84759521484375
      ],
      [
         300.0345764160156,
         250.13726806640625
      ],
      [
         300.4561767578125,
         71.55242919921875
      ],
      [
         243.0110626220703,
         261.9843444824219
      ],
      [
         300.0711975097656,
         107.78434753417969
      ]
   ],
   "b1s": [
      0,
      0,
      0,
      1,
      1,
      0,
      1,
      0,
      0,
      1,
      1,
      1,
      1,
      0,
      1,
      0,
      0,
      1,
      1,
      1,
      1,
      1,
      1,
      1,
      0,
      0,
      1
   ],
   "b2s": [
      1,
      1,
      1,
      0,
      0,
      0,
      0,
      1,
      1,
      0,
      0,
      0,
      0,
      1,
      0,
      1,
      0,
      0,
      0,
      0,
      0,
      0,
      0,
      0,
      0,
      1,
      0
   ]
}