{
   "angles": [
      0.9677603343605308,
      0.926105614016657,
      0.9165114867852487,
      0.9486470465086978,
      0.9197809190031065,
      0.9683764028552955,
      0.9278249731220783,
      0.9195893928753682,
      -0.3367612998309674,
      0.97020193339499,
      -0.37866966081538306,
      -0.16467412080871346,
      -0.1590921725658631
   ],
   "dists": [
      34.328352338173865,
      195.6965893444449,
      279.19938392955714,
      347.8582849111515,
      401.57330989947025,
      149.19473630529745,
      394.71767858703083,
      196.46311850320407,
      35.66107740242633,
      149.0011101800001,
      -0.6906289196735835,
      263.2969934709433,
      276.87844726014623
   ],
   "p1s": [
      [
         0.5288539528846741,
         41.3157958984375
      ],
      [
         0.08136256784200668,
         244.77818298339844
      ],
      [
         67.23047637939453,
         300.3005065917969
      ],
      [
         178.19497680664062,
         300.2718811035156
      ],
      [
         267.6860656738281,
         300.90057373046875
      ],
      [
         0.7110743522644043,
         180.57986450195312
      ],
      [
         256.67803955078125,
         300.9050598144531
      ],
      [
         237.34024047851562,
         66.13429260253906
      ],
      [
         38.00971603393555,
         0.6465010643005371
      ],
      [
         184.2637176513672,
         54.38499450683594
      ],
      [
         -0.1615409553050995,
         1.4621431827545166
      ],
      [
         267.3953857421875,
         2.9342970848083496
      ],
      [
         280.56561279296875,
         0.9092523455619812
      ]
   ],
   "p2s": [
      [
         61.059513092041016,
         -0.36579063534736633
      ],
      [
         225.480712890625,
         75.30934143066406
      ],
      [
         300.3714294433594,
         121.4842758178711
      ],
      [
         300.90850830078125,
         212.26681518554688
      ],
      [
         301.1007995605469,
         275.4449768066406
      ],
      [
         158.19284057617188,
         72.28041076660156
      ],
      [
         300.2156677246094,
         268.2878723144531
      ],
      [
         301.147705078125,
         17.50596046447754
      ],
      [
         41.56517028808594,
         10.80213451385498
      ],
      [
         261.38226318359375,
         1.5580477714538574
      ],
      [
         11.166484832763672,
         29.933759689331055
      ],
      [
         272.7314453125,
         35.04462432861328
      ],
      [
         284.1072692871094,
         22.982791900634766
      ]
   ],
   "b1s": [
      0,
      0,
      0,
      0,
      0,
      0,
      0,
      1,
      0,
      1,
      0,
      0,
      0
   ],
   "b2s": [
      0,
      1,
      0,
      0,
      0,
      1,
      0,
      0,
      1,
      0,
      1,
      1,
      1
   ]
}