{
   "angles": [
      0.9222450375559571,
      1.4192674194703083,
      1.0421259338924806,
      0.9237722894797193,
      0.956643420274934,
      1.3807546675291271,
      1.4197341737744433,
      -1.4747687087721186,
      0.9289320144658779,
      1.3824864781360076,
      0.9295341869940202,
      1.1921214679619943
   ],
   "dists": [
      14.009209828821962,
      304.51229776439715,
      150.77301602601185,
      96.2606431234173,
      172.65466852001128,
      224.3850652184128,
      242.39995394794846,
      -73.77950696846918,
      214.01782288018555,
      219.61408202454788,
      220.49321675735894,
      193.5138237195614
   ],
   "p1s": [
      [
         -0.04923798516392708,
         17.61563491821289
      ],
      [
         33.448097229003906,
         302.93450927734375
      ],
      [
         275.734619140625,
         13.545696258544922
      ],
      [
         -0.014950871467590332,
         120.6566162109375
      ],
      [
         -0.6225611567497253,
         211.69888305664062
      ],
      [
         87.14159393310547,
         211.73605346679688
      ],
      [
         48.811561584472656,
         237.76206970214844
      ],
      [
         276.92340087890625,
         100.79532623291016
      ],
      [
         0.25537052750587463,
         267.0037536621094
      ],
      [
         211.0655517578125,
         183.343994140625
      ],
      [
         0.23716333508491516,
         274.9781188964844
      ],
      [
         261.6650085449219,
         104.15805053710938
      ]
   ],
   "p2s": [
      [
         23.22410774230957,
         -0.023712467402219772
      ],
      [
         300.3330993652344,
         262.18133544921875
      ],
      [
         297.799560546875,
         0.6568602919578552
      ],
      [
         160.04129028320312,
         -0.26893818378448486
      ],
      [
         297.515380859375,
         1.476332187652588
      ],
      [
         300.33203125,
         170.72610473632812
      ],
      [
         300.3757629394531,
         199.46852111816406
      ],
      [
         300.0937194824219,
         103.02719116210938
      ],
      [
         59.2077522277832,
         222.9400634765625
      ],
      [
         300.2567138671875,
         166.3470458984375
      ],
      [
         48.634117126464844,
         238.8494415283203
      ],
      [
         300.6545104980469,
         88.64503479003906
      ]
   ],
   "b1s": [
      0,
      0,
      1,
      0,
      0,
      1,
      1,
      1,
      0,
      1,
      0,
      1
   ],
   "b2s": [
      0,
      0,
      0,
      0,
      0,
      0,
      0,
      0,
      1,
      0,
      1,
      0
   ]
}