{
   "angles": [
      1.4715673015484847,
      0.6111984087786358,
      0.5556960263498314,
      0.6436590968142084,
      1.286010051427349,
      0.645334109123484,
      -0.050459688627018266,
      0.6130358905822136,
      -0.0548223265411449,
      -0.033949414295863144,
      -0.05207991126573778,
      -0.059692709196405895,
      -0.05167556705075492,
      0.9847279013572242,
      -0.08044700212188685,
      -0.05218701948437066,
      -0.017667206843256004,
      1.302672640155212,
      1.2799991797078696,
      0.06445932657219014,
      0.041625579619833125,
      0.12949371177883495,
      -0.0059959340232048925,
      0.9371350512913171
   ],
   "dists": [
      204.2687785275148,
      85.10925386974723,
      45.13706041275741,
      100.68327694019408,
      53.396486417151955,
      104.85104812130064,
      280.3658679463114,
      88.76836846720757,
      205.50709298061932,
      28.445119383625723,
      188.18013776140003,
      186.11598230927427,
      192.19441153581036,
      340.4080347654492,
      64.7812699864044,
      196.33852234408823,
      178.71896090079363,
      55.16864289405929,
      47.3163871952906,
      16.30707290743732,
      89.6514436503242,
      123.31767020343185,
      293.2061458820381,
      339.3350969636192
   ],
   "p1s": [
      [
         288.9513854980469,
         176.51173400878906
      ],
      [
         15.144402503967285,
         126.69977569580078
      ],
      [
         14.5641508102417,
         62.10837936401367
      ],
      [
         18.613746643066406,
         142.9599609375
      ],
      [
         126.58450317382812,
         18.580671310424805
      ],
      [
         73.77389526367188,
         76.33551025390625
      ],
      [
         291.22967529296875,
         208.03890991210938
      ],
      [
         25.82151985168457,
         117.57789611816406
      ],
      [
         205.92327880859375,
         1.9493322372436523
      ],
      [
         34.7425651550293,
         184.94081115722656
      ],
      [
         188.5958251953125,
         3.073195219039917
      ],
      [
         202.58218383789062,
         269.9652099609375
      ],
      [
         192.4990234375,
         0.9224678874015808
      ],
      [
         162.4817352294922,
         300.72564697265625
      ],
      [
         88.44924926757812,
         290.9637756347656
      ],
      [
         196.65663146972656,
         0.9657014012336731
      ],
      [
         183.85325622558594,
         289.0025939941406
      ],
      [
         129.1970977783203,
         21.717376708984375
      ],
      [
         137.74981689453125,
         8.164074897766113
      ],
      [
         12.461993217468262,
         60.09436798095703
      ],
      [
         77.23213958740234,
         300.05133056640625
      ],
      [
         85.2706069946289,
         300.16546630859375
      ],
      [
         294.9742431640625,
         294.0001525878906
      ],
      [
         291.6075134277344,
         206.8268280029297
      ]
   ],
   "p2s": [
      [
         300.13916015625,
         175.39793395996094
      ],
      [
         103.80801391601562,
         0.16477136313915253
      ],
      [
         52.925106048583984,
         0.33252406120300293
      ],
      [
         125.79630279541016,
         0.09692605584859848
      ],
      [
         186.05047607421875,
         1.172400951385498
      ],
      [
         131.0372772216797,
         0.2751970589160919
      ],
      [
         295.36798095703125,
         289.9814147949219
      ],
      [
         108.21592712402344,
         0.44844523072242737
      ],
      [
         222.2816619873047,
         300.0394287109375
      ],
      [
         38.65066146850586,
         300.0118713378906
      ],
      [
         202.40728759765625,
         268.0308837890625
      ],
      [
         204.38294982910156,
         300.0966491699219
      ],
      [
         207.97055053710938,
         300.0532531738281
      ],
      [
         178.1951141357422,
         290.2939147949219
      ],
      [
         89.18306732177734,
         300.06585693359375
      ],
      [
         212.1715850830078,
         297.99102783203125
      ],
      [
         184.04786682128906,
         300.0168151855469
      ],
      [
         186.28392028808594,
         6.033401966094971
      ],
      [
         163.8098907470703,
         0.36479654908180237
      ],
      [
         16.275314331054688,
         1.0177712440490723
      ],
      [
         77.48506927490234,
         293.9785461425781
      ],
      [
         86.47309112548828,
         290.931396484375
      ],
      [
         295.01025390625,
         300.0059509277344
      ],
      [
         300.315185546875,
         200.42898559570312
      ]
   ],
   "b1s": [
      1,
      1,
      1,
      1,
      1,
      1,
      0,
      1,
      0,
      1,
      0,
      1,
      0,
      0,
      1,
      0,
      1,
      1,
      0,
      1,
      0,
      0,
      0,
      0
   ],
   "b2s": [
      0,
      0,
      0,
      0,
      0,
      0,
      0,
      0,
      0,
      0,
      1,
      0,
      0,
      1,
      0,
      0,
      0,
      0,
      0,
      0,
      0,
      1,
      0,
      0
   ]
}