{
   "angles": [
      -1.5075363506386361,
      -1.4776819479481342,
      1.3435417644694572,
      -1.494244660311836,
      1.3765748572900347,
      -1.2636054129228969,
      -1.2858268300380906,
      -1.260744707589048,
      -1.2541373057509015,
      1.4150292206965018,
      -1.240591140722591,
      -1.2438051300531217,
      -1.3948174973014877,
      -1.2318620394072564,
      -1.2749738699120188,
      -1.2424768661704493,
      -1.2292912770685,
      -1.228274160150859,
      -1.5658929495272043,
      -1.23713948151177,
      -1.2571590866177966,
      -0.06463501552167676,
      0.19821905192114214,
      -1.2492952148199743
   ],
   "dists": [
      16.43204522551426,
      19.739983003837644,
      12.154790528427169,
      -79.1373069268228,
      15.171672987647295,
      -240.9426661673853,
      -246.59413308614998,
      -245.4830472799432,
      -10.694483857482936,
      147.03236716722103,
      68.20799957231715,
      -81.22138978033908,
      -292.2886238520781,
      16.48002190122551,
      -196.06633323309313,
      -127.45999360371773,
      21.127431577087492,
      -138.76816557163392,
      -84.93263571854934,
      -122.75455077299333,
      -199.47748376186843,
      -1.240333814464571,
      327.49143738900295,
      -188.910041344933
   ],
   "p1s": [
      [
         276.994873046875,
         1.081121563911438
      ],
      [
         217.05197143554688,
         0.4434046149253845
      ],
      [
         0.83411705493927,
         12.282665252685547
      ],
      [
         268.99981689453125,
         100.00245666503906
      ],
      [
         12.208686828613281,
         13.060932159423828
      ],
      [
         3.078505277633667,
         253.75253295898438
      ],
      [
         0.41773489117622375,
         257.07952880859375
      ],
      [
         69.03462982177734,
         279.89190673828125
      ],
      [
         56.724178314208984,
         29.841718673706055
      ],
      [
         2.9024081230163574,
         148.3785400390625
      ],
      [
         212.13478088378906,
         0.6067536473274231
      ],
      [
         114.17312622070312,
         124.48956298828125
      ],
      [
         0.6463938355445862,
         296.98858642578125
      ],
      [
         60.67680740356445,
         3.9167628288269043
      ],
      [
         163.0986328125,
         254.6763916015625
      ],
      [
         0.6969000101089478,
         134.8897705078125
      ],
      [
         65.10074615478516,
         0.7165530323982239
      ],
      [
         283.2411804199219,
         248.3236083984375
      ],
      [
         0.9953970909118652,
         84.93853759765625
      ],
      [
         0.9176581501960754,
         130.237548828125
      ],
      [
         0.4037162661552429,
         209.83843994140625
      ],
      [
         3.2866320610046387,
         69.9814453125
      ],
      [
         297.2647399902344,
         183.0531768798828
      ],
      [
         0.5667344927787781,
         199.30087280273438
      ]
   ],
   "p2s": [
      [
         300.09222412109375,
         2.5442216396331787
      ],
      [
         300.1676025390625,
         8.205120086669922
      ],
      [
         53.77787780761719,
         0.03946996480226517
      ],
      [
         300.1235046386719,
         102.38970184326172
      ],
      [
         60.70905303955078,
         3.5208702087402344
      ],
      [
         57.3290901184082,
         270.9626159667969
      ],
      [
         148.81246948242188,
         300.5506591796875
      ],
      [
         134.7018280029297,
         300.9306640625
      ],
      [
         301.6098327636719,
         110.08723449707031
      ],
      [
         19.13036346435547,
         145.8301239013672
      ],
      [
         300.69842529296875,
         30.96232032775879
      ],
      [
         295.05474853515625,
         185.83856201171875
      ],
      [
         19.92587661743164,
         300.4168395996094
      ],
      [
         300.5370178222656,
         88.47667694091797
      ],
      [
         300.1675720214844,
         296.4501953125
      ],
      [
         213.831787109375,
         207.49380493164062
      ],
      [
         300.2502136230469,
         84.29601287841797
      ],
      [
         300.5379638671875,
         254.4912567138672
      ],
      [
         12.00003719329834,
         84.99250793457031
      ],
      [
         80.41812896728516,
         157.79368591308594
      ],
      [
         121.33168029785156,
         249.060546875
      ],
      [
         4.13289213180542,
         83.05612182617188
      ],
      [
         299.50482177734375,
         171.90054321289062
      ],
      [
         155.97933959960938,
         251.06201171875
      ]
   ],
   "b1s": [
      0,
      0,
      0,
      1,
      1,
      0,
      0,
      1,
      1,
      0,
      0,
      1,
      0,
      0,
      1,
      0,
      0,
      1,
      0,
      0,
      0,
      0,
      0,
      0
   ],
   "b2s": [
      0,
      0,
      0,
      0,
      0,
      1,
      0,
      0,
      0,
      1,
      0,
      0,
      0,
      0,
      0,
      1,
      0,
      0,
      1,
      1,
      1,
      0,
      0,
      1
   ]
}