{
   "angles": [
      0.02600193357453539,
      0.02789695573510631,
      0.020509695584253078,
      0.029329297238022675,
      0.038144910751726664,
      0.031687973304754216,
      0.029401297139378352,
      1.303531690975905,
      1.4802190141160183,
      0.03271712898139447,
      0.025989926057220288,
      -1.5662804403521127,
      0.023888349974210552,
      -0.7056626141069969,
      0.0027543600737270964,
      0.03669619093987058,
      0.04451741216852626,
      0.038128418504084445,
      0.005839272888045829,
      0.031717269894081836,
      0.013831777092212142,
      -0.36391274213916064,
      -0.001377720865078629,
      0.0221075225519333,
      0.041116324871496954,
      0.035659586643842396,
      -0.7176540791252898,
      0.009531682250465743,
      1.3678944772416552,
      0.003969430257560649,
      0.05085505888458284,
      0.017975405505740127
   ],
   "dists": [
      238.05832995196644,
      184.4800484001144,
      249.59275428669852,
      159.67208397148048,
      124.57905237382509,
      147.31687904117257,
      170.41118064094974,
      108.59999502544376,
      90.15686912730308,
      108.95741317976815,
      233.99645384785984,
      -148.75163267161946,
      262.10165229861536,
      -57.03938335116448,
      120.2577790856366,
      105.10421872382263,
      89.12426363642041,
      128.23345342610702,
      173.88192232625113,
      230.16008422548398,
      150.7747020763443,
      240.5432846001943,
      298.5116375008675,
      275.8036819404219,
      66.09633460030734,
      75.1504925601338,
      -59.39954787045128,
      97.77932468051284,
      67.37584550562296,
      298.6520688644729,
      52.900014385827795,
      180.1193326420705
   ],
   "p1s": [
      [
         230.33558654785156,
         300.03472900390625
      ],
      [
         176.32220458984375,
         294.9252624511719
      ],
      [
         243.49085998535156,
         300.03057861328125
      ],
      [
         156.42611694335938,
         112.98316192626953
      ],
      [
         121.88397979736328,
         72.99557495117188
      ],
      [
         139.5934295654297,
         245.9871063232422
      ],
      [
         162.3985595703125,
         274.9529113769531
      ],
      [
         271.7757873535156,
         38.1811408996582
      ],
      [
         282.0824279785156,
         64.90760040283203
      ],
      [
         102.24384307861328,
         206.9097900390625
      ],
      [
         226.27590942382812,
         300.0331726074219
      ],
      [
         283.0043640136719,
         150.0311737060547
      ],
      [
         255.0080108642578,
         300.0240783691406
      ],
      [
         59.32271194458008,
         157.57705688476562
      ],
      [
         120.07920837402344,
         64.99746704101562
      ],
      [
         98.05269622802734,
         194.00193786621094
      ],
      [
         81.15333557128906,
         180.91773986816406
      ],
      [
         119.70885467529297,
         225.91259765625
      ],
      [
         172.99737548828125,
         151.98831176757812
      ],
      [
         224.34243774414062,
         187.0108642578125
      ],
      [
         149.2953338623047,
         107.99024963378906
      ],
      [
         282.46978759765625,
         65.82108306884766
      ],
      [
         298.60009765625,
         64.0019302368164
      ],
      [
         269.2371520996094,
         300.02734375
      ],
      [
         59.69047927856445,
         157.06954956054688
      ],
      [
         69.88164520263672,
         149.0314483642578
      ],
      [
         0.27138158679008484,
         90.63603210449219
      ],
      [
         97.54541778564453,
         25.005199432373047
      ],
      [
         276.19830322265625,
         11.963863372802734
      ],
      [
         298.06298828125,
         148.99627685546875
      ],
      [
         46.096885681152344,
         135.0049285888672
      ],
      [
         179.12368774414062,
         57.00222396850586
      ]
   ],
   "p2s": [
      [
         236.21478271484375,
         73.97957611083984
      ],
      [
         184.52587890625,
         0.930961549282074
      ],
      [
         247.69711303710938,
         94.97327423095703
      ],
      [
         159.71255493164062,
         0.9622292518615723
      ],
      [
         124.6335678100586,
         0.9478522539138794
      ],
      [
         147.3598175048828,
         0.9797070622444153
      ],
      [
         170.456787109375,
         0.9546142220497131
      ],
      [
         300.3700866699219,
         30.35158920288086
      ],
      [
         299.1235046386719,
         63.359840393066406
      ],
      [
         108.98518371582031,
         0.9340575337409973
      ],
      [
         234.0508270263672,
         0.9493294954299927
      ],
      [
         296.0041198730469,
         150.0898895263672
      ],
      [
         258.42559814453125,
         156.9862823486328
      ],
      [
         177.07823181152344,
         295.7853698730469
      ],
      [
         120.23344421386719,
         9.000642776489258
      ],
      [
         105.13947296142578,
         0.9684076309204102
      ],
      [
         89.16777038574219,
         1.0074734687805176
      ],
      [
         128.2910614013672,
         0.9348092675209045
      ],
      [
         173.87911987304688,
         0.9876154065132141
      ],
      [
         230.24493408203125,
         0.9760434031486511
      ],
      [
         150.77552795410156,
         0.9830623865127563
      ],
      [
         300.0508728027344,
         111.98062896728516
      ],
      [
         298.638671875,
         92.00049591064453
      ],
      [
         272.48834228515625,
         152.9886932373047
      ],
      [
         66.11429595947266,
         0.922423243522644
      ],
      [
         75.16368865966797,
         0.9701647162437439
      ],
      [
         43.205711364746094,
         139.8204345703125
      ],
      [
         97.7744369506836,
         0.9787867665290833
      ],
      [
         300.21063232421875,
         7.023746967315674
      ],
      [
         298.1781005859375,
         119.99673461914062
      ],
      [
         52.917808532714844,
         0.9958163499832153
      ],
      [
         180.1304168701172,
         1.0023443698883057
      ]
   ],
   "b1s": [
      0,
      0,
      0,
      1,
      1,
      1,
      1,
      1,
      1,
      1,
      0,
      1,
      0,
      1,
      1,
      1,
      1,
      1,
      1,
      1,
      1,
      1,
      0,
      0,
      1,
      1,
      0,
      1,
      1,
      0,
      1,
      1
   ],
   "b2s": [
      1,
      0,
      1,
      0,
      0,
      0,
      0,
      0,
      0,
      0,
      0,
      0,
      1,
      0,
      0,
      0,
      0,
      0,
      0,
      0,
      0,
      0,
      0,
      1,
      0,
      0,
      1,
      0,
      0,
      0,
      0,
      0
   ]
}