{
   "angles": [
      0.9184591298972993,
      0.9273284600803791,
      0.9267169646209964,
      1.1909184613743076,
      1.1880220955108485,
      1.1814809888403561,
      1.1880969581498224,
      0.9358322174714959,
      0.9438881566007459,
      0.9854280408468176,
      1.1792044641327135,
      -1.549335061633254,
      -1.5513148525210634,
      0.9815912180080472,
      0.20898636806521223
   ],
   "dists": [
      167.1581971295558,
      73.88495345292917,
      155.47749495344877,
      360.17326747021764,
      354.1455614354149,
      256.9680778718715,
      285.414815784823,
      165.41943694313,
      241.9442762785643,
      57.59499191875337,
      249.4659774636542,
      -43.3468247257867,
      -31.555612678552063,
      58.4228732828826,
      278.4262585124374
   ],
   "p1s": [
      [
         1.2827041149139404,
         209.37008666992188
      ],
      [
         -0.15008583664894104,
         92.46644592285156
      ],
      [
         -0.11382153630256653,
         194.51669311523438
      ],
      [
         219.131103515625,
         300.3283386230469
      ],
      [
         199.57159423828125,
         301.41961669921875
      ],
      [
         67.44437408447266,
         250.08316040039062
      ],
      [
         16.426454544067383,
         301.05938720703125
      ],
      [
         222.60459899902344,
         41.46331787109375
      ],
      [
         0.5388494729995728,
         298.3634033203125
      ],
      [
         58.76128005981445,
         30.148468017578125
      ],
      [
         82.01313018798828,
         236.03179931640625
      ],
      [
         222.9754638671875,
         48.142879486083984
      ],
      [
         237.99612426757812,
         36.19870376586914
      ],
      [
         0.35483524203300476,
         70.0347671508789
      ],
      [
         280.5210876464844,
         19.32259750366211
      ]
   ],
   "p2s": [
      [
         118.10124969482422,
         120.1325454711914
      ],
      [
         123.85301208496094,
         -0.5294259190559387
      ],
      [
         258.49444580078125,
         0.3267359733581543
      ],
      [
         300.7024230957031,
         267.75927734375
      ],
      [
         300.3408508300781,
         260.8465881347656
      ],
      [
         300.58856201171875,
         154.4346466064453
      ],
      [
         300.66094970703125,
         186.64190673828125
      ],
      [
         277.8333435058594,
         0.7737991213798523
      ],
      [
         46.20515441894531,
         265.283203125
      ],
      [
         103.61370086669922,
         0.4172348380088806
      ],
      [
         300.36029052734375,
         145.87255859375
      ],
      [
         300.02581787109375,
         49.7967414855957
      ],
      [
         300.0310363769531,
         37.40739822387695
      ],
      [
         40.93871307373047,
         42.90830993652344
      ],
      [
         284.4325256347656,
         0.879647433757782
      ]
   ],
   "b1s": [
      0,
      0,
      0,
      0,
      0,
      1,
      0,
      1,
      0,
      1,
      1,
      1,
      1,
      0,
      1
   ],
   "b2s": [
      1,
      0,
      0,
      0,
      0,
      0,
      0,
      0,
      1,
      0,
      0,
      0,
      0,
      1,
      0
   ]
}