{
   "angles": [
      0.9219376761839791,
      0.9954361347830598,
      0.9686572064158071,
      0.9219207403738099,
      -1.5601888683492973,
      0.9813407351505089,
      -1.5593285138987207,
      0.9808623400271755,
      -0.14811227921721568,
      -0.14624441984638278,
      -0.15161732687304405
   ],
   "dists": [
      337.19594548273267,
      108.92302834827225,
      112.41068349588794,
      254.78810844615995,
      -27.29605758241791,
      226.57204068147414,
      -39.46779394587063,
      229.0540827452448,
      -6.482324517165125,
      -29.754856721405353,
      -25.675881817063726
   ],
   "p1s": [
      [
         160.25909423828125,
         301.6601867675781
      ],
      [
         153.27215576171875,
         30.419647216796875
      ],
      [
         0.39906173944473267,
         136.12562561035156
      ],
      [
         24.12415313720703,
         301.4822082519531
      ],
      [
         0.9861242771148682,
         27.308053970336914
      ],
      [
         217.20677185058594,
         127.30919647216797
      ],
      [
         0.9830077290534973,
         39.48166275024414
      ],
      [
         0.5260273218154907,
         275.2920227050781
      ],
      [
         2.8491854667663574,
         63.02250289916992
      ],
      [
         10.154253959655762,
         273.12457275390625
      ],
      [
         15.250235557556152,
         269.8089904785156
      ]
   ],
   "p2s": [
      [
         300.8088684082031,
         195.06654357910156
      ],
      [
         200.29942321777344,
         -0.08021019399166107
      ],
      [
         63.047218322753906,
         93.0687026977539
      ],
      [
         237.6494903564453,
         139.537841796875
      ],
      [
         152.97962951660156,
         28.92038917541504
      ],
      [
         301.35845947265625,
         71.03129577636719
      ],
      [
         134.99978637695312,
         41.018619537353516
      ],
      [
         111.14867401123047,
         201.23458862304688
      ],
      [
         11.948474884033203,
         124.0076904296875
      ],
      [
         14.131734848022461,
         300.1278991699219
      ],
      [
         19.889049530029297,
         300.16973876953125
      ]
   ],
   "b1s": [
      0,
      1,
      0,
      0,
      0,
      1,
      0,
      0,
      0,
      1,
      1
   ],
   "b2s": [
      0,
      0,
      1,
      1,
      1,
      0,
      1,
      1,
      1,
      0,
      0
   ]
}