{
   "angles": [
      1.0693981881044572,
      -1.564848326722799,
      0.9730073954488859,
      1.0374211404037135,
      1.0379603887808577,
      0.9875596277950127,
      1.5603928758928047,
      -1.5666581701353082,
      0.9785732273566607,
      -1.543590643363414,
      -0.3509577386739655,
      -0.3383664892869226,
      -0.15805506450908696,
      -0.15044031372619254,
      -0.3403884207478718,
      1.0779946938655014
   ],
   "dists": [
      116.86818570580567,
      -37.51227428768943,
      282.99251440377503,
      122.43201296836463,
      103.05931904490996,
      396.3874769805458,
      9.822142797374685,
      -25.86481886460498,
      281.6940268409277,
      0.10237998681553773,
      -68.0781332995378,
      -56.463420399560285,
      266.30072311577055,
      274.34535448056795,
      -44.69564156637273,
      284.4824115512185
   ],
   "p1s": [
      [
         196.70201110839844,
         25.45634651184082
      ],
      [
         213.99533081054688,
         38.785797119140625
      ],
      [
         59.33643341064453,
         301.9627685546875
      ],
      [
         0.38318777084350586,
         141.9553680419922
      ],
      [
         0.5869899988174438,
         119.2996597290039
      ],
      [
         263.6281433105469,
         300.9519958496094
      ],
      [
         236.99331665039062,
         7.35703706741333
      ],
      [
         197.00132751464844,
         26.680267333984375
      ],
      [
         254.9784393310547,
         167.9679412841797
      ],
      [
         277.9874267578125,
         7.462286472320557
      ],
      [
         -0.5333667993545532,
         196.56138610839844
      ],
      [
         -0.23358440399169922,
         169.43409729003906
      ],
      [
         276.50274658203125,
         42.91987228393555
      ],
      [
         283.8270263671875,
         41.8746337890625
      ],
      [
         3.9458725452423096,
         145.0191650390625
      ],
      [
         57.12336349487305,
         292.229736328125
      ]
   ],
   "p2s": [
      [
         237.85018920898438,
         2.90224552154541
      ],
      [
         300.0041809082031,
         39.297393798828125
      ],
      [
         237.46168518066406,
         180.6780548095703
      ],
      [
         174.63116455078125,
         39.06894302368164
      ],
      [
         201.78988647460938,
         0.6437042951583862
      ],
      [
         300.43841552734375,
         276.6644287109375
      ],
      [
         262.01141357421875,
         7.0967631340026855
      ],
      [
         300.0078430175781,
         27.106536865234375
      ],
      [
         300.3141784667969,
         137.4669647216797
      ],
      [
         297.00054931640625,
         7.979689121246338
      ],
      [
         37.53354263305664,
         300.5368957519531
      ],
      [
         45.85441970825195,
         300.40313720703125
      ],
      [
         291.9764099121094,
         140.00375366210938
      ],
      [
         297.226318359375,
         130.26885986328125
      ],
      [
         19.8906307220459,
         190.0387420654297
      ],
      [
         70.13133239746094,
         285.24456787109375
      ]
   ],
   "b1s": [
      1,
      1,
      0,
      0,
      0,
      0,
      0,
      1,
      1,
      0,
      0,
      0,
      1,
      1,
      0,
      0
   ],
   "b2s": [
      0,
      0,
      1,
      1,
      0,
      0,
      0,
      0,
      0,
      0,
      0,
      0,
      0,
      0,
      1,
      1
   ]
}