{
   "angles": [
      0.6051284822375477,
      0.5993093010637188,
      0.6671854975932096,
      1.5540771028091769,
      0.5511790757698124,
      0.6412445008647185,
      -1.4707308904502074,
      -1.5692049104527501,
      -1.518813160853081,
      -1.533377233055733,
      -0.058051875159728206,
      0.6324204385732266,
      -0.06292291450597462,
      0.6291446531129015,
      -1.2337924580980246,
      0.41465368627482946,
      -0.057521471594778065,
      -0.060263795039841576,
      1.5525831717086873,
      -1.2347989194356899,
      -0.03831398552548918,
      -1.2773045369719622,
      1.2817585371102256,
      0.6089196410935892,
      0.5968271512730398,
      1.3007513730493128,
      -1.2210616581892002,
      -1.5705619630142922,
      -1.2742633640625045,
      0.03145028097831065,
      -0.10431463858965168,
      -1.201809128091156
   ],
   "dists": [
      256.65588961330343,
      257.5157623826274,
      275.2353374407468,
      188.88309220828233,
      205.48337904897392,
      280.5579553399905,
      -91.2306907666678,
      -198.04654112455412,
      -173.21728389873354,
      -97.00576535835891,
      178.77933369797717,
      283.51346990054907,
      169.28162593547475,
      283.127620754899,
      -107.30366546743548,
      16.943445022572963,
      174.89091870127186,
      187.89536372628342,
      170.06289625582548,
      -30.070673175108503,
      142.31277544589165,
      -85.25397109587543,
      344.63931613603603,
      261.050402577782,
      261.69405406871397,
      329.1117845175077,
      -78.94043217141821,
      -204.92451770872927,
      -157.06278632906435,
      24.912845438962982,
      21.678555319932222,
      -216.85379041798515
   ],
   "p1s": [
      [
         104.05713653564453,
         300.731201171875
      ],
      [
         240.0941925048828,
         105.06434631347656
      ],
      [
         243.9142303466797,
         135.14476013183594
      ],
      [
         268.97344970703125,
         184.41204833984375
      ],
      [
         150.09303283691406,
         148.2130126953125
      ],
      [
         125.7460708618164,
         300.5569152832031
      ],
      [
         282.9897766113281,
         120.10174560546875
      ],
      [
         269.9976501464844,
         198.47647094726562
      ],
      [
         269.0286560058594,
         187.44915771484375
      ],
      [
         0.9210750460624695,
         97.10820007324219
      ],
      [
         186.81459045410156,
         133.0688934326172
      ],
      [
         131.4188995361328,
         300.3069763183594
      ],
      [
         181.5352325439453,
         189.15528869628906
      ],
      [
         266.6585388183594,
         114.75146484375
      ],
      [
         0.3603785037994385,
         113.8255615234375
      ],
      [
         5.788203239440918,
         28.90677261352539
      ],
      [
         183.81900024414062,
         150.0104217529297
      ],
      [
         195.8364715576172,
         125.94953155517578
      ],
      [
         272.0024719238281,
         165.13653564453125
      ],
      [
         0.6261592507362366,
         32.07044219970703
      ],
      [
         142.4534912109375,
         0.9442840814590454
      ],
      [
         0.34519779682159424,
         89.16664123535156
      ],
      [
         274.66632080078125,
         277.8779296875
      ],
      [
         108.38411712646484,
         300.9651794433594
      ],
      [
         247.67054748535156,
         101.1351089477539
      ],
      [
         275.2515869140625,
         265.2962341308594
      ],
      [
         0.8738606572151184,
         84.3458480834961
      ],
      [
         274.0,
         204.98873901367188
      ],
      [
         0.8501781225204468,
         164.49034118652344
      ],
      [
         15.486493110656738,
         300.01531982421875
      ],
      [
         43.26747512817383,
         205.07669067382812
      ],
      [
         0.7007693648338318,
         232.77381896972656
      ]
   ],
   "p2s": [
      [
         180.4390106201172,
         190.3036651611328
      ],
      [
         300.6382751464844,
         16.436016082763672
      ],
      [
         300.0746765136719,
         63.84651184082031
      ],
      [
         300.0149230957031,
         183.8930206298828
      ],
      [
         240.97604370117188,
         0.3705519139766693
      ],
      [
         178.74612426757812,
         229.5569610595703
      ],
      [
         292.0987548828125,
         121.01630401611328
      ],
      [
         300.0023498535156,
         198.52423095703125
      ],
      [
         300.20440673828125,
         189.0712432861328
      ],
      [
         21.005237579345703,
         97.86009216308594
      ],
      [
         196.52114868164062,
         300.0859375
      ],
      [
         179.18067932128906,
         235.13241577148438
      ],
      [
         188.5249786376953,
         300.0929260253906
      ],
      [
         299.62542724609375,
         69.45518493652344
      ],
      [
         63.64957046508789,
         136.0001678466797
      ],
      [
         12.293025016784668,
         14.128982543945312
      ],
      [
         192.45794677734375,
         300.0312194824219
      ],
      [
         206.3405303955078,
         300.039794921875
      ],
      [
         300.01141357421875,
         164.62635803222656
      ],
      [
         57.38646697998047,
         51.893409729003906
      ],
      [
         143.98895263671875,
         41.000423431396484
      ],
      [
         25.74521827697754,
         96.84303283691406
      ],
      [
         300.0941467285156,
         270.31658935546875
      ],
      [
         177.59207153320312,
         201.71556091308594
      ],
      [
         300.98651123046875,
         22.670330047607422
      ],
      [
         300.1145935058594,
         258.41400146484375
      ],
      [
         101.365478515625,
         120.9979476928711
      ],
      [
         300.000244140625,
         204.99484252929688
      ],
      [
         63.42485427856445,
         183.60951232910156
      ],
      [
         17.21709632873535,
         245.0068359375
      ],
      [
         53.22489547729492,
         300.18585205078125
      ],
      [
         21.126649856567383,
         240.6724853515625
      ]
   ],
   "b1s": [
      0,
      1,
      1,
      1,
      1,
      0,
      1,
      1,
      1,
      0,
      1,
      0,
      1,
      1,
      0,
      0,
      1,
      1,
      1,
      0,
      0,
      0,
      1,
      0,
      1,
      1,
      0,
      1,
      0,
      0,
      1,
      0
   ],
   "b2s": [
      1,
      0,
      0,
      0,
      0,
      1,
      0,
      0,
      0,
      1,
      0,
      1,
      0,
      0,
      1,
      1,
      0,
      0,
      0,
      1,
      1,
      1,
      0,
      1,
      0,
      0,
      1,
      0,
      1,
      1,
      0,
      1
   ]
}