{
   "angles": [
      0.9262455013654853,
      0.05725902531507448,
      0.04007508759515213,
      1.3315778292990899,
      0.038194743279745126,
      0.9481804988241094,
      0.001076333098147598,
      0.034275370762305586,
      0.04724405998095455,
      0.039981960051766546,
      0.040172181551222486,
      1.3539711016038383,
      0.04516487223423364,
      0.038662139576700005,
      1.3369812124260037,
      0.02514208061036262,
      1.3416660521882668,
      0.01592369307605706,
      1.3422555989997356,
      0.03755209849265065,
      0.03545322866527429,
      1.3596014162333674,
      0.044481112446028356,
      1.396377887114296,
      0.9807769881101118,
      1.350865091429368,
      0.07210442076760751,
      0.0026976682881554213,
      0.054574091422968034,
      0.0242840143047744
   ],
   "dists": [
      39.2361411916046,
      186.5551040222162,
      117.2854244614502,
      342.6285236818801,
      99.4431309470517,
      102.66238943379602,
      125.32065423476207,
      157.2210830533211,
      80.30869567814956,
      121.37909217922696,
      171.54628989074084,
      145.82404908580364,
      88.70547793259094,
      139.77642842789572,
      285.45090796116017,
      192.57144528889393,
      194.7372237739283,
      179.6082050197077,
      241.1813394011336,
      109.37923058383565,
      161.0547270295247,
      85.48449850365725,
      115.6514468640448,
      58.75802913891674,
      148.68430646664862,
      319.099338911185,
      259.36294597870966,
      236.1498225927765,
      69.61543672331501,
      237.30698655375053
   ],
   "p1s": [
      [
         1.6398481130599976,
         47.85126876831055
      ],
      [
         169.66265869140625,
         300.0379943847656
      ],
      [
         105.3485336303711,
         300.0540771484375
      ],
      [
         240.74545288085938,
         293.9563293457031
      ],
      [
         88.04872131347656,
         300.0782775878906
      ],
      [
         98.67192077636719,
         55.5429801940918
      ],
      [
         124.9978256225586,
         300.0010681152344
      ],
      [
         147.025634765625,
         300.03515625
      ],
      [
         66.21192169189453,
         300.05731201171875
      ],
      [
         109.47283172607422,
         300.0589294433594
      ],
      [
         159.62403869628906,
         300.0652770996094
      ],
      [
         151.43211364746094,
         115.96161651611328
      ],
      [
         75.23686218261719,
         300.0107116699219
      ],
      [
         128.27462768554688,
         300.04931640625
      ],
      [
         201.8478240966797,
         245.36106872558594
      ],
      [
         185.0867919921875,
         300.052490234375
      ],
      [
         151.2287139892578,
         164.6929168701172
      ],
      [
         174.85299682617188,
         300.0295104980469
      ],
      [
         203.3092041015625,
         200.32928466796875
      ],
      [
         98.18238830566406,
         300.0820007324219
      ],
      [
         150.51492309570312,
         300.01824951171875
      ],
      [
         235.0092010498047,
         37.042945861816406
      ],
      [
         102.6360855102539,
         294.9837951660156
      ],
      [
         240.6918487548828,
         17.25120735168457
      ],
      [
         252.0934600830078,
         10.139579772949219
      ],
      [
         241.4472198486328,
         273.0005187988281
      ],
      [
         238.7374725341797,
         294.9088134765625
      ],
      [
         235.34136962890625,
         300.0036315917969
      ],
      [
         53.329750061035156,
         300.01800537109375
      ],
      [
         230.13824462890625,
         298.02764892578125
      ]
   ],
   "p2s": [
      [
         63.98981857299805,
         0.9864546060562134
      ],
      [
         174.36729431152344,
         217.96372985839844
      ],
      [
         112.24530792236328,
         128.0499267578125
      ],
      [
         300.3464050292969,
         279.42034912109375
      ],
      [
         94.43562316894531,
         132.94021606445312
      ],
      [
         176.86119079589844,
         -0.5863839983940125
      ],
      [
         125.0354995727539,
         264.99896240234375
      ],
      [
         150.45635986328125,
         199.98135375976562
      ],
      [
         73.4945297241211,
         146.02337646484375
      ],
      [
         116.47660064697266,
         124.97906494140625
      ],
      [
         162.55990600585938,
         227.0225067138672
      ],
      [
         300.25921630859375,
         83.17676544189453
      ],
      [
         80.92805480957031,
         174.08714294433594
      ],
      [
         134.3876190185547,
         142.01499938964844
      ],
      [
         300.4471740722656,
         221.87754821777344
      ],
      [
         186.11907958984375,
         259.00299072265625
      ],
      [
         300.22021484375,
         129.9442138671875
      ],
      [
         175.69757080078125,
         246.99517822265625
      ],
      [
         300.40570068359375,
         177.74420166015625
      ],
      [
         104.76192474365234,
         124.95348358154297
      ],
      [
         153.4221649169922,
         218.05044555664062
      ],
      [
         295.99322509765625,
         23.96847152709961
      ],
      [
         110.02405548095703,
         129.00106811523438
      ],
      [
         300.3077392578125,
         6.746364593505859
      ],
      [
         267.3013610839844,
         -0.04337257891893387
      ],
      [
         300.40692138671875,
         259.82025146484375
      ],
      [
         240.3286590576172,
         272.8792724609375
      ],
      [
         235.4061279296875,
         275.9984130859375
      ],
      [
         61.145137786865234,
         156.9532928466797
      ],
      [
         230.57577514648438,
         280.01397705078125
      ]
   ],
   "b1s": [
      0,
      0,
      0,
      0,
      0,
      1,
      0,
      0,
      0,
      0,
      0,
      1,
      0,
      0,
      1,
      0,
      1,
      0,
      1,
      0,
      0,
      1,
      0,
      1,
      1,
      1,
      0,
      0,
      0,
      0
   ],
   "b2s": [
      0,
      1,
      1,
      0,
      1,
      0,
      1,
      1,
      1,
      1,
      1,
      0,
      1,
      1,
      0,
      1,
      0,
      1,
      0,
      1,
      1,
      0,
      1,
      0,
      0,
      0,
      1,
      1,
      1,
      1
   ]
}