{
   "angles": [
      1.3433949401823477,
      1.4583555126053678,
      1.347409414013695,
      1.3293177265540106,
      -1.2521894390090131,
      1.3128500078440832,
      1.3482406984810738,
      -1.259752662596632,
      1.3443661335220112,
      -1.2528191302469234,
      1.3566503423498328,
      -1.2815454208426516,
      -1.2469617062137406,
      -1.24558098771237,
      -1.2505655061897842,
      1.3879424273864067,
      -1.2690359002572322,
      -1.2587350170552223,
      1.3722552446572787
   ],
   "dists": [
      81.46301756844728,
      6.217402460376461,
      272.18042057788045,
      173.10160839867376,
      -145.05890376805212,
      298.77948323143744,
      216.38846004083612,
      -53.72811627626545,
      252.78193000115834,
      -29.19567544120541,
      127.29338620152771,
      -236.33350562952307,
      -31.280115755908383,
      -184.90560337925945,
      -148.44620987598933,
      21.104882385924615,
      -109.55580493867019,
      -193.41995163183105,
      22.548919358646792
   ],
   "p1s": [
      [
         0.8647559881210327,
         83.4155502319336
      ],
      [
         0.7930644154548645,
         6.167363166809082
      ],
      [
         0.7598851323127747,
         278.94305419921875
      ],
      [
         1.0064697265625,
         178.02627563476562
      ],
      [
         189.5691680908203,
         215.2744598388672
      ],
      [
         27.463546752929688,
         301.75701904296875
      ],
      [
         0.7059270143508911,
         221.70054626464844
      ],
      [
         225.6822967529297,
         128.98826599121094
      ],
      [
         0.8190951347351074,
         259.2147521972656
      ],
      [
         256.297607421875,
         115.0958251953125
      ],
      [
         0.8030320405960083,
         130.0943145751953
      ],
      [
         125.06110382080078,
         283.794677734375
      ],
      [
         254.22613525390625,
         118.32627868652344
      ],
      [
         150.6822509765625,
         245.9423370361328
      ],
      [
         187.17486572265625,
         218.47271728515625
      ],
      [
         49.071815490722656,
         12.388358116149902
      ],
      [
         276.099365234375,
         200.68077087402344
      ],
      [
         263.2688293457031,
         288.16668701171875
      ],
      [
         0.7678800225257874,
         22.846269607543945
      ]
   ],
   "p2s": [
      [
         300.48199462890625,
         14.082947731018066
      ],
      [
         46.006996154785156,
         1.0619477033615112
      ],
      [
         151.2621612548828,
         244.752197265625
      ],
      [
         256.9951477050781,
         114.98026275634766
      ],
      [
         300.08941650390625,
         251.72891235351562
      ],
      [
         116.09841918945312,
         278.373046875
      ],
      [
         223.17507934570312,
         171.3548126220703
      ],
      [
         300.3263854980469,
         152.98475646972656
      ],
      [
         183.05332946777344,
         217.23146057128906
      ],
      [
         300.1543273925781,
         129.53109741210938
      ],
      [
         300.42047119140625,
         64.93333435058594
      ],
      [
         182.71646118164062,
         300.9527587890625
      ],
      [
         300.39508056640625,
         133.8229217529297
      ],
      [
         300.5176086425781,
         296.4649658203125
      ],
      [
         300.3314514160156,
         256.0006103515625
      ],
      [
         66.04613494873047,
         9.249485969543457
      ],
      [
         300.2496643066406,
         208.1979522705078
      ],
      [
         292.16497802734375,
         297.4886474609375
      ],
      [
         19.03444480895996,
         19.171199798583984
      ]
   ],
   "b1s": [
      0,
      0,
      0,
      0,
      1,
      0,
      0,
      1,
      0,
      1,
      0,
      1,
      1,
      1,
      1,
      1,
      1,
      1,
      0
   ],
   "b2s": [
      0,
      0,
      1,
      1,
      0,
      1,
      1,
      0,
      1,
      0,
      0,
      0,
      0,
      0,
      0,
      0,
      0,
      0,
      1
   ]
}