{
   "angles": [
      1.1881993064305532,
      1.1869039615309422,
      0.4671340045618379,
      -1.4380054672176912,
      -1.4500500800219789,
      1.454935696835011,
      0.24103845469844293,
      0.4158469584930564,
      1.2287599060276304,
      0.30888285660544806,
      -1.453647730105204,
      -1.4468211225903702,
      0.25966331113883767,
      0.36180696086995984,
      -0.03479085038913297,
      -0.06967828731871473,
      1.2382703514960125,
      0.273868754038308,
      0.29355408128112825,
      0.22376696919321545,
      -0.07222696321003527,
      -1.2578484078754406,
      0.35161059133410044,
      -0.17447745121394512,
      -0.04950302914967984,
      -1.4512101624598082,
      0.2557627936041236,
      0.34706682588419635
   ],
   "dists": [
      142.98042267572657,
      134.81617859365997,
      219.2457965608666,
      -256.5834850437064,
      -73.26958021883016,
      50.3287110640856,
      22.046292957954215,
      323.63231988843216,
      55.333634835215115,
      226.47691516765047,
      15.187461763467379,
      -180.21546200575315,
      93.37747720591105,
      175.0966465083013,
      89.81748285038145,
      83.39463429437428,
      252.74554268702522,
      56.215857317963554,
      55.23429825842392,
      15.78046395788347,
      132.73260660311718,
      -257.2734452056862,
      209.80653055554686,
      282.5448678169763,
      166.62607922034198,
      -65.38534775589534,
      65.30938120651832,
      203.09487196498225
   ],
   "p1s": [
      [
         0.5571798086166382,
         153.89962768554688
      ],
      [
         0.6510948538780212,
         145.13623046875
      ],
      [
         239.8018035888672,
         11.404403686523438
      ],
      [
         14.035101890563965,
         260.7372131347656
      ],
      [
         159.85401916503906,
         93.20309448242188
      ],
      [
         0.9485610127449036,
         50.558013916015625
      ],
      [
         18.205076217651367,
         18.296228408813477
      ],
      [
         260.34393310546875,
         211.59347534179688
      ],
      [
         0.8040847778320312,
         58.44972229003906
      ],
      [
         142.09133911132812,
         299.7100524902344
      ],
      [
         151.17660522460938,
         2.4993152618408203
      ],
      [
         1.6461904048919678,
         181.81446838378906
      ],
      [
         92.34170532226562,
         16.09078025817871
      ],
      [
         76.8671646118164,
         291.5712585449219
      ],
      [
         99.4774398803711,
         275.9833679199219
      ],
      [
         102.78141021728516,
         274.87567138671875
      ],
      [
         0.3976414203643799,
         267.25579833984375
      ],
      [
         7.170784950256348,
         182.3289031982422
      ],
      [
         51.68570327758789,
         19.904991149902344
      ],
      [
         11.768383026123047,
         19.40244483947754
      ],
      [
         153.4857635498047,
         282.0372009277344
      ],
      [
         18.837400436401367,
         276.50250244140625
      ],
      [
         113.25396728515625,
         300.46002197265625
      ],
      [
         287.0445861816406,
         0.815875768661499
      ],
      [
         180.99989318847656,
         286.0
      ],
      [
         155.92886352539062,
         84.5920181274414
      ],
      [
         63.54563522338867,
         15.142678260803223
      ],
      [
         107.4067153930664,
         300.1471252441406
      ]
   ],
   "p2s": [
      [
         161.61920166015625,
         89.08390045166016
      ],
      [
         154.5796661376953,
         82.95939636230469
      ],
      [
         245.24220275878906,
         0.6177958846092224
      ],
      [
         300.1396789550781,
         298.9541931152344
      ],
      [
         300.0947265625,
         110.21942138671875
      ],
      [
         37.15642547607422,
         46.344085693359375
      ],
      [
         22.54473304748535,
         0.6422694325447083
      ],
      [
         300.2929382324219,
         121.12934875488281
      ],
      [
         18.10347557067871,
         52.29063415527344
      ],
      [
         146.22589111328125,
         286.75299072265625
      ],
      [
         300.1144714355469,
         20.02744483947754
      ],
      [
         300.2461853027344,
         219.02430725097656
      ],
      [
         96.45946502685547,
         0.5907402038574219
      ],
      [
         82.79039764404297,
         275.9206848144531
      ],
      [
         100.31537628173828,
         300.0586242675781
      ],
      [
         104.5419692993164,
         300.10174560546875
      ],
      [
         14.448583602905273,
         262.4033203125
      ],
      [
         15.71362018585205,
         151.91954040527344
      ],
      [
         57.53437423706055,
         0.5569590330123901
      ],
      [
         16.007768630981445,
         0.7741897702217102
      ],
      [
         154.791748046875,
         300.0874328613281
      ],
      [
         94.66395568847656,
         301.0385437011719
      ],
      [
         120.90693664550781,
         279.5989990234375
      ],
      [
         289.7294921875,
         16.047685623168945
      ],
      [
         181.6967010498047,
         300.0645751953125
      ],
      [
         300.1298828125,
         101.91915130615234
      ],
      [
         67.29219818115234,
         0.814915657043457
      ],
      [
         114.29393005371094,
         281.1063232421875
      ]
   ],
   "b1s": [
      0,
      0,
      1,
      1,
      1,
      0,
      1,
      1,
      0,
      0,
      0,
      0,
      1,
      0,
      1,
      1,
      0,
      0,
      1,
      1,
      1,
      1,
      0,
      0,
      1,
      1,
      1,
      0
   ],
   "b2s": [
      1,
      1,
      0,
      0,
      0,
      1,
      0,
      0,
      1,
      1,
      0,
      0,
      0,
      1,
      0,
      0,
      1,
      1,
      0,
      0,
      0,
      0,
      1,
      1,
      0,
      0,
      0,
      1
   ]
}