{
   "angles": [
      1.3969665310082804,
      -1.5704084098102342,
      1.3972618796686866,
      1.4194736095565623,
      1.424335275320471,
      -1.2597386513039677,
      1.1918593175671477,
      -1.2577962715817563,
      1.186015673818827,
      0.2664756938929941,
      1.159336207090121,
      -1.5034664126705322,
      -1.23377206566507,
      -1.2152321274372195,
      -1.2696795778431018
   ],
   "dists": [
      100.72136368603545,
      -163.84604993575286,
      163.15241943021593,
      258.4636640561164,
      196.9087700534447,
      50.846106081479874,
      80.45128293135633,
      -133.2312495722628,
      75.34887023574971,
      296.2613141869567,
      81.11216298858312,
      -70.32474538269801,
      -54.239529619522884,
      8.801420607147975,
      55.570045700100636
   ],
   "p1s": [
      [
         0.8444532155990601,
         102.11421203613281
      ],
      [
         1.001611590385437,
         163.84645080566406
      ],
      [
         0.7389275431632996,
         165.5106964111328
      ],
      [
         0.7464969158172607,
         261.3375549316406
      ],
      [
         0.8400654196739197,
         198.9158172607422
      ],
      [
         240.68797302246094,
         23.970571517944336
      ],
      [
         100.78628540039062,
         46.463279724121094
      ],
      [
         122.14094543457031,
         179.5644989013672
      ],
      [
         0.9610261917114258,
         80.90376281738281
      ],
      [
         290.92633056640625,
         59.25285720825195
      ],
      [
         0.2896166145801544,
         88.37205505371094
      ],
      [
         283.9573669433594,
         89.63221740722656
      ],
      [
         224.32435607910156,
         136.07431030273438
      ],
      [
         208.0484619140625,
         67.86949157714844
      ],
      [
         242.9212646484375,
         17.253524780273438
      ]
   ],
   "p2s": [
      [
         182.05160522460938,
         70.29386901855469
      ],
      [
         300.001953125,
         163.9624481201172
      ],
      [
         210.77081298828125,
         128.69261169433594
      ],
      [
         131.60105895996094,
         241.38375854492188
      ],
      [
         43.93488311767578,
         192.55859375
      ],
      [
         300.5713806152344,
         43.22274398803711
      ],
      [
         216.72134399414062,
         0.3001912236213684
      ],
      [
         300.548828125,
         237.30418395996094
      ],
      [
         197.1790008544922,
         1.4420324563980103
      ],
      [
         294.76025390625,
         45.207523345947266
      ],
      [
         29.78277015686035,
         75.50218963623047
      ],
      [
         300.0863342285156,
         90.71983337402344
      ],
      [
         300.43988037109375,
         162.74461364746094
      ],
      [
         300.3213195800781,
         102.13475036621094
      ],
      [
         300.2889404296875,
         35.06965637207031
      ]
   ],
   "b1s": [
      0,
      0,
      0,
      0,
      0,
      1,
      1,
      1,
      0,
      1,
      0,
      1,
      1,
      1,
      1
   ],
   "b2s": [
      1,
      0,
      1,
      1,
      1,
      0,
      0,
      0,
      0,
      0,
      1,
      0,
      0,
      0,
      0
   ]
}