{
   "angles": [
      -1.0321143713204741,
      1.5137983830283892,
      -0.00672939467626085,
      1.5498571034239468,
      1.5587978571289862,
      -1.035483581367785,
      -0.00219073937182142,
      -0.003125858178814993,
      -1.0315010351933163,
      -1.0035468770313676,
      -1.0085951056797633,
      -0.015790262722847677,
      -0.00021401314978675582,
      0.014058469318565062,
      -0.7601008818035623
   ],
   "dists": [
      -105.23036671124541,
      165.38993191707297,
      62.97197249165458,
      198.6623945240984,
      169.442677379756,
      -148.77405151979622,
      66.91459666552885,
      62.215690085780075,
      -151.10222007360977,
      -31.114368432976864,
      -38.42698471283365,
      50.19382579117361,
      78.82049349374721,
      175.62499876266943,
      -82.74585708750192
   ],
   "p1s": [
      [
         0.03621138632297516,
         122.61266326904297
      ],
      [
         0.9204837679862976,
         165.60643005371094
      ],
      [
         62.98008346557617,
         0.9934045076370239
      ],
      [
         0.9934067130088806,
         198.68515014648438
      ],
      [
         0.9813194870948792,
         169.44309997558594
      ],
      [
         173.48826599121094,
         275.86285400390625
      ],
      [
         66.91693878173828,
         0.9958005547523499
      ],
      [
         62.7598876953125,
         173.99761962890625
      ],
      [
         174.1945343017578,
         280.3458557128906
      ],
      [
         -1.0525798797607422,
         36.22178268432617
      ],
      [
         -0.37443360686302185,
         45.18156814575195
      ],
      [
         50.215572357177734,
         0.9808041453361511
      ],
      [
         78.82070922851562,
         0.9996101260185242
      ],
      [
         171.42425537109375,
         300.02001953125
      ],
      [
         150.53245544433594,
         278.4444885253906
      ]
   ],
   "p2s": [
      [
         299.1708679199219,
         301.3873291015625
      ],
      [
         54.97273635864258,
         162.52223205566406
      ],
      [
         63.43098449707031,
         67.99710083007812
      ],
      [
         25.00381851196289,
         198.1823272705078
      ],
      [
         46.99869155883789,
         168.8909454345703
      ],
      [
         216.2678985595703,
         301.23443603515625
      ],
      [
         67.0768814086914,
         74.00421142578125
      ],
      [
         63.15376281738281,
         300.0026550292969
      ],
      [
         208.4818115234375,
         300.8658447265625
      ],
      [
         300.8968811035156,
         228.59222412109375
      ],
      [
         301.1619873046875,
         235.15560913085938
      ],
      [
         51.22697830200195,
         65.02799987792969
      ],
      [
         78.83740234375,
         79.00003814697266
      ],
      [
         171.76220703125,
         275.98260498046875
      ],
      [
         165.64291381835938,
         294.3394775390625
      ]
   ],
   "b1s": [
      0,
      0,
      0,
      0,
      0,
      1,
      0,
      1,
      1,
      0,
      0,
      0,
      0,
      0,
      1
   ],
   "b2s": [
      0,
      1,
      1,
      1,
      1,
      0,
      1,
      0,
      0,
      0,
      0,
      1,
      1,
      1,
      0
   ]
}