{
   "angles": [
      -0.007477435511577225,
      -0.002107736897392733,
      0.0012969863551918512,
      -0.6770297479856946,
      -0.00043440464613982545,
      -0.7189075829371,
      -0.7201415167506752,
      -0.8972822472409313,
      -0.007796317448161438,
      -0.8154962343130019,
      0.0026517348779655225,
      -0.8389244272305447,
      -1.0126873453329732,
      0.008673823765051802,
      -0.001866118207816368
   ],
   "dists": [
      273.3214737846416,
      75.78697747004216,
      289.42178290407736,
      125.83662187487309,
      70.45797883366677,
      171.20498049430168,
      159.3687879271415,
      -223.51650757609713,
      95.05712846949761,
      -150.11708485071162,
      82.0719900899966,
      -161.54781417184392,
      -180.62349893544538,
      85.73309051337438,
      60.30754270959414
   ],
   "p1s": [
      [
         273.3365173339844,
         0.9899453520774841
      ],
      [
         75.78924560546875,
         0.9962287545204163
      ],
      [
         289.0329284667969,
         300.0013427734375
      ],
      [
         275.3520812988281,
         141.71701049804688
      ],
      [
         70.45841979980469,
         0.9998008608818054
      ],
      [
         277.5926818847656,
         57.23160934448242
      ],
      [
         277.3949279785156,
         74.53083801269531
      ],
      [
         -0.3447791337966919,
         285.6852111816406
      ],
      [
         95.0677490234375,
         0.9916753768920898
      ],
      [
         -1.060097575187683,
         205.18800354003906
      ],
      [
         81.68511962890625,
         146.00181579589844
      ],
      [
         -0.5184587836265564,
         216.6903839111328
      ],
      [
         118.17781066894531,
         286.7151794433594
      ],
      [
         84.79071044921875,
         109.01553344726562
      ],
      [
         60.30950927734375,
         0.9975563287734985
      ]
   ],
   "p2s": [
      [
         275.572509765625,
         300.0163879394531
      ],
      [
         76.36045837402344,
         272.0034484863281
      ],
      [
         289.2145080566406,
         160.00027465820312
      ],
      [
         300.7897033691406,
         173.3652801513672
      ],
      [
         70.49360656738281,
         81.99978637695312
      ],
      [
         300.5768737792969,
         83.49515533447266
      ],
      [
         300.3485412597656,
         100.69422912597656
      ],
      [
         19.063867568969727,
         301.1731262207031
      ],
      [
         95.83187866210938,
         99.00131225585938
      ],
      [
         103.01044464111328,
         303.1751708984375
      ],
      [
         82.06963348388672,
         0.9975329041481018
      ],
      [
         93.76010131835938,
         301.3802795410156
      ],
      [
         133.01394653320312,
         295.9776611328125
      ],
      [
         85.72773742675781,
         0.988964319229126
      ],
      [
         60.7928466796875,
         260.0041198730469
      ]
   ],
   "b1s": [
      0,
      0,
      0,
      1,
      0,
      1,
      1,
      0,
      0,
      0,
      1,
      0,
      1,
      1,
      0
   ],
   "b2s": [
      0,
      1,
      1,
      0,
      1,
      0,
      0,
      0,
      1,
      0,
      0,
      0,
      0,
      0,
      1
   ]
}