{
   "angles": [
      0.0015309700988873252,
      -0.00021349516385643153,
      -4.894036865354217e-05,
      -1.089529695583006,
      -0.0004212735325158726,
      -1.2514609928450988,
      -0.0003227298119620327,
      -0.0009599115619607619
   ],
   "dists": [
      89.31437480765044,
      62.99481837868827,
      66.9627119094334,
      -58.26360648631419,
      50.5073107182663,
      -139.7800807010497,
      79.02226113121222,
      74.14724751379421
   ],
   "p1s": [
      [
         89.08483123779297,
         150.0016632080078
      ],
      [
         62.995033264160156,
         0.9997875690460205
      ],
      [
         66.96276092529297,
         0.9999039173126221
      ],
      [
         283.98321533203125,
         214.0321502685547
      ],
      [
         50.50773620605469,
         0.9993648529052734
      ],
      [
         283.9617919921875,
         241.1155548095703
      ],
      [
         79.08519744873047,
         194.99964904785156
      ],
      [
         74.14920043945312,
         1.9988969564437866
      ]
   ],
   "p2s": [
      [
         89.31295013427734,
         0.9989481568336487
      ],
      [
         63.058868408203125,
         300.0002136230469
      ],
      [
         66.9773941040039,
         300.0000915527344
      ],
      [
         295.08807373046875,
         219.83135986328125
      ],
      [
         50.633697509765625,
         300.0005798339844
      ],
      [
         294.7718811035156,
         244.68994140625
      ],
      [
         79.11843872070312,
         297.9999694824219
      ],
      [
         74.18663787841797,
         40.999820709228516
      ]
   ],
   "b1s": [
      1,
      0,
      0,
      1,
      0,
      1,
      1,
      0
   ],
   "b2s": [
      0,
      0,
      0,
      0,
      0,
      0,
      0,
      1
   ]
}