{
   "angles": [
      -0.8741109508690328,
      -0.8727609948073667,
      0.0010228679021712793,
      -0.001671867573681141,
      -0.8449215598430473,
      0.0003625570395657377,
      -0.0052740577880943315,
      -0.8947933967771905,
      0.003228616276542833,
      -1.0709095941078817,
      -0.8324808485462428,
      -0.8303739209263626,
      -0.5599191251376556,
      -0.008685287740358677,
      -0.004470040412408782,
      -0.00747273997051789,
      -0.6474958396224239
   ],
   "dists": [
      -72.42099033659565,
      -85.56294790513347,
      88.70683889236018,
      66.57543590781512,
      -13.28358420462472,
      63.04148709404035,
      273.24858992906144,
      -139.31097353957458,
      51.96631368384333,
      -113.53155801791202,
      50.82862590281099,
      43.55294873188473,
      101.00873365642867,
      171.65485729399083,
      72.62452318307331,
      269.24862964182887,
      103.44198463129644
   ],
   "p1s": [
      [
         -0.11276733130216599,
         94.33004760742188
      ],
      [
         0.24940407276153564,
         111.89469909667969
      ],
      [
         88.4000244140625,
         300.0003967285156
      ],
      [
         66.85472869873047,
         166.99856567382812
      ],
      [
         0.18171223998069763,
         17.9219970703125
      ],
      [
         62.93272399902344,
         300.0003356933594
      ],
      [
         273.25762939453125,
         0.9933668971061707
      ],
      [
         0.322734534740448,
         178.84439086914062
      ],
      [
         50.99798583984375,
         300.00323486328125
      ],
      [
         228.04881286621094,
         253.91061401367188
      ],
      [
         75.7336196899414,
         0.1938280463218689
      ],
      [
         65.29827117919922,
         0.6736141443252563
      ],
      [
         120.8990249633789,
         2.690131902694702
      ],
      [
         171.66989135742188,
         0.9854963421821594
      ],
      [
         73.45667266845703,
         185.99795532226562
      ],
      [
         269.2635498046875,
         0.9905577301979065
      ],
      [
         131.13015747070312,
         1.9015657901763916
      ]
   ],
   "p2s": [
      [
         80.80937194824219,
         162.0325927734375
      ],
      [
         64.89350891113281,
         166.12693786621094
      ],
      [
         88.5289077758789,
         173.9984893798828
      ],
      [
         67.07709503173828,
         300.0032043457031
      ],
      [
         302.474609375,
         286.21173095703125
      ],
      [
         62.97514343261719,
         182.9996337890625
      ],
      [
         274.17535400390625,
         174.9990692138672
      ],
      [
         51.3687744140625,
         219.7869873046875
      ],
      [
         51.25629425048828,
         219.9976043701172
      ],
      [
         300.3335266113281,
         293.3893127441406
      ],
      [
         302.8486022949219,
         206.86968994140625
      ],
      [
         300.91668701171875,
         215.9969024658203
      ],
      [
         143.30545043945312,
         38.435367584228516
      ],
      [
         172.33877563476562,
         77.99705505371094
      ],
      [
         73.96627044677734,
         300.0001525878906
      ],
      [
         270.5489807128906,
         173.0033721923828
      ],
      [
         138.0069580078125,
         10.994738578796387
      ]
   ],
   "b1s": [
      0,
      0,
      0,
      1,
      0,
      0,
      0,
      0,
      0,
      1,
      0,
      0,
      0,
      0,
      1,
      0,
      0
   ],
   "b2s": [
      1,
      1,
      1,
      0,
      0,
      1,
      1,
      1,
      1,
      0,
      0,
      0,
      1,
      1,
      0,
      1,
      1
   ]
}