{
   "angles": [
      1.558703265440837,
      -1.5576680556659566,
      -0.5998365292941398,
      0.0008767306366401041,
      -0.009893499936003332,
      1.5029038244071258,
      -0.6202366954103254,
      -0.0022125389861521903,
      1.531067426459957,
      0.002160640031705847,
      -0.598917604886836,
      -0.631676213892148,
      0.031081930729817114,
      -0.6421601545077239,
      -0.6123727698949255,
      -0.0001331049667333178,
      0.009613234785741203,
      -0.5573585500695809,
      1.5165396769396204,
      -0.12967268759287462,
      -0.5725396358425857,
      0.00016589893187787184,
      -0.9021022737465516,
      -0.5497590263129954,
      -0.0059884942599346585,
      0.010085288737928086,
      0.002414434002329252,
      -0.011530068447170697,
      -0.0023914854712092024,
      -0.016981687515624812,
      1.4578237026589993,
      0.010949318882218008,
      -0.5696329095197779,
      1.4602289216137505
   ],
   "dists": [
      132.28562531855795,
      -115.9799629046322,
      89.53285275302918,
      37.16628402080138,
      113.70926458310782,
      153.21938089746303,
      4.28198439568119,
      168.4770728769061,
      166.57936736613345,
      31.013380471577065,
      85.76899207199745,
      12.858872413808944,
      159.16578197888572,
      -41.52161418120862,
      57.18156305633276,
      26.5192551856846,
      174.99511609616775,
      230.65359656859468,
      109.78865935226696,
      121.65644259024896,
      187.24736125765486,
      33.9977405814776,
      -73.57953689548884,
      228.42623280808456,
      221.19614304207892,
      241.57841956854477,
      171.57541341474223,
      195.93476617594172,
      193.96228869302658,
      204.9745358616371,
      135.97808076226198,
      164.8747865234986,
      235.1690792219622,
      142.2637486955608
   ],
   "p1s": [
      [
         0.9913331866264343,
         132.28330993652344
      ],
      [
         0.9868322610855103,
         116.00291442871094
      ],
      [
         108.78510284423828,
         0.46307075023651123
      ],
      [
         36.90327835083008,
         300.00079345703125
      ],
      [
         115.97042846679688,
         227.98049926757812
      ],
      [
         7.934294700622559,
         153.03367614746094
      ],
      [
         5.646523475646973,
         0.5382102131843567
      ],
      [
         168.4796905517578,
         0.9967259764671326
      ],
      [
         0.947263777256012,
         166.6732635498047
      ],
      [
         30.365253448486328,
         300.0029602050781
      ],
      [
         104.0409164428711,
         0.2895219624042511
      ],
      [
         16.084489822387695,
         0.20649610459804535
      ],
      [
         149.9142303466797,
         300.0284118652344
      ],
      [
         117.23443603515625,
         226.07675170898438
      ],
      [
         70.3897705078125,
         0.7262058854103088
      ],
      [
         26.524446487426758,
         38.99979782104492
      ],
      [
         174.20535278320312,
         82.99236297607422
      ],
      [
         272.01580810546875,
         0.3668586015701294
      ],
      [
         0.9402269124984741,
         109.8993911743164
      ],
      [
         122.80323028564453,
         0.895255446434021
      ],
      [
         240.7117919921875,
         27.830322265625
      ],
      [
         33.94797134399414,
         300.0001525878906
      ],
      [
         211.2464141845703,
         260.6881408691406
      ],
      [
         268.9197692871094,
         1.661933183670044
      ],
      [
         221.2060546875,
         0.9927771091461182
      ],
      [
         241.29798889160156,
         29.023176193237305
      ],
      [
         171.3730926513672,
         84.0033187866211
      ],
      [
         199.04937744140625,
         268.9879150390625
      ],
      [
         194.61334228515625,
         272.0057067871094
      ],
      [
         209.6063995361328,
         270.9897155761719
      ],
      [
         4.919705390930176,
         136.2922821044922
      ],
      [
         164.15113830566406,
         66.99070739746094
      ],
      [
         279.642333984375,
         0.5886157751083374
      ],
      [
         8.02737808227539,
         142.24659729003906
      ]
   ],
   "p2s": [
      [
         21.000499725341797,
         132.0413360595703
      ],
      [
         11.01136302947998,
         116.13453674316406
      ],
      [
         301.37030029296875,
         282.0628662109375
      ],
      [
         37.027774810791016,
         158.00003051757812
      ],
      [
         116.68310546875,
         300.0130310058594
      ],
      [
         18.023637771606445,
         152.34764099121094
      ],
      [
         30.510927200317383,
         35.349327087402344
      ],
      [
         168.65892028808594,
         82.00296783447266
      ],
      [
         17.999818801879883,
         165.9954376220703
      ],
      [
         30.9356746673584,
         35.99769973754883
      ],
      [
         301.21600341796875,
         289.1700134277344
      ],
      [
         35.92523956298828,
         27.323017120361328
      ],
      [
         150.3510284423828,
         285.9798278808594
      ],
      [
         173.41098022460938,
         301.1884460449219
      ],
      [
         281.0736999511719,
         300.65069580078125
      ],
      [
         26.559186935424805,
         300.00018310546875
      ],
      [
         174.9937744140625,
         0.9807130098342896
      ],
      [
         300.3297424316406,
         45.79447937011719
      ],
      [
         12.0161771774292,
         109.29786682128906
      ],
      [
         125.99765014648438,
         25.39151954650879
      ],
      [
         300.0850830078125,
         119.94515228271484
      ],
      [
         33.97169494628906,
         156.9998321533203
      ],
      [
         262.2312927246094,
         300.9728698730469
      ],
      [
         299.82958984375,
         52.10441589355469
      ],
      [
         221.6732177734375,
         79.00196075439453
      ],
      [
         241.5807647705078,
         0.9856858849525452
      ],
      [
         171.57350158691406,
         0.9989702701568604
      ],
      [
         199.40704345703125,
         300.0068359375
      ],
      [
         194.6802978515625,
         300.0031433105469
      ],
      [
         210.09934997558594,
         300.0152893066406
      ],
      [
         21.052410125732422,
         134.46194458007812
      ],
      [
         164.8738555908203,
         0.9876689314842224
      ],
      [
         300.73797607421875,
         33.527366638183594
      ],
      [
         20.100610733032227,
         140.90623474121094
      ]
   ],
   "b1s": [
      0,
      0,
      0,
      0,
      1,
      0,
      0,
      0,
      0,
      0,
      0,
      0,
      0,
      1,
      0,
      1,
      1,
      0,
      0,
      0,
      1,
      0,
      1,
      0,
      0,
      1,
      1,
      1,
      1,
      1,
      0,
      1,
      0,
      0
   ],
   "b2s": [
      1,
      1,
      0,
      1,
      0,
      1,
      1,
      1,
      1,
      1,
      0,
      1,
      1,
      0,
      0,
      0,
      0,
      0,
      1,
      1,
      0,
      1,
      0,
      0,
      1,
      0,
      0,
      0,
      0,
      0,
      1,
      0,
      0,
      1
   ]
}