{
   "angles": [
      -0.00018691963598096143,
      -0.8322754652868456,
      -0.0016040252268543817,
      -0.0002661909594995911,
      -0.7358363701563131,
      -0.7385400018786886,
      0.0014162480030636918,
      -0.83540492902088,
      0.0012054206920199804,
      -0.8506352254921865,
      0.005665245478084679,
      -0.003902412058144039,
      -0.7254520879977893,
      -0.0020143558087998997,
      -1.9327797273651107e-05,
      -0.0009176520396366758,
      -0.8346811470966398,
      1.5077760056482061,
      -0.0037570005593203174,
      -0.0019596167920834426,
      -0.6476759925293907,
      0.0034171259929036864,
      -0.0008018140398737898,
      -0.08635814701415673,
      -0.13267383220182455
   ],
   "dists": [
      180.7363517316703,
      -134.56013321919957,
      280.27944513372375,
      68.45922703145455,
      144.09854883303933,
      133.55405679978244,
      180.72618121719347,
      -131.5498172118248,
      293.3437769718424,
      -186.56450848476314,
      64.75669174084848,
      76.7483703700014,
      189.52703627240763,
      1.9386214446776078,
      230.04302974245275,
      298.74166754060326,
      -139.55601053354692,
      10.784616738857721,
      287.32357327670985,
      233.4010726004545,
      235.8988764040923,
      71.63682325195222,
      296.2962864750857,
      110.18070973822037,
      -20.051782056857633
   ],
   "p1s": [
      [
         180.73654174804688,
         0.9996756315231323
      ],
      [
         -0.4336431324481964,
         181.57476806640625
      ],
      [
         280.5492858886719,
         168.0023193359375
      ],
      [
         68.4594955444336,
         0.999611496925354
      ],
      [
         194.71417236328125,
         0.35332542657852173
      ],
      [
         183.09857177734375,
         2.731084108352661
      ],
      [
         180.30148315429688,
         300.0032653808594
      ],
      [
         2.9462149143218994,
         180.0594482421875
      ],
      [
         292.98236083984375,
         300.00238037109375
      ],
      [
         -0.025031955912709236,
         248.16831970214844
      ],
      [
         63.420833587646484,
         235.97972106933594
      ],
      [
         76.7528305053711,
         0.9931597113609314
      ],
      [
         253.23020935058594,
         -0.09089675545692444
      ],
      [
         1.9406359195709229,
         0.9981052279472351
      ],
      [
         230.04534912109375,
         120.0
      ],
      [
         298.8592529296875,
         128.0001220703125
      ],
      [
         -0.10447525978088379,
         188.21908569335938
      ],
      [
         94.9881362915039,
         4.811947822570801
      ],
      [
         287.8064880371094,
         127.9969711303711
      ],
      [
         233.64254760742188,
         122.99678039550781
      ],
      [
         295.991455078125,
         0.24992473423480988
      ],
      [
         71.08366394042969,
         162.0002899169922
      ],
      [
         296.41986083984375,
         153.99966430664062
      ],
      [
         134.82720947265625,
         279.9283752441406
      ],
      [
         1.5323868989944458,
         163.06240844726562
      ]
   ],
   "p2s": [
      [
         180.74850463867188,
         64.99986267089844
      ],
      [
         130.93478393554688,
         301.1700744628906
      ],
      [
         280.7610168457031,
         300.0019836425781
      ],
      [
         68.5225830078125,
         238.00039672851562
      ],
      [
         300.18450927734375,
         116.83292388916016
      ],
      [
         292.7776184082031,
         123.20246887207031
      ],
      [
         180.6328887939453,
         66.00089263916016
      ],
      [
         86.94988250732422,
         256.0553894042969
      ],
      [
         293.19451904296875,
         123.99903106689453
      ],
      [
         60.71791458129883,
         301.4613342285156
      ],
      [
         64.75210571289062,
         0.9929302930831909
      ],
      [
         77.68944549560547,
         241.00120544433594
      ],
      [
         301.1658630371094,
         53.966163635253906
      ],
      [
         2.258911371231079,
         159.00149536132812
      ],
      [
         230.048828125,
         300.0000305175781
      ],
      [
         299.01708984375,
         300.00091552734375
      ],
      [
         124.77169036865234,
         301.35577392578125
      ],
      [
         109.05831146240234,
         3.924075126647949
      ],
      [
         288.4527282714844,
         300.00579833984375
      ],
      [
         233.98941040039062,
         300.0019836425781
      ],
      [
         300.69842529296875,
         6.4716105461120605
      ],
      [
         71.62356567382812,
         4.00213098526001
      ],
      [
         296.53692626953125,
         300.0003662109375
      ],
      [
         136.568115234375,
         300.0373840332031
      ],
      [
         3.8139631748199463,
         180.1582794189453
      ]
   ],
   "b1s": [
      0,
      0,
      1,
      0,
      0,
      0,
      0,
      0,
      0,
      0,
      1,
      0,
      0,
      0,
      1,
      0,
      0,
      0,
      1,
      1,
      0,
      1,
      0,
      1,
      0
   ],
   "b2s": [
      1,
      0,
      0,
      1,
      0,
      0,
      1,
      1,
      0,
      0,
      0,
      1,
      0,
      0,
      0,
      0,
      0,
      0,
      0,
      0,
      0,
      0,
      0,
      0,
      0
   ]
}