{
   "angles": [
      -0.0028227258525275285,
      0.001243864990383611,
      -0.8710604266594246,
      -0.008604541573607218,
      -0.0047287899367339445,
      -0.8874257937933522,
      -0.8259762019804998,
      -0.8725210678408127,
      -0.008532993427790144,
      0.0021068015446850776,
      -0.8680983853021557,
      -0.003204491250829743,
      -0.8444595947431432,
      -0.8305214474731462,
      -0.8459298711055335,
      -0.9147466091298238,
      -0.8611593594622398,
      -0.0008045233132446429,
      -0.004948682427949935
   ],
   "dists": [
      44.80305711862764,
      134.6794845152627,
      -3.238298875331266,
      101.02080012447198,
      40.16519954103102,
      -53.57147517795464,
      90.24439680954943,
      -14.657270023731522,
      180.23087248234685,
      118.57400945668111,
      -6.140649289758019,
      229.89741880592538,
      5.716024529480194,
      83.95138551759227,
      -2.9639767349869146,
      -63.903214845745254,
      -17.725028397081854,
      125.28985908643293,
      233.59408259995266
   ],
   "p1s": [
      [
         45.110904693603516,
         108.99686431884766
      ],
      [
         134.30642700195312,
         300.0016174316406
      ],
      [
         -0.022231820970773697,
         4.214286804199219
      ],
      [
         102.33251190185547,
         152.0057373046875
      ],
      [
         40.66688919067383,
         105.9968490600586
      ],
      [
         0.07033911347389221,
         69.14173889160156
      ],
      [
         131.93893432617188,
         -1.1030396223068237
      ],
      [
         0.5197070240974426,
         19.57222557067871
      ],
      [
         180.2458038330078,
         0.9808357954025269
      ],
      [
         117.94222259521484,
         300.00408935546875
      ],
      [
         0.06598537415266037,
         8.102848052978516
      ],
      [
         229.90179443359375,
         0.9971100687980652
      ],
      [
         274.18157958984375,
         235.92129516601562
      ],
      [
         124.1650390625,
         -0.27523255348205566
      ],
      [
         277.9066162109375,
         250.10543823242188
      ],
      [
         270.2470703125,
         288.6790466308594
      ],
      [
         0.3948182463645935,
         23.70460319519043
      ],
      [
         125.44597625732422,
         193.99884033203125
      ],
      [
         233.6018524169922,
         0.9920724630355835
      ]
   ],
   "p2s": [
      [
         45.65006637573242,
         300.0038146972656
      ],
      [
         134.52908325195312,
         120.9981689453125
      ],
      [
         129.3614501953125,
         113.13426971435547
      ],
      [
         103.60599517822266,
         300.0033874511719
      ],
      [
         41.584327697753906,
         300.0066833496094
      ],
      [
         102.64539337158203,
         152.6636199951172
      ],
      [
         301.5729064941406,
         155.29397583007812
      ],
      [
         118.00627899169922,
         118.18392181396484
      ],
      [
         180.54466247558594,
         36.00388717651367
      ],
      [
         118.31724548339844,
         121.9985580444336
      ],
      [
         121.32429504394531,
         110.79784393310547
      ],
      [
         230.161376953125,
         82.002685546875
      ],
      [
         300.56756591796875,
         259.361083984375
      ],
      [
         301.3114013671875,
         161.5645751953125
      ],
      [
         300.658203125,
         270.2568664550781
      ],
      [
         279.28179931640625,
         295.6339416503906
      ],
      [
         41.864112854003906,
         59.32249069213867
      ],
      [
         125.53125762939453,
         300.0011901855469
      ],
      [
         234.02748107910156,
         86.99986267089844
      ]
   ],
   "b1s": [
      1,
      0,
      0,
      1,
      1,
      0,
      0,
      0,
      0,
      0,
      0,
      0,
      1,
      0,
      1,
      1,
      0,
      1,
      0
   ],
   "b2s": [
      0,
      1,
      1,
      0,
      0,
      1,
      0,
      1,
      1,
      1,
      1,
      1,
      0,
      0,
      0,
      0,
      1,
      0,
      1
   ]
}