{
   "angles": [
      1.5461757344321625,
      1.513801840118468,
      1.534056096482053,
      -0.009302821262360036,
      -0.0067656151211747196,
      -0.0022810741083564394,
      -0.9878252403053808,
      -1.564966308226979,
      -1.0117974176064108,
      -0.0038938388859866635,
      -0.00046583749124397587,
      -0.00032173064591596546,
      0.0019186803389659893,
      -0.00039594279006872977,
      -1.0079563582352493,
      -0.5347043538798755,
      -0.8412498985402231,
      -0.02268123370299812,
      0.006774227310427473,
      -0.8926337490382319,
      -0.5519402311802917,
      1.5232749373435415,
      -0.002106110432817003,
      -0.12047808296430157
   ],
   "dists": [
      4.778060524322757,
      11.90093366796874,
      8.4536742866607,
      11.222635853908614,
      70.01907592903144,
      44.853282813788134,
      -189.66829414262145,
      -8.959716880653579,
      -191.52932767264747,
      141.68402248172455,
      40.24395657624159,
      277.8916865318111,
      38.3168900200323,
      36.149524235842165,
      -199.99096563049315,
      181.53681294542687,
      186.49337266971307,
      277.004483588677,
      153.4143101951125,
      135.24013163050438,
      218.06248617007572,
      301.4519352407412,
      145.87530622420013,
      149.4581285670559
   ],
   "p1s": [
      [
         79.99530792236328,
         2.8095791339874268
      ],
      [
         84.94713592529297,
         7.073521614074707
      ],
      [
         155.95321655273438,
         2.727046489715576
      ],
      [
         11.232317924499512,
         0.9885356426239014
      ],
      [
         70.0274429321289,
         0.9998142719268799
      ],
      [
         44.85567092895508,
         0.9957670569419861
      ],
      [
         1.0674952268600464,
         227.89764404296875
      ],
      [
         157.98902893066406,
         9.880958557128906
      ],
      [
         74.35606384277344,
         272.4308166503906
      ],
      [
         141.68896484375,
         0.993423342704773
      ],
      [
         40.24442672729492,
         0.999886155128479
      ],
      [
         277.90875244140625,
         52.999385833740234
      ],
      [
         38.004215240478516,
         163.00001525878906
      ],
      [
         36.15071487426758,
         2.9999403953552246
      ],
      [
         -0.8496395349502563,
         235.9316864013672
      ],
      [
         211.4284210205078,
         0.7462639808654785
      ],
      [
         282.5706787109375,
         2.4801673889160156
      ],
      [
         277.0978698730469,
         0.9750946164131165
      ],
      [
         151.38551330566406,
         300.00262451171875
      ],
      [
         278.34393310546875,
         50.573089599609375
      ],
      [
         257.9542236328125,
         3.0281879901885986
      ],
      [
         178.96583557128906,
         293.2815246582031
      ],
      [
         146.1789093017578,
         143.99961853027344
      ],
      [
         150.66079711914062,
         0.9200019836425781
      ]
   ],
   "p2s": [
      [
         124.01786804199219,
         1.7255085706710815
      ],
      [
         133.07574462890625,
         4.3274922370910645
      ],
      [
         188.9821014404297,
         1.5130213499069214
      ],
      [
         13.381491661071777,
         232.00575256347656
      ],
      [
         71.85433197021484,
         271.0212707519531
      ],
      [
         45.4282341003418,
         252.0012969970703
      ],
      [
         112.91172790527344,
         301.65032958984375
      ],
      [
         185.99974060058594,
         10.044273376464844
      ],
      [
         120.2764892578125,
         301.1566162109375
      ],
      [
         142.85328674316406,
         300.00836181640625
      ],
      [
         40.359954833984375,
         249.00076293945312
      ],
      [
         277.98822021484375,
         300.0003356933594
      ],
      [
         38.31504440307617,
         0.9986857771873474
      ],
      [
         36.19308090209961,
         110.00032043457031
      ],
      [
         103.77539825439453,
         301.94097900390625
      ],
      [
         224.88877868652344,
         23.473617553710938
      ],
      [
         300.4652099609375,
         18.47969627380371
      ],
      [
         278.2547302246094,
         51.971534729003906
      ],
      [
         152.4423065185547,
         144.00299072265625
      ],
      [
         300.9674072265625,
         68.79917907714844
      ],
      [
         272.07232666015625,
         25.955461502075195
      ],
      [
         206.99754333496094,
         291.94842529296875
      ],
      [
         146.50746154785156,
         299.9989318847656
      ],
      [
         151.6442108154297,
         9.043074607849121
      ]
   ],
   "b1s": [
      0,
      0,
      0,
      0,
      0,
      0,
      0,
      0,
      1,
      0,
      0,
      1,
      1,
      0,
      0,
      0,
      0,
      0,
      0,
      1,
      0,
      0,
      1,
      0
   ],
   "b2s": [
      0,
      0,
      0,
      1,
      1,
      1,
      0,
      1,
      0,
      0,
      1,
      0,
      0,
      1,
      0,
      1,
      0,
      1,
      1,
      0,
      1,
      0,
      0,
      0
   ]
}