{
   "angles": [
      0.049878304518983355,
      0.004923484696966068,
      -0.998090166231575,
      0.004144796993599828,
      -0.012812006673374534,
      -1.052298173790761,
      -0.009684688075914353,
      -1.0273996140747843,
      -0.07092314892476888,
      -0.0024903573859913724,
      0.0012076631674145105,
      -1.0090955289178605,
      -0.46079267052183626,
      -0.00115959534211977,
      -1.0071530637688604,
      0.00218293205908104,
      -1.0504338945435174,
      -0.025637115453581005,
      -0.008707615969130974,
      -0.0034228346385607377,
      -0.6271871615796398
   ],
   "dists": [
      18.24415791216138,
      275.35638659217904,
      -98.32682261392785,
      69.72050337784287,
      134.01363875316687,
      -195.4112062296468,
      269.391448827563,
      -156.6440512551513,
      112.94275147565338,
      118.20109811561738,
      125.54217684108556,
      -106.40555403218556,
      0.9752804456662147,
      45.45773132832733,
      -98.14872612268402,
      122.06774454517098,
      -206.0332383938754,
      69.41384098197679,
      103.47196365969255,
      41.31818516365459,
      -45.378275477074084
   ],
   "p1s": [
      [
         3.287754774093628,
         300.06427001953125
      ],
      [
         273.9319763183594,
         289.9848937988281
      ],
      [
         -0.6576176285743713,
         116.57077026367188
      ],
      [
         68.47763061523438,
         300.0061340332031
      ],
      [
         134.03744506835938,
         0.9995201826095581
      ],
      [
         0.33179065585136414,
         225.17112731933594
      ],
      [
         269.41363525390625,
         0.9863088130950928
      ],
      [
         -0.15446937084197998,
         182.91119384765625
      ],
      [
         132.3411102294922,
         269.04681396484375
      ],
      [
         118.20394134521484,
         0.9945114850997925
      ],
      [
         125.30918884277344,
         193.0003662109375
      ],
      [
         -0.5110999941825867,
         125.40116119384766
      ],
      [
         134.50563049316406,
         268.7489929199219
      ],
      [
         45.458919525146484,
         0.9983083009719849
      ],
      [
         275.0364990234375,
         289.9422607421875
      ],
      [
         121.65327453613281,
         190.0014190673828
      ],
      [
         0.9839189648628235,
         238.02806091308594
      ],
      [
         76.46246337890625,
         273.9881286621094
      ],
      [
         103.48448181152344,
         0.9870733022689819
      ],
      [
         41.321834564208984,
         0.9954755902290344
      ],
      [
         144.00291442871094,
         275.9978942871094
      ]
   ],
   "p2s": [
      [
         4.689489364624023,
         271.9844970703125
      ],
      [
         275.3548889160156,
         0.9820535778999329
      ],
      [
         285.35980224609375,
         300.99285888671875
      ],
      [
         68.56883239746094,
         278.0023498535156
      ],
      [
         134.49862670898438,
         36.99361038208008
      ],
      [
         75.85145568847656,
         268.2603454589844
      ],
      [
         269.67529296875,
         28.003145217895508
      ],
      [
         196.11326599121094,
         301.46795654296875
      ],
      [
         134.5424041748047,
         300.0325012207031
      ],
      [
         118.6696548461914,
         188.00082397460938
      ],
      [
         125.54106140136719,
         0.9994457364082336
      ],
      [
         279.12872314453125,
         301.3844909667969
      ],
      [
         150.4113006591797,
         300.7886962890625
      ],
      [
         45.62126541137695,
         141.0004425048828
      ],
      [
         291.7001953125,
         300.4743347167969
      ],
      [
         122.06585693359375,
         0.9979608654975891
      ],
      [
         68.9981689453125,
         277.003173828125
      ],
      [
         77.13005065917969,
         300.0223083496094
      ],
      [
         105.06085968017578,
         182.0168914794922
      ],
      [
         41.790794372558594,
         138.00413513183594
      ],
      [
         161.6066436767578,
         300.28509521484375
      ]
   ],
   "b1s": [
      0,
      1,
      0,
      0,
      0,
      0,
      0,
      0,
      1,
      0,
      1,
      0,
      1,
      0,
      1,
      1,
      0,
      1,
      0,
      0,
      1
   ],
   "b2s": [
      0,
      0,
      0,
      1,
      1,
      1,
      1,
      0,
      0,
      1,
      0,
      0,
      0,
      1,
      0,
      0,
      1,
      0,
      1,
      1,
      0
   ]
}