{
   "angles": [
      -0.0033321658192855433,
      -0.005904837032020268,
      -0.8311046115142555,
      -0.7473703804344289,
      -0.01712208162529736,
      -0.8332410551730093,
      -0.006640429751605096,
      -0.002562725670328979,
      -0.7199708497662552,
      -0.003054589282117554,
      -0.6982928470896828,
      -0.009601016190852506,
      -0.728045611092715,
      -0.7395933936674977,
      -0.6980443229862086,
      -0.8310077094102701,
      -0.8496872540368701,
      -0.7348645751856325,
      -0.8702998744513911,
      -0.7575308595257606,
      0.008108860628662874,
      0.0019122157633628236,
      -0.7536352806674802,
      -0.8610780222003408,
      -0.8739472304842943
   ],
   "dists": [
      268.0909253562801,
      270.53748149177414,
      -114.87699201794055,
      74.90760582550729,
      120.30169397516423,
      -112.40922158173957,
      219.7851231070629,
      239.04413907045287,
      158.98493868805838,
      171.00835050743643,
      191.09862036420142,
      121.20896962089941,
      121.38109872034,
      110.36044015060585,
      195.1313471448736,
      -119.41711130846774,
      -159.05304875458646,
      108.5089849280521,
      -198.98990590285817,
      118.56861700341854,
      123.76573584103726,
      163.9867181535764,
      110.0603581635134,
      -204.71614608764224,
      -210.2546938959043
   ],
   "p1s": [
      [
         268.7221984863281,
         189.0009307861328
      ],
      [
         271.6463928222656,
         186.99618530273438
      ],
      [
         0.2880493700504303,
         155.7801971435547
      ],
      [
         241.1070098876953,
         149.97413635253906
      ],
      [
         125.11365509033203,
         279.9809265136719
      ],
      [
         124.2243423461914,
         264.7530822753906
      ],
      [
         220.7793731689453,
         148.9948272705078
      ],
      [
         239.4395751953125,
         153.99630737304688
      ],
      [
         211.75877380371094,
         0.3345515727996826
      ],
      [
         171.05795288085938,
         15.977408409118652
      ],
      [
         249.78298950195312,
         0.3427768349647522
      ],
      [
         121.22404479980469,
         0.9882475733757019
      ],
      [
         242.40956115722656,
         89.52632904052734
      ],
      [
         246.5077667236328,
         106.44908905029297
      ],
      [
         254.90745544433594,
         0.23868663609027863
      ],
      [
         -0.28992748260498047,
         161.41331481933594
      ],
      [
         -0.3123394250869751,
         211.49293518066406
      ],
      [
         245.76649475097656,
         110.11475372314453
      ],
      [
         -0.046335868537425995,
         260.2409973144531
      ],
      [
         163.6034393310547,
         0.42929622530937195
      ],
      [
         121.33700561523438,
         300.0108337402344
      ],
      [
         163.43055725097656,
         291.00274658203125
      ],
      [
         151.46270751953125,
         0.5657958388328552
      ],
      [
         1.1290510892868042,
         270.8497619628906
      ],
      [
         0.010678431019186974,
         274.1820983886719
      ]
   ],
   "p2s": [
      [
         269.0887451171875,
         299.0030517578125
      ],
      [
         272.3018493652344,
         297.99822998046875
      ],
      [
         158.69691467285156,
         300.3321533203125
      ],
      [
         299.2759094238281,
         212.7443084716797
      ],
      [
         125.4569091796875,
         300.02642822265625
      ],
      [
         163.55508422851562,
         300.4896545410156
      ],
      [
         221.7821807861328,
         300.0080871582031
      ],
      [
         239.81375122070312,
         300.0030517578125
      ],
      [
         301.0163269042969,
         102.1086654663086
      ],
      [
         171.9255828857422,
         300.01800537109375
      ],
      [
         300.9013977050781,
         61.24340057373047
      ],
      [
         123.75901794433594,
         265.01190185546875
      ],
      [
         299.9340515136719,
         154.0587921142578
      ],
      [
         300.45770263671875,
         165.58241271972656
      ],
      [
         300.990966796875,
         55.16863250732422
      ],
      [
         152.8876190185547,
         301.2187805175781
      ],
      [
         101.8556137084961,
         301.3018493652344
      ],
      [
         295.6995544433594,
         165.36778259277344
      ],
      [
         37.25815200805664,
         291.6938171386719
      ],
      [
         174.78773498535156,
         12.25499439239502
      ],
      [
         121.50741577148438,
         278.9960021972656
      ],
      [
         163.9525909423828,
         18.003734588623047
      ],
      [
         165.50318908691406,
         15.527799606323242
      ],
      [
         29.678199768066406,
         295.3746032714844
      ],
      [
         19.551382064819336,
         290.5360412597656
      ]
   ],
   "b1s": [
      1,
      1,
      0,
      1,
      1,
      1,
      1,
      1,
      0,
      1,
      0,
      0,
      1,
      1,
      0,
      0,
      0,
      1,
      0,
      0,
      0,
      0,
      0,
      0,
      0
   ],
   "b2s": [
      0,
      0,
      0,
      0,
      0,
      0,
      0,
      0,
      0,
      0,
      0,
      1,
      0,
      0,
      0,
      0,
      0,
      0,
      0,
      1,
      1,
      1,
      1,
      0,
      1
   ]
}