{
   "angles": [
      -0.00011053289988687898,
      -0.7286921624889218,
      -0.7400531958904593,
      -0.012355026573984365,
      -1.55574821912107,
      1.4438488661474402,
      -0.004332676003825241,
      0.00892208322998997,
      -0.6979031878006986,
      0.003649116442587135,
      -0.7113327702940009,
      -0.010587864492908938,
      -0.3549007065259254,
      0.0012646248042025485,
      -0.7004985552017392,
      -0.00884111691660623,
      -0.668657971451201,
      -0.7339505778281894,
      -0.7038573517453685,
      0.004275254760497411,
      -0.8760852987223958
   ],
   "dists": [
      68.4539612780006,
      -56.31548555277168,
      -68.64675365980143,
      129.8106810478618,
      -120.74342328730725,
      307.02153387122837,
      273.7321701314969,
      4.6975777023021035,
      38.59440786525217,
      119.86874359776137,
      -5.3361095349589,
      73.55911810050048,
      65.66930126812478,
      115.57884478025784,
      31.829859323340475,
      107.57843282953682,
      -34.20671171355144,
      -71.95240592396193,
      39.642141603986005,
      123.92906448526709,
      147.20463857005956
   ],
   "p1s": [
      [
         68.47352600097656,
         176.9998321533203
      ],
      [
         0.15966013073921204,
         84.75006103515625
      ],
      [
         0.05618046596646309,
         101.86188507080078
      ],
      [
         131.94577026367188,
         172.00067138671875
      ],
      [
         281.98492431640625,
         125.0007553100586
      ],
      [
         105.87227630615234,
         295.9992980957031
      ],
      [
         273.7389831542969,
         0.9794673919677734
      ],
      [
         2.0209872722625732,
         300.0091247558594
      ],
      [
         50.29765701293945,
         -0.08835841715335846
      ],
      [
         119.58857727050781,
         76.9948501586914
      ],
      [
         -0.6487115025520325,
         7.420939922332764
      ],
      [
         75.39496612548828,
         172.99581909179688
      ],
      [
         132.37857055664062,
         168.2303009033203
      ],
      [
         115.48409271240234,
         74.99808502197266
      ],
      [
         42.694236755371094,
         1.2578016519546509
      ],
      [
         107.59135437011719,
         0.9859301447868347
      ],
      [
         183.09608459472656,
         286.924072265625
      ],
      [
         -0.25879064202308655,
         107.135498046875
      ],
      [
         274.23980712890625,
         261.7964172363281
      ],
      [
         123.67366790771484,
         60.00288009643555
      ],
      [
         239.22500610351562,
         7.729980945587158
      ]
   ],
   "p2s": [
      [
         68.48712158203125,
         300.0001525878906
      ],
      [
         78.07334899902344,
         172.04196166992188
      ],
      [
         68.77754974365234,
         177.11631774902344
      ],
      [
         133.42837524414062,
         291.9947204589844
      ],
      [
         297.0116271972656,
         125.2269058227539
      ],
      [
         126.05404663085938,
         293.4234313964844
      ],
      [
         274.8786315917969,
         264.0135192871094
      ],
      [
         3.1451103687286377,
         174.01913452148438
      ],
      [
         301.1651916503906,
         299.0227355957031
      ],
      [
         119.86592102050781,
         0.9922122359275818
      ],
      [
         252.99755859375,
         301.7257995605469
      ],
      [
         76.73986053466797,
         300.0133361816406
      ],
      [
         181.4273681640625,
         300.5827941894531
      ],
      [
         115.57767486572266,
         0.9982014298439026
      ],
      [
         295.99871826171875,
         301.6873779296875
      ],
      [
         108.14862823486328,
         64.01636505126953
      ],
      [
         194.0315399169922,
         300.7651672363281
      ],
      [
         24.88323974609375,
         135.00738525390625
      ],
      [
         300.4234619140625,
         292.6405029296875
      ],
      [
         123.92594146728516,
         0.9954082369804382
      ],
      [
         258.3074035644531,
         23.631107330322266
      ]
   ],
   "b1s": [
      1,
      0,
      0,
      1,
      1,
      0,
      0,
      0,
      0,
      1,
      0,
      1,
      1,
      1,
      0,
      0,
      1,
      0,
      1,
      1,
      0
   ],
   "b2s": [
      0,
      1,
      1,
      0,
      0,
      0,
      1,
      0,
      0,
      0,
      0,
      0,
      0,
      0,
      0,
      1,
      0,
      1,
      0,
      0,
      1
   ]
}