{
   "angles": [
      0.024298149360489216,
      -0.007351740080765053,
      -0.0007218297955511878,
      0.002584995652295764,
      -0.010132188412612394,
      0.0004982747130322044,
      -0.850181891470597,
      1.5230624137756161,
      -0.001520375567386739,
      -0.0007385274888248055,
      -0.7945406150650276,
      -0.46769970933258304,
      -0.5485170516134731,
      -0.8341837610618485,
      -0.8312422986712589,
      -0.004246956710094482
   ],
   "dists": [
      77.80751483424504,
      9.547149495934255,
      45.02148311555531,
      142.2619887852436,
      10.182853965718621,
      40.983248303506144,
      12.088811986528757,
      300.2706909757873,
      289.4051308108196,
      38.060325641659446,
      -7.221057190362814,
      111.74424806519791,
      66.90228700549886,
      62.51110405644818,
      69.46165588290746,
      275.3066664127877
   ],
   "p1s": [
      [
         70.53929138183594,
         300.0130920410156
      ],
      [
         10.517772674560547,
         131.9888458251953
      ],
      [
         45.13915252685547,
         162.99917602539062
      ],
      [
         141.48695373535156,
         300.00384521484375
      ],
      [
         10.193284034729004,
         0.9777764678001404
      ],
      [
         40.833770751953125,
         300.00042724609375
      ],
      [
         18.07081413269043,
         -0.21938878297805786
      ],
      [
         174.06201171875,
         292.2981262207031
      ],
      [
         289.406982421875,
         0.9978610277175903
      ],
      [
         38.18736267089844,
         171.99986267089844
      ],
      [
         279.4768371582031,
         284.5328063964844
      ],
      [
         213.6627655029297,
         175.1703338623047
      ],
      [
         242.56883239746094,
         268.65240478515625
      ],
      [
         93.52135467529297,
         0.4251221716403961
      ],
      [
         101.89016723632812,
         -1.0719325542449951
      ],
      [
         275.3133544921875,
         0.9901753067970276
      ]
   ],
   "p2s": [
      [
         73.38459777832031,
         182.93643188476562
      ],
      [
         11.753036499023438,
         300.0091552734375
      ],
      [
         45.23804473876953,
         300.00128173828125
      ],
      [
         141.7816619873047,
         185.99685668945312
      ],
      [
         11.510480880737305,
         130.9745635986328
      ],
      [
         40.90452575683594,
         158.00045776367188
      ],
      [
         300.81396484375,
         248.07310485839844
      ],
      [
         210.0277099609375,
         290.5800476074219
      ],
      [
         289.6532897949219,
         163.00204467773438
      ],
      [
         38.28189468383789,
         300.0005187988281
      ],
      [
         296.13092041015625,
         300.8851318359375
      ],
      [
         276.9731140136719,
         300.5186462402344
      ],
      [
         262.0711364746094,
         300.5675964355469
      ],
      [
         301.15447998046875,
         188.72698974609375
      ],
      [
         301.6639099121094,
         181.17608642578125
      ],
      [
         275.9461975097656,
         150.00022888183594
      ]
   ],
   "b1s": [
      0,
      1,
      1,
      0,
      0,
      0,
      0,
      0,
      0,
      1,
      1,
      1,
      1,
      0,
      0,
      0
   ],
   "b2s": [
      1,
      0,
      0,
      1,
      1,
      1,
      0,
      1,
      1,
      0,
      0,
      0,
      0,
      0,
      0,
      1
   ]
}