{
   "angles": [
      -0.6980357416239412,
      -0.002804433456420504,
      -0.7285145337570174,
      -0.012569547069915976,
      -0.7000315209279966,
      0.0007723296010987004,
      -0.00542378270936584,
      0.002309683624340253,
      -0.7393059558191839,
      -0.6297145954480831,
      -0.702520106321052,
      -0.0003549272109262853,
      -0.9604430916691081,
      -0.8826192328355335,
      -0.5671125679202225,
      -0.9422641800702075,
      -0.044546413782993365,
      0.0004238345021648099,
      4.9820830393887476e-05
   ],
   "dists": [
      1.8457937025030262,
      120.78415858826904,
      -79.16685797785581,
      30.260280310796027,
      -3.1574687687014427,
      116.49691435491877,
      36.469451640808714,
      198.88226638895242,
      -91.1379911961491,
      140.81397102494222,
      4.936554839949826,
      150.02797132385666,
      19.007265135575892,
      165.9537307649558,
      237.6422335248802,
      147.4775231027231,
      26.310972365372866,
      208.7968524360119,
      153.4578285590259
   ],
   "p1s": [
      [
         2.319542407989502,
         -0.10701191425323486
      ],
      [
         121.35111999511719,
         201.9962158203125
      ],
      [
         124.94271850585938,
         258.943359375
      ],
      [
         30.275039672851562,
         0.9839725494384766
      ],
      [
         -0.02893289364874363,
         4.866713523864746
      ],
      [
         116.3996353149414,
         126.00030517578125
      ],
      [
         36.47536849975586,
         0.9919978976249695
      ],
      [
         198.3538818359375,
         228.99850463867188
      ],
      [
         126.72770690917969,
         274.248291015625
      ],
      [
         174.28102111816406,
         0.06654092669487
      ],
      [
         6.765811443328857,
         0.3516596853733063
      ],
      [
         150.02833557128906,
         0.9996349811553955
      ],
      [
         282.64886474609375,
         174.5019989013672
      ],
      [
         262.20452880859375,
         0.7512746453285217
      ],
      [
         281.9855041503906,
         0.37234461307525635
      ],
      [
         255.46083068847656,
         3.3660027980804443
      ],
      [
         26.380918502807617,
         0.9830201864242554
      ],
      [
         208.705322265625,
         216.00157165527344
      ],
      [
         153.4495086669922,
         167.0000762939453
      ]
   ],
   "p2s": [
      [
         254.8790740966797,
         300.94036865234375
      ],
      [
         121.6259765625,
         300.00384521484375
      ],
      [
         162.20680236816406,
         300.7077331542969
      ],
      [
         30.60228729248047,
         27.017568588256836
      ],
      [
         249.16604614257812,
         300.7024841308594
      ],
      [
         116.49617767333984,
         0.9988385438919067
      ],
      [
         36.65443801879883,
         34.00729751586914
      ],
      [
         198.8804931640625,
         0.9974143505096436
      ],
      [
         150.56785583496094,
         300.39404296875
      ],
      [
         189.00247192382812,
         20.26951789855957
      ],
      [
         32.90838623046875,
         31.230955123901367
      ],
      [
         150.08689880371094,
         166.0003204345703
      ],
      [
         293.12115478515625,
         181.82679748535156
      ],
      [
         292.8578186035156,
         25.956750869750977
      ],
      [
         301.5147705078125,
         31.03524398803711
      ],
      [
         301.07476806640625,
         36.521366119384766
      ],
      [
         27.363609313964844,
         23.02836799621582
      ],
      [
         208.79644775390625,
         0.9990660548210144
      ],
      [
         153.45777893066406,
         0.9999729990959167
      ]
   ],
   "b1s": [
      0,
      1,
      1,
      0,
      0,
      1,
      0,
      1,
      1,
      0,
      0,
      0,
      1,
      0,
      0,
      0,
      0,
      1,
      1
   ],
   "b2s": [
      0,
      0,
      0,
      1,
      0,
      0,
      1,
      0,
      0,
      1,
      1,
      1,
      0,
      0,
      0,
      0,
      1,
      0,
      0
   ]
}