{
   "angles": [
      -1.0415393431010809,
      -0.005036710569047584,
      1.56451306933204,
      -1.0426129378754578,
      1.5659415804932286,
      -1.0489969023660946,
      -1.5155171258543743,
      -1.0611222778533043,
      -0.007955114149987303,
      -1.5503655370379579,
      -0.03620812537190578,
      -0.03429798093017543,
      0.0011385327303195315,
      1.5467603040763709
   ],
   "dists": [
      109.11769499726046,
      272.62303695107653,
      205.1560240131092,
      105.36930913200817,
      196.48297230147645,
      93.847791033047,
      -118.12150248377286,
      59.13053093897017,
      268.03955776733886,
      -192.93780099763936,
      171.6893787812255,
      62.534181119215205,
      172.58664318804364,
      223.92833369210672
   ],
   "p1s": [
      [
         216.46661376953125,
         0.20226658880710602
      ],
      [
         273.0697021484375,
         87.99461364746094
      ],
      [
         0.9946839809417725,
         205.15382385253906
      ],
      [
         209.45574951171875,
         0.21891650557518005
      ],
      [
         0.992625892162323,
         196.48046875
      ],
      [
         189.25389099121094,
         0.5583999752998352
      ],
      [
         0.9251076579093933,
         118.35340118408203
      ],
      [
         173.0191650390625,
         28.965702056884766
      ],
      [
         268.7321472167969,
         85.99417877197266
      ],
      [
         0.9796042442321777,
         192.9980926513672
      ],
      [
         171.83580017089844,
         0.933499813079834
      ],
      [
         62.60457992553711,
         0.9792560338973999
      ],
      [
         172.2451934814453,
         300.00140380859375
      ],
      [
         0.9752287268638611,
         223.96958923339844
      ]
   ],
   "p2s": [
      [
         300.8443603515625,
         49.556453704833984
      ],
      [
         274.1375427246094,
         300.00433349609375
      ],
      [
         18.000295639038086,
         205.04698181152344
      ],
      [
         299.9783935546875,
         53.03702163696289
      ],
      [
         14.006877899169922,
         196.41729736328125
      ],
      [
         300.76385498046875,
         64.67147064208984
      ],
      [
         13.995756149291992,
         119.0766830444336
      ],
      [
         300.8776550292969,
         100.42976379394531
      ],
      [
         270.4347229003906,
         300.012451171875
      ],
      [
         9.017117500305176,
         193.16233825683594
      ],
      [
         172.8500518798828,
         28.9329833984375
      ],
      [
         64.04749298095703,
         43.03268051147461
      ],
      [
         172.55259704589844,
         30.001768112182617
      ],
      [
         11.992901802062988,
         223.70472717285156
      ]
   ],
   "b1s": [
      0,
      1,
      0,
      0,
      0,
      0,
      0,
      1,
      1,
      0,
      0,
      0,
      0,
      0
   ],
   "b2s": [
      0,
      0,
      1,
      0,
      1,
      0,
      1,
      0,
      0,
      0,
      1,
      1,
      1,
      1
   ]
}