{
   "angles": [
      -0.008812061106565057,
      -0.8386493354727922,
      1.563903993784033,
      -0.013445185169433334,
      -0.06058413681920766,
      0.010104635472418902,
      -0.09989170496360471,
      -0.0012746327650171039,
      -0.8345054076185737,
      -0.0027074551360807423,
      -0.0002990382408304905,
      0.0003730601978948868,
      -1.1991875392029554,
      0.0010983643750009345,
      -0.011248216778494092,
      0.001738276242620986,
      -0.0015958963758190825,
      -0.0002691807171114578,
      7.022955017030418e-05,
      -0.8440415605314816,
      -0.4470165778849831,
      -0.001298307256320974
   ],
   "dists": [
      85.84634385930849,
      106.54875491196827,
      214.21675911160037,
      239.28050058872424,
      124.44643431496536,
      201.22527722169693,
      219.6093271108283,
      115.18936008676646,
      103.12513691071135,
      36.82068046661772,
      30.944567839854525,
      34.485367091282,
      -58.726257650190576,
      26.621644725447574,
      85.75198370205197,
      189.04482603272214,
      272.3645768542133,
      269.02453179310754,
      150.5438193504658,
      108.73268531139325,
      84.70799085640668,
      154.6442806876456
   ],
   "p1s": [
      [
         85.85834503173828,
         0.9836236834526062
      ],
      [
         159.6725311279297,
         0.2517266273498535
      ],
      [
         4.994399547576904,
         214.1874237060547
      ],
      [
         239.31533813476562,
         0.9823139905929565
      ],
      [
         124.7331314086914,
         0.9555293321609497
      ],
      [
         198.2039337158203,
         300.0121765136719
      ],
      [
         220.80174255371094,
         0.9196462631225586
      ],
      [
         115.32711029052734,
         107.99703216552734
      ],
      [
         153.20298767089844,
         -0.32734763622283936
      ],
      [
         36.823516845703125,
         0.997770369052887
      ],
      [
         30.944868087768555,
         0.9994183778762817
      ],
      [
         34.373451232910156,
         300.0005187988281
      ],
      [
         211.4424591064453,
         145.4306182861328
      ],
      [
         26.29214859008789,
         300.00250244140625
      ],
      [
         88.99703216552734,
         288.0000305175781
      ],
      [
         188.52362060546875,
         300.00439453125
      ],
      [
         272.36651611328125,
         0.9978196024894714
      ],
      [
         269.0248107910156,
         1.0002624988555908
      ],
      [
         150.5227508544922,
         300.0000305175781
      ],
      [
         164.33924865722656,
         0.6184340715408325
      ],
      [
         94.15276336669922,
         0.4473872780799866
      ],
      [
         154.8404541015625,
         150.9989013671875
      ]
   ],
   "p2s": [
      [
         87.97351837158203,
         241.00904846191406
      ],
      [
         301.30413818359375,
         127.54901123046875
      ],
      [
         19.000625610351562,
         214.0908966064453
      ],
      [
         240.20315551757812,
         67.01071166992188
      ],
      [
         125.52613067626953,
         14.028743743896484
      ],
      [
         199.84107971191406,
         137.99839782714844
      ],
      [
         222.11160278320312,
         13.988815307617188
      ],
      [
         115.57184600830078,
         300.0018310546875
      ],
      [
         300.6387023925781,
         133.29527282714844
      ],
      [
         37.633056640625,
         300.0010070800781
      ],
      [
         31.03428077697754,
         300.0002746582031
      ],
      [
         34.475669860839844,
         26.00017738342285
      ],
      [
         300.357666015625,
         180.0822296142578
      ],
      [
         26.607383728027344,
         12.998470306396484
      ],
      [
         89.13212585449219,
         300.009765625
      ],
      [
         188.75656127929688,
         165.99783325195312
      ],
      [
         272.49578857421875,
         82.00080108642578
      ],
      [
         269.0458068847656,
         79.00025939941406
      ],
      [
         150.53370666503906,
         144.00003051757812
      ],
      [
         176.0070037841797,
         10.992130279541016
      ],
      [
         117.53484344482422,
         49.22298812866211
      ],
      [
         155.03390502929688,
         300.0012512207031
      ]
   ],
   "b1s": [
      0,
      0,
      0,
      0,
      0,
      0,
      0,
      1,
      0,
      0,
      0,
      0,
      1,
      0,
      1,
      0,
      0,
      0,
      0,
      0,
      0,
      1
   ],
   "b2s": [
      1,
      0,
      1,
      1,
      1,
      1,
      1,
      0,
      0,
      0,
      0,
      1,
      0,
      1,
      0,
      1,
      1,
      1,
      1,
      1,
      1,
      0
   ]
}