{
   "angles": [
      0.00047808081752418233,
      -0.0009748407162051987,
      -1.1840805923701085,
      -1.028976760513495,
      -0.0024697594492970308,
      -1.036124798438133,
      0.0031621942493057884,
      -1.019619939691097,
      -1.0139177731663194,
      -1.0656564586981983,
      -1.5548284144560032,
      -1.0585229584578832,
      -1.0474776693363799,
      -0.0035296066732503095,
      0.01996686742868871,
      -1.0102615043301362,
      -0.1017320963697201,
      -0.004423124942582355,
      -0.9974532871305078,
      -0.6316258564294883,
      -1.1388274341261502,
      -0.00558754784228314,
      -0.08821869190715168,
      -1.058050316308743,
      -0.5906462810668769
   ],
   "dists": [
      75.55913402082818,
      84.32985128656853,
      -52.755072595506654,
      -1.883831122979166,
      58.106136059825374,
      -39.876312026321784,
      289.96980489536344,
      58.320221868207994,
      -69.9742755608585,
      -87.75023680980408,
      -5.695188506575359,
      -57.07213763408227,
      -46.65042986392737,
      278.2294452767077,
      100.98469309011399,
      54.04045897350257,
      141.44553663438055,
      274.24221219889546,
      65.3020783840146,
      175.60741071068105,
      -214.6914414286651,
      290.832406969853,
      150.60299464311674,
      -58.99224396629816,
      193.90949300201225
   ],
   "p1s": [
      [
         75.41571807861328,
         300.00067138671875
      ],
      [
         84.4312744140625,
         103.99958038330078
      ],
      [
         -1.9231809377670288,
         56.178367614746094
      ],
      [
         0.20440760254859924,
         2.321789026260376
      ],
      [
         58.43479537963867,
         133.0013885498047
      ],
      [
         280.66888427734375,
         212.55909729003906
      ],
      [
         289.0225830078125,
         300.00323486328125
      ],
      [
         111.54598236083984,
         0.1118282750248909
      ],
      [
         274.9820556640625,
         253.63494873046875
      ],
      [
         0.22639411687850952,
         100.39894104003906
      ],
      [
         181.02256774902344,
         8.586712837219238
      ],
      [
         0.5558227896690369,
         65.78986358642578
      ],
      [
         0.3785924017429352,
         54.07700729370117
      ],
      [
         278.23468017578125,
         0.9921125769615173
      ],
      [
         95.09381103515625,
         296.0018615722656
      ],
      [
         101.6336441040039,
         -0.009474165737628937
      ],
      [
         142.26950073242188,
         0.870404839515686
      ],
      [
         275.3727722167969,
         254.99392700195312
      ],
      [
         120.5689926147461,
         0.11878737062215805
      ],
      [
         222.46115112304688,
         6.662617206573486
      ],
      [
         101.45643615722656,
         283.1790771484375
      ],
      [
         292.32879638671875,
         266.9925842285156
      ],
      [
         151.2694549560547,
         0.8877188563346863
      ],
      [
         283.75140380859375,
         227.44155883789062
      ],
      [
         234.09173583984375,
         0.9384861588478088
      ]
   ],
   "p2s": [
      [
         75.50655364990234,
         110.000244140625
      ],
      [
         84.62234497070312,
         300.0013427734375
      ],
      [
         245.60255432128906,
         156.9760284423828
      ],
      [
         300.5432434082031,
         183.0974578857422
      ],
      [
         58.84725570678711,
         300.00531005859375
      ],
      [
         300.435302734375,
         224.2649688720703
      ],
      [
         289.130126953125,
         265.99407958984375
      ],
      [
         301.802734375,
         117.06741333007812
      ],
      [
         300.8025207519531,
         269.7110290527344
      ],
      [
         59.38447189331055,
         133.1130828857422
      ],
      [
         210.99896240234375,
         9.065423965454102
      ],
      [
         76.24034881591797,
         108.3508529663086
      ],
      [
         79.24251556396484,
         99.57967376708984
      ],
      [
         278.5664978027344,
         95.00153350830078
      ],
      [
         95.4930419921875,
         276.0098571777344
      ],
      [
         300.673583984375,
         124.9268798828125
      ],
      [
         143.4117889404297,
         12.06004810333252
      ],
      [
         275.5718688964844,
         300.0063171386719
      ],
      [
         147.8270263671875,
         17.719179153442383
      ],
      [
         230.84085083007812,
         18.116439819335938
      ],
      [
         119.7232894897461,
         291.6002197265625
      ],
      [
         292.5132751464844,
         300.00830078125
      ],
      [
         152.87245178222656,
         19.011281967163086
      ],
      [
         300.6031799316406,
         236.92860412597656
      ],
      [
         240.88816833496094,
         11.074980735778809
      ]
   ],
   "b1s": [
      0,
      1,
      0,
      0,
      1,
      1,
      0,
      0,
      1,
      0,
      0,
      0,
      0,
      0,
      0,
      0,
      0,
      1,
      0,
      0,
      1,
      0,
      0,
      1,
      0
   ],
   "b2s": [
      1,
      0,
      1,
      0,
      0,
      0,
      1,
      0,
      0,
      1,
      0,
      1,
      1,
      1,
      1,
      0,
      1,
      0,
      1,
      1,
      0,
      0,
      1,
      0,
      1
   ]
}