{
   "angles": [
      0.9871632990543536,
      -0.0725897825225212,
      -0.0727955827133654,
      0.9867723703587178
   ],
   "dists": [
      125.2527737073586,
      226.36428129617528,
      229.39973662799693,
      128.6220851242327
   ],
   "p1s": [
      [
         0.28214794397354126,
         149.9129638671875
      ],
      [
         227.32911682128906,
         5.04878568649292
      ],
      [
         230.08139038085938,
         0.9940646886825562
      ],
      [
         0.3172992765903473,
         153.96707153320312
      ]
   ],
   "p2s": [
      [
         227.32595825195312,
         -0.020705977454781532
      ],
      [
         248.78367614746094,
         300.08843994140625
      ],
      [
         251.89212036132812,
         300.0807800292969
      ],
      [
         228.68246459960938,
         3.0325827598571777
      ]
   ],
   "b1s": [
      0,
      0,
      0,
      0
   ],
   "b2s": [
      0,
      0,
      0,
      0
   ]
}