{
   "angles": [
      0.7411298874676778,
      0.7329592012609526,
      -0.0734697419722796,
      -0.07233355900492741,
      -0.061256485739474856,
      -0.0873447215553171,
      -1.3844212410494758,
      -1.383181540428778,
      0.7330973359696651,
      -1.3848443291865804,
      -0.6942880889841028,
      -0.6917638490590078,
      1.570459924827507
   ],
   "dists": [
      332.37998266955003,
      331.6506855925362,
      182.49546790322475,
      185.6850466753696,
      186.1536517370202,
      181.21416140999742,
      -107.3045548754872,
      -110.26472408870065,
      334.9021586444011,
      -110.72446683193229,
      194.51004598867613,
      198.16624047502188,
      1.5286297750390307
   ],
   "p1s": [
      [
         175.09368896484375,
         301.0008850097656
      ],
      [
         204.49078369140625,
         268.54156494140625
      ],
      [
         183.05699157714844,
         0.922203004360199
      ],
      [
         186.24305725097656,
         0.9823890924453735
      ],
      [
         203.37245178222656,
         275.0384826660156
      ],
      [
         205.80735778808594,
         272.9292907714844
      ],
      [
         0.747965931892395,
         109.33660125732422
      ],
      [
         197.8489990234375,
         149.7953643798828
      ],
      [
         179.8426513671875,
         300.7588195800781
      ],
      [
         0.8446711897850037,
         112.82566833496094
      ],
      [
         253.14163208007812,
         0.049510858952999115
      ],
      [
         257.6798400878906,
         0.436887264251709
      ],
      [
         193.99981689453125,
         1.4633679389953613
      ]
   ],
   "p2s": [
      [
         204.16441345214844,
         269.23529052734375
      ],
      [
         294.50518798828125,
         168.55455017089844
      ],
      [
         193.59544372558594,
         144.10337829589844
      ],
      [
         196.6854705810547,
         145.09524536132812
      ],
      [
         204.90753173828125,
         300.0670166015625
      ],
      [
         208.1841278076172,
         300.0714416503906
      ],
      [
         299.86077880859375,
         165.7383575439453
      ],
      [
         295.9213562011719,
         168.41416931152344
      ],
      [
         300.1623229980469,
         167.1461639404297
      ],
      [
         193.78866577148438,
         149.1233367919922
      ],
      [
         300.8206481933594,
         57.316741943359375
      ],
      [
         300.72247314453125,
         52.40156173706055
      ],
      [
         249.00015258789062,
         1.444875717163086
      ]
   ],
   "b1s": [
      0,
      1,
      0,
      0,
      1,
      1,
      0,
      1,
      0,
      0,
      0,
      0,
      0
   ],
   "b2s": [
      1,
      0,
      1,
      1,
      0,
      0,
      0,
      0,
      0,
      1,
      0,
      0,
      0
   ]
}