{
   "angles": [
      0.9836522808484213,
      0.982437206620596,
      -0.6902245232972356,
      0.9851069726886319,
      0.981804808503178,
      -0.6894069168335183,
      -0.6890030950591095,
      -0.6873039769202159,
      0.0008959746083330389
   ],
   "dists": [
      161.70370000751544,
      161.99739554382072,
      113.19881889085421,
      164.72540079481246,
      165.4069832595913,
      113.22066585563711,
      116.3893696330111,
      116.66224277160606,
      299.5778260529621
   ],
   "p1s": [
      [
         200.9928436279297,
         60.486446380615234
      ],
      [
         0.5732980966567993,
         194.36044311523438
      ],
      [
         146.9673309326172,
         0.20125694572925568
      ],
      [
         203.00686645507812,
         63.010345458984375
      ],
      [
         0.6570729613304138,
         198.48670959472656
      ],
      [
         200.9952850341797,
         65.82823181152344
      ],
      [
         202.89439392089844,
         63.26332092285156
      ],
      [
         151.045654296875,
         0.14170387387275696
      ],
      [
         299.4229431152344,
         172.99948120117188
      ]
   ],
   "p2s": [
      [
         291.5054931640625,
         0.2568730115890503
      ],
      [
         199.21820068359375,
         61.82819747924805
      ],
      [
         197.50628662109375,
         61.40766143798828
      ],
      [
         297.5386657714844,
         0.3045334815979004
      ],
      [
         199.912109375,
         65.36522674560547
      ],
      [
         300.5251159667969,
         186.56712341308594
      ],
      [
         300.41302490234375,
         181.65982055664062
      ],
      [
         200.5968475341797,
         60.51009750366211
      ],
      [
         299.57257080078125,
         5.999617099761963
      ]
   ],
   "b1s": [
      1,
      0,
      0,
      1,
      0,
      1,
      1,
      0,
      0
   ],
   "b2s": [
      0,
      1,
      1,
      0,
      1,
      0,
      0,
      1,
      0
   ]
}