{
   "angles": [
      0.6413356070212363,
      0.6404391576777589,
      0.19815722872533892,
      0.19868186804803684,
      -1.3920678530149952,
      0.19869126832998907,
      -1.3650185098174858,
      0.6413525825625691,
      -1.3849693731620107,
      -1.385007291770485,
      0.19867021815902475
   ],
   "dists": [
      176.90886491683196,
      177.00704908065296,
      286.31111858072023,
      286.3000757214047,
      -53.83546356737527,
      289.39087244512666,
      -48.76978941704015,
      180.12771690228064,
      -51.57235789144741,
      -54.92271445009314,
      289.4133186793797
   ],
   "p1s": [
      [
         0.6947307586669922,
         294.7720947265625
      ],
      [
         158.81304931640625,
         83.11544799804688
      ],
      [
         271.5625915527344,
         101.91217041015625
      ],
      [
         231.579833984375,
         300.3180847167969
      ],
      [
         274.1387939453125,
         104.2317886352539
      ],
      [
         274.20947265625,
         104.2435302734375
      ],
      [
         273.7972717285156,
         106.97125244140625
      ],
      [
         0.8737928867340088,
         299.90576171875
      ],
      [
         0.8794707655906677,
         52.64112854003906
      ],
      [
         0.8053135871887207,
         56.035804748535156
      ],
      [
         234.79049682617188,
         300.1591491699219
      ]
   ],
   "p2s": [
      [
         157.56028747558594,
         84.67170715332031
      ],
      [
         220.36199951171875,
         0.5245420336723328
      ],
      [
         291.8705139160156,
         0.773205041885376
      ],
      [
         270.56048583984375,
         106.71016693115234
      ],
      [
         300.1917724609375,
         108.93843078613281
      ],
      [
         295.0364074707031,
         0.8059791326522827
      ],
      [
         300.3118896484375,
         112.50572204589844
      ],
      [
         224.74880981445312,
         0.06579753011465073
      ],
      [
         159.89920043945312,
         82.53619384765625
      ],
      [
         156.9285430908203,
         85.38021087646484
      ],
      [
         273.69097900390625,
         106.93778991699219
      ]
   ],
   "b1s": [
      0,
      1,
      1,
      0,
      1,
      1,
      1,
      0,
      0,
      0,
      0
   ],
   "b2s": [
      1,
      0,
      0,
      1,
      0,
      0,
      0,
      0,
      1,
      1,
      1
   ]
}