{
   "angles": [
      0.9871208734676982,
      -0.030392539660796906,
      0.9963357208016367,
      0.9778762222606981,
      -0.02819363909039075,
      -0.6935844515972193,
      -0.6900673952818392,
      -0.025460278108429907,
      0.9867854995012523,
      -0.687462856579813,
      -0.6989608211195362,
      -0.0007361695010407337
   ],
   "dists": [
      210.5341672997949,
      264.29257726263614,
      211.8790046745943,
      212.39263207409735,
      264.4859151336898,
      153.18832358034467,
      154.28802691546164,
      267.4658707423936,
      213.9375848044665,
      157.8168168599043,
      154.90184577453522,
      275.70662509356134
   ],
   "p1s": [
      [
         0.3767396807670593,
         252.05628967285156
      ],
      [
         264.4437561035156,
         0.9561067223548889
      ],
      [
         269.1246337890625,
         78.19254302978516
      ],
      [
         269.62127685546875,
         74.43790435791016
      ],
      [
         266.8762512207031,
         81.03169250488281
      ],
      [
         269.4388732910156,
         84.46651458740234
      ],
      [
         200.12225341796875,
         0.07363937795162201
      ],
      [
         267.5770263671875,
         0.9598398208618164
      ],
      [
         0.4386657774448395,
         256.1506652832031
      ],
      [
         204.6092071533203,
         0.49978312849998474
      ],
      [
         268.4403381347656,
         78.62989807128906
      ],
      [
         275.915771484375,
         283.99932861328125
      ]
   ],
   "p2s": [
      [
         263.5173645019531,
         78.26920318603516
      ],
      [
         266.7264099121094,
         76.0387191772461
      ],
      [
         300.55084228515625,
         57.85100173950195
      ],
      [
         300.91241455078125,
         53.35416030883789
      ],
      [
         273.0521545410156,
         300.0267333984375
      ],
      [
         300.8720703125,
         122.27497863769531
      ],
      [
         264.17987060546875,
         77.67697143554688
      ],
      [
         269.436767578125,
         73.98887634277344
      ],
      [
         266.7529602050781,
         80.1392822265625
      ],
      [
         267.2520446777344,
         76.79305267333984
      ],
      [
         300.8974304199219,
         117.24569702148438
      ],
      [
         275.92755126953125,
         300.00079345703125
      ]
   ],
   "b1s": [
      0,
      0,
      1,
      1,
      1,
      1,
      0,
      0,
      0,
      0,
      1,
      1
   ],
   "b2s": [
      1,
      1,
      0,
      0,
      0,
      0,
      1,
      1,
      1,
      1,
      0,
      0
   ]
}