{
   "angles": [
      0.9882396127101346,
      -0.6890760646533513,
      0.9884175239520816,
      -0.6887855293427767
   ],
   "dists": [
      44.56151225357974,
      -78.11282490499599,
      47.867864788819446,
      -74.94434747723479
   ],
   "p1s": [
      [
         0.40482351183891296,
         53.096614837646484
      ],
      [
         0.4764920175075531,
         123.43125915527344
      ],
      [
         0.3833087384700775,
         57.063594818115234
      ],
      [
         -0.04312138631939888,
         117.85879516601562
      ]
   ],
   "p2s": [
      [
         80.53975677490234,
         0.30142566561698914
      ],
      [
         146.3631591796875,
         300.5246276855469
      ],
      [
         86.5499038696289,
         0.3165537416934967
      ],
      [
         150.75616455078125,
         301.0240478515625
      ]
   ],
   "b1s": [
      0,
      0,
      0,
      0
   ],
   "b2s": [
      0,
      0,
      0,
      0
   ]
}