{
   "angles": [
      0.9564274117883161,
      0.9833561737856867,
      -0.02898520289801287,
      0.9816139685526374,
      -0.02976363734230834,
      -0.02871518351610098,
      -0.031943427502185186
   ],
   "dists": [
      332.4869669311321,
      329.12779361418205,
      272.87776376611856,
      332.59809821640766,
      272.89765922085525,
      276.0261865673097,
      275.11454638394076
   ],
   "p1s": [
      [
         281.9801025390625,
         207.97178649902344
      ],
      [
         141.70521545410156,
         301.0591125488281
      ],
      [
         279.255615234375,
         216.02157592773438
      ],
      [
         148.52159118652344,
         300.7803955078125
      ],
      [
         273.04742431640625,
         0.96881502866745
      ],
      [
         276.16778564453125,
         0.9664579033851624
      ],
      [
         282.0920715332031,
         213.96510314941406
      ]
   ],
   "p2s": [
      [
         300.5934143066406,
         194.8411865234375
      ],
      [
         279.527099609375,
         209.289794921875
      ],
      [
         281.6915283203125,
         300.0379333496094
      ],
      [
         300.7098388671875,
         199.06202697753906
      ],
      [
         279.21282958984375,
         208.05320739746094
      ],
      [
         282.08563232421875,
         206.99754333496094
      ],
      [
         284.8424377441406,
         300.0369873046875
      ]
   ],
   "b1s": [
      1,
      0,
      1,
      0,
      0,
      0,
      1
   ],
   "b2s": [
      0,
      1,
      0,
      0,
      1,
      1,
      0
   ]
}