{
   "angles": [
      0.7353121177487989,
      0.7323355964045114,
      -0.030246327358172773,
      -0.02925762075516755,
      -0.028618551120715683,
      -1.37759211657968,
      -0.6886636003625839,
      -0.029015025024542257,
      -0.6925434398057736,
      0.7324797895461568,
      0.7341932200779115,
      -1.3909463915558042,
      -1.384981752078903,
      -0.6891289967891874,
      -0.6873201785506378,
      -1.3852715728864713
   ],
   "dists": [
      108.09607861872317,
      107.83795018993797,
      255.21039479668784,
      258.6422496885625,
      255.72479623625992,
      -164.0865609849729,
      -36.87336912400121,
      258.5873162078428,
      -37.24946972047592,
      110.99216643877513,
      111.05645932247762,
      -165.20500582739592,
      -163.1780445933286,
      -33.918960392211275,
      -33.716490515036014,
      -166.49280982579577
   ],
   "p1s": [
      [
         0.5199108719825745,
         160.5657501220703
      ],
      [
         46.01287841796875,
         110.1124496459961
      ],
      [
         261.9541015625,
         219.03164672851562
      ],
      [
         258.7815856933594,
         0.9771260023117065
      ],
      [
         255.85665893554688,
         0.9468508958816528
      ],
      [
         265.76654052734375,
         219.19322204589844
      ],
      [
         47.34310531616211,
         115.54068756103516
      ],
      [
         265.0513916015625,
         218.969482421875
      ],
      [
         0.24093139171600342,
         58.629737854003906
      ],
      [
         0.9335266351699829,
         164.94021606445312
      ],
      [
         48.78239059448242,
         111.70610809326172
      ],
      [
         265.159423828125,
         216.12318420410156
      ],
      [
         1.1408679485321045,
         166.25064086914062
      ],
      [
         112.35025024414062,
         189.71144104003906
      ],
      [
         -0.15718218684196472,
         52.949859619140625
      ],
      [
         0.7121983170509338,
         169.533447265625
      ]
   ],
   "p2s": [
      [
         44.64950180053711,
         111.77843475341797
      ],
      [
         144.96011352539062,
         0.06500847637653351
      ],
      [
         264.4043884277344,
         300.01800537109375
      ],
      [
         265.0459899902344,
         215.02792358398438
      ],
      [
         261.9564514160156,
         214.02987670898438
      ],
      [
         300.2090148925781,
         225.9317169189453
      ],
      [
         199.5052490234375,
         300.4072265625
      ],
      [
         267.4036560058594,
         300.0173034667969
      ],
      [
         44.30683517456055,
         111.74544525146484
      ],
      [
         45.91676330566406,
         114.92513275146484
      ],
      [
         150.17822265625,
         -0.6441459655761719
      ],
      [
         300.27142333984375,
         222.50706481933594
      ],
      [
         104.25666046142578,
         185.63467407226562
      ],
      [
         203.9361114501953,
         300.8764953613281
      ],
      [
         46.40142059326172,
         109.67049407958984
      ],
      [
         106.12796020507812,
         189.31820678710938
      ]
   ],
   "b1s": [
      0,
      1,
      1,
      0,
      0,
      1,
      1,
      1,
      0,
      0,
      1,
      1,
      0,
      1,
      0,
      0
   ],
   "b2s": [
      1,
      0,
      0,
      1,
      1,
      0,
      0,
      0,
      1,
      1,
      0,
      0,
      1,
      0,
      1,
      1
   ]
}