{
   "angles": [
      0.7325359118876666,
      0.9864272345072845,
      -0.07301163777971237,
      -0.07292491786523266,
      0.7325673953227153,
      0.9898127626651501
   ],
   "dists": [
      130.25637237842153,
      376.47306368560595,
      204.39789290159825,
      207.4978344984066,
      133.55071987942043,
      379.63387748143884
   ],
   "p1s": [
      [
         0.3347601294517517,
         194.40162658691406
      ],
      [
         229.6525115966797,
         299.4746398925781
      ],
      [
         205.01162719726562,
         0.9260082244873047
      ],
      [
         208.11788940429688,
         0.9183341264724731
      ],
      [
         -0.20264731347560883,
         199.91815185546875
      ],
      [
         233.53550720214844,
         300.81561279296875
      ]
   ],
   "p2s": [
      [
         175.0594940185547,
         0.15401355922222137
      ],
      [
         300.894775390625,
         252.35281372070312
      ],
      [
         226.89231872558594,
         300.0810241699219
      ],
      [
         229.96200561523438,
         299.9297180175781
      ],
      [
         179.300537109375,
         0.37079042196273804
      ],
      [
         300.53985595703125,
         256.8222351074219
      ]
   ],
   "b1s": [
      0,
      0,
      0,
      0,
      0,
      0
   ],
   "b2s": [
      0,
      0,
      0,
      0,
      0,
      0
   ]
}