{
   "angles": [
      0.9871146568295059,
      0.9889426090860167,
      -1.3846908274945173,
      -1.384634339023761,
      0.9879678669454275,
      -1.385656071406674,
      -1.3829823845447398,
      0.9856326260430954,
      0.000994078309396421
   ],
   "dists": [
      295.8047358321466,
      295.8979707255612,
      -218.98435399149716,
      -218.8917485565202,
      299.1293686280478,
      -222.39301956014597,
      -221.86010492857602,
      299.13526055781955,
      299.74106242401757
   ],
   "p1s": [
      [
         153.44215393066406,
         253.15536499023438
      ],
      [
         80.713623046875,
         301.0848083496094
      ],
      [
         160.00770568847656,
         252.95909118652344
      ],
      [
         0.8310905694961548,
         222.89682006835938
      ],
      [
         159.2122802734375,
         253.322021484375
      ],
      [
         0.7381867170333862,
         226.39794921875
      ],
      [
         154.763427734375,
         255.2447967529297
      ],
      [
         87.54988098144531,
         300.82989501953125
      ],
      [
         299.4728088378906,
         270.0004577636719
      ]
   ],
   "p2s": [
      [
         300.6264343261719,
         155.94851684570312
      ],
      [
         151.6286163330078,
         254.43544006347656
      ],
      [
         300.1241149902344,
         279.3408203125
      ],
      [
         155.01211547851562,
         251.9357147216797
      ],
      [
         300.2353515625,
         160.3570098876953
      ],
      [
         151.8684539794922,
         254.702392578125
      ],
      [
         300.2113952636719,
         282.88775634765625
      ],
      [
         155.52455139160156,
         255.7916717529297
      ],
      [
         299.5732116699219,
         168.99957275390625
      ]
   ],
   "b1s": [
      1,
      0,
      1,
      0,
      1,
      0,
      1,
      0,
      0
   ],
   "b2s": [
      0,
      1,
      0,
      1,
      0,
      1,
      0,
      1,
      0
   ]
}