{
   "angles": [
      0.7328517877693637,
      0.19870964109772715,
      -0.6658991993985103,
      0.7328623055941724,
      0.19861128683296395,
      -0.6754866599564866,
      -0.05005656045887874
   ],
   "dists": [
      354.0744597751693,
      226.86899593004586,
      -172.30198835143543,
      357.3789324035859,
      230.01287146540307,
      -171.46412756001217,
      -13.438282042132954
   ],
   "p1s": [
      [
         205.7481689453125,
         300.67340087890625
      ],
      [
         170.9733428955078,
         300.19598388671875
      ],
      [
         0.42477965354919434,
         279.451904296875
      ],
      [
         209.9938201904297,
         300.89453125
      ],
      [
         174.1973419189453,
         300.2409973144531
      ],
      [
         0.2831377387046814,
         274.5743713378906
      ],
      [
         1.1231931447982788,
         290.99383544921875
      ]
   ],
   "p2s": [
      [
         300.4757995605469,
         195.42825317382812
      ],
      [
         231.2518768310547,
         0.849354088306427
      ],
      [
         17.114118576049805,
         300.6959533691406
      ],
      [
         300.943359375,
         199.84909057617188
      ],
      [
         234.48533630371094,
         0.6951520442962646
      ],
      [
         21.180696487426758,
         300.65643310546875
      ],
      [
         1.5754528045654297,
         300.0212707519531
      ]
   ],
   "b1s": [
      0,
      0,
      0,
      0,
      0,
      0,
      0
   ],
   "b2s": [
      0,
      0,
      0,
      0,
      0,
      0,
      0
   ]
}