{
   "angles": [
      -0.02862923879125697,
      0.9822425345867448,
      -0.0278995822737619,
      0.9819160079319363,
      -1.570792935347528
   ],
   "dists": [
      281.6467701792378,
      78.83875497066973,
      284.7210761528287,
      82.17335404337068,
      -299.0736355228373
   ],
   "p1s": [
      [
         281.79022216796875,
         0.9773704409599304
      ],
      [
         0.5935550928115845,
         94.39105987548828
      ],
      [
         284.8591613769531,
         0.9760238528251648
      ],
      [
         0.607408881187439,
         98.4122314453125
      ],
      [
         1.0000032186508179,
         299.0736389160156
      ]
   ],
   "p2s": [
      [
         290.3538818359375,
         300.01849365234375
      ],
      [
         141.5417022705078,
         0.31337785720825195
      ],
      [
         293.20458984375,
         300.0221862792969
      ],
      [
         147.5212860107422,
         0.2832869589328766
      ],
      [
         286.0,
         299.0746154785156
      ]
   ],
   "b1s": [
      0,
      0,
      0,
      0,
      0
   ],
   "b2s": [
      0,
      0,
      0,
      0,
      0
   ]
}