{
   "angles": [
      -0.9817838234264625,
      0.9804257563582982,
      0.9812541492045116,
      0.9815640171066243,
      -0.07311915528928768,
      -0.07252133913079287,
      -0.07336485124658979,
      -0.661621277504663,
      -0.07273907059269899,
      0.9803852968901526,
      -0.9784205438165896,
      -0.6609495728547512,
      -1.5508127253813873,
      -1.5605559332211536
   ],
   "dists": [
      -124.59771729868865,
      246.3055477293828,
      245.99298425811762,
      249.4298961740784,
      248.17857936542669,
      248.28847647582685,
      251.14969252044284,
      -39.011847738791836,
      251.2651352592862,
      249.28297093509264,
      -120.91491820499824,
      -35.82825955904039,
      -295.01600296698007,
      -296.2443142454107
   ],
   "p1s": [
      [
         0.2992962896823883,
         150.0487518310547
      ],
      [
         260.813720703125,
         121.72200012207031
      ],
      [
         0.6681869626045227,
         295.5039367675781
      ],
      [
         123.37189483642578,
         217.55636596679688
      ],
      [
         248.91184997558594,
         0.9332067370414734
      ],
      [
         258.318115234375,
         129.04954528808594
      ],
      [
         261.2280578613281,
         127.90974426269531
      ],
      [
         0.13696038722991943,
         63.672054290771484
      ],
      [
         251.99888610839844,
         0.9272131323814392
      ],
      [
         0.7287155389785767,
         299.5951843261719
      ],
      [
         0.3418077826499939,
         145.97799682617188
      ],
      [
         0.20001418888568878,
         58.622093200683594
      ],
      [
         193.98097229003906,
         298.9518737792969
      ],
      [
         280.0089416503906,
         299.1273498535156
      ]
   ],
   "p2s": [
      [
         108.68840026855469,
         222.4663848876953
      ],
      [
         300.67681884765625,
         95.01004791259766
      ],
      [
         108.55708312988281,
         223.3378448486328
      ],
      [
         300.68853759765625,
         99.03005981445312
      ],
      [
         257.79180908203125,
         122.16175079345703
      ],
      [
         270.74407958984375,
         300.09124755859375
      ],
      [
         273.8821716308594,
         300.0821533203125
      ],
      [
         119.2253646850586,
         216.60321044921875
      ],
      [
         260.7496337890625,
         121.01824188232422
      ],
      [
         111.78468322753906,
         225.17091369628906
      ],
      [
         112.40567779541016,
         221.397216796875
      ],
      [
         121.98548126220703,
         215.23365783691406
      ],
      [
         221.01014709472656,
         299.4920959472656
      ],
      [
         300.0068359375,
         299.3321533203125
      ]
   ],
   "b1s": [
      0,
      1,
      0,
      1,
      0,
      1,
      1,
      0,
      0,
      0,
      0,
      0,
      0,
      0
   ],
   "b2s": [
      1,
      0,
      1,
      0,
      1,
      0,
      0,
      1,
      1,
      1,
      1,
      1,
      0,
      0
   ]
}