{
   "angles": [
      -0.9824745586109559,
      0.13363737132128817,
      0.9893600054359535,
      0.19878115150656653,
      0.19867242035249777,
      0.21433604111731933,
      -0.9788869549039805,
      -0.9791100690524323,
      -0.663293598612115,
      0.9892163639118365,
      -0.6625547071950572
   ],
   "dists": [
      43.69529700244604,
      108.81587728325799,
      39.949593521834224,
      108.02633721691834,
      111.17452492210589,
      110.80339714036319,
      43.82424866100782,
      46.94854954164181,
      198.3501594286794,
      43.231906317992205,
      201.5970704426146
   ],
   "p1s": [
      [
         80.76410675048828,
         1.3535889387130737
      ],
      [
         107.91423797607422,
         13.988471984863281
      ],
      [
         0.6089444160461426,
         47.40498733520508
      ],
      [
         49.734107971191406,
         300.14788818359375
      ],
      [
         52.967567443847656,
         300.1947937011719
      ],
      [
         109.87390899658203,
         16.190231323242188
      ],
      [
         109.46864318847656,
         20.790321350097656
      ],
      [
         84.51681518554688,
         0.23092563450336456
      ],
      [
         251.93434143066406,
         0.2699107825756073
      ],
      [
         0.5778733491897583,
         51.357913970947266
      ],
      [
         255.9179229736328,
         0.28382208943367004
      ]
   ],
   "p2s": [
      [
         107.29669952392578,
         19.054227828979492
      ],
      [
         109.68417358398438,
         0.8231027722358704
      ],
      [
         72.46204376220703,
         0.18147407472133636
      ],
      [
         106.39354705810547,
         18.87783432006836
      ],
      [
         109.17046356201172,
         21.034318923950195
      ],
      [
         113.21759033203125,
         0.8296844959259033
      ],
      [
         300.5143127441406,
         149.2350311279297
      ],
      [
         300.4463806152344,
         145.3357391357422
      ],
      [
         300.5906982421875,
         62.53842544555664
      ],
      [
         77.75138092041016,
         0.6218274831771851
      ],
      [
         301.0745544433594,
         58.16162109375
      ]
   ],
   "b1s": [
      0,
      1,
      0,
      0,
      0,
      1,
      1,
      0,
      0,
      0,
      0
   ],
   "b2s": [
      1,
      0,
      0,
      1,
      1,
      0,
      0,
      0,
      0,
      0,
      0
   ]
}