{
   "angles": [
      0.7327841734298269,
      0.9864997603419402,
      0.98622553770158,
      -0.6616629282344547,
      0.22784650509833695,
      0.9886738559201038,
      0.9871027863116169,
      0.7327968737767129,
      -0.9794072095328481,
      -0.6613409990119539,
      0.2019271012863114,
      0.20508150540537146,
      -0.6634670543611941,
      -0.6607399737371736,
      -0.9798198909463439
   ],
   "dists": [
      152.72995605786826,
      291.25375931965516,
      291.1588287280272,
      13.784990881035602,
      175.10132031864015,
      294.40234333384603,
      294.4788849896927,
      155.9741504427122,
      -206.2880680190112,
      13.786005551991082,
      171.35444781515315,
      170.45293187686238,
      16.11078429112385,
      16.923903060750806,
      -203.0494133994185
   ],
   "p1s": [
      [
         0.6044987440109253,
         227.64407348632812
      ],
      [
         194.1830596923828,
         220.7646942138672
      ],
      [
         79.1693115234375,
         296.7446594238281
      ],
      [
         17.77863883972168,
         0.39361658692359924
      ],
      [
         110.12451934814453,
         300.2607421875
      ],
      [
         195.50601196289062,
         223.76876831054688
      ],
      [
         80.03321075439453,
         300.05029296875
      ],
      [
         0.030925309285521507,
         233.12786865234375
      ],
      [
         0.4624681770801544,
         248.8004150390625
      ],
      [
         193.11351013183594,
         225.68991088867188
      ],
      [
         113.47328186035156,
         300.0968933105469
      ],
      [
         164.9097137451172,
         44.18922805786133
      ],
      [
         195.82289123535156,
         224.3567657470703
      ],
      [
         21.75582504272461,
         0.4125046133995056
      ],
      [
         0.4485638737678528,
         244.8218536376953
      ]
   ],
   "p2s": [
      [
         104.77217102050781,
         111.89502716064453
      ],
      [
         300.82135009765625,
         150.24195861816406
      ],
      [
         116.40692901611328,
         272.103759765625
      ],
      [
         104.8099365234375,
         112.14801788330078
      ],
      [
         115.54264831542969,
         276.8939514160156
      ],
      [
         300.4547424316406,
         154.6908721923828
      ],
      [
         192.96603393554688,
         225.46266174316406
      ],
      [
         106.6862564086914,
         114.61760711669922
      ],
      [
         76.90711212158203,
         300.1383056640625
      ],
      [
         251.34344482421875,
         300.510986328125
      ],
      [
         117.84075927734375,
         278.7626953125
      ],
      [
         173.93922424316406,
         0.7793503403663635
      ],
      [
         255.72833251953125,
         300.9940185546875
      ],
      [
         106.58423614501953,
         109.54588317871094
      ],
      [
         79.6812515258789,
         297.98468017578125
      ]
   ],
   "b1s": [
      0,
      1,
      0,
      0,
      0,
      1,
      0,
      0,
      0,
      1,
      0,
      1,
      1,
      0,
      0
   ],
   "b2s": [
      1,
      0,
      1,
      1,
      1,
      0,
      1,
      1,
      0,
      0,
      1,
      0,
      0,
      1,
      0
   ]
}