{
   "angles": [
      -0.0649509082178128,
      -0.06916880384581177,
      -0.05945850169961002,
      -0.05711831231080604,
      -0.06413669946896323,
      -0.06916849593732291,
      -0.054455820316188494,
      -0.020705456260727232,
      -0.05918073513212357,
      -0.06121067922894959,
      -0.060100294508458954,
      -0.05575629978921159,
      -0.060763159245002626,
      0.009236810302024395,
      -1.2227675210894207,
      -0.06868015398096076,
      -0.06706274564531459,
      -1.2289350626322293,
      -0.06831847353677473,
      -1.227633926683562,
      -0.06039529538287266,
      -1.2277208338959313,
      -0.058673683530412045,
      -1.209991718665601,
      -0.06215492439373953,
      -1.211621022811142,
      -0.0806956297649763,
      -0.08153453059876468,
      -0.06292191186508403,
      -1.2266183888846627,
      -1.2082209845179992,
      -1.2113647903805802,
      -0.06480349186519509,
      -1.2243331064558227,
      -1.2255927747268434,
      -0.03982518917827758,
      -0.015954147186216874,
      -1.316674614089706
   ],
   "dists": [
      278.2861611883106,
      278.2427096615944,
      48.56543934799965,
      49.04528506646567,
      272.7773066975712,
      275.7066693181506,
      43.76486564665684,
      289.77757594704235,
      45.90814408297746,
      42.05591802257248,
      51.617808890488504,
      46.71189803994289,
      290.0737685082977,
      296.7688626896295,
      -166.57373842024504,
      57.77660419255013,
      281.5137800760032,
      -161.7962726954094,
      285.3804369357938,
      -170.7883171519424,
      55.61884153222359,
      -214.3214627139685,
      59.743064446703244,
      -216.97786808755635,
      55.256714456399976,
      -159.53359426111598,
      161.90291590627734,
      165.67180007870226,
      170.74155278023008,
      -214.30873767317308,
      65.53007476329996,
      60.009594188831414,
      166.39246484156567,
      -218.58955629208174,
      -170.79944091556288,
      286.1322467293641,
      294.387242806085,
      -238.74787088631692
   ],
   "p1s": [
      [
         278.9352722167969,
         0.9391661286354065
      ],
      [
         280.5696105957031,
         23.960538864135742
      ],
      [
         48.708431243896484,
         0.9578281044960022
      ],
      [
         60.33495330810547,
         196.03802490234375
      ],
      [
         273.39776611328125,
         0.9102290868759155
      ],
      [
         276.429931640625,
         0.90093594789505
      ],
      [
         54.841270446777344,
         202.00865173339844
      ],
      [
         294.25048828125,
         212.99481201171875
      ],
      [
         46.04423904418945,
         0.9381288886070251
      ],
      [
         42.1916389465332,
         0.9269676804542542
      ],
      [
         51.76856231689453,
         0.9537535309791565
      ],
      [
         57.89195251464844,
         199.0060272216797
      ],
      [
         290.66845703125,
         0.9593316316604614
      ],
      [
         294.01031494140625,
         300.00933837890625
      ],
      [
         0.8204401135444641,
         177.49493408203125
      ],
      [
         71.9415054321289,
         203.93524169921875
      ],
      [
         282.209716796875,
         0.9187520742416382
      ],
      [
         70.11294555664062,
         196.68258666992188
      ],
      [
         286.5970153808594,
         8.02757453918457
      ],
      [
         0.4550503194332123,
         181.5251922607422
      ],
      [
         55.7744140625,
         0.8927031755447388
      ],
      [
         0.7018396854400635,
         227.834716796875
      ],
      [
         59.89823913574219,
         0.8884953856468201
      ],
      [
         0.24455952644348145,
         232.00210571289062
      ],
      [
         67.74937438964844,
         199.01559448242188
      ],
      [
         0.7422425746917725,
         170.68650817871094
      ],
      [
         182.64508056640625,
         249.9478302001953
      ],
      [
         186.72314453125,
         250.85919189453125
      ],
      [
         171.14254760742188,
         0.9910182952880859
      ],
      [
         78.68953704833984,
         255.8661346435547
      ],
      [
         183.55259704589844,
         -0.45672401785850525
      ],
      [
         174.7857208251953,
         1.5702557563781738
      ],
      [
         166.79977416992188,
         0.8832043409347534
      ],
      [
         77.1827392578125,
         260.26373291015625
      ],
      [
         186.44186401367188,
         248.55210876464844
      ],
      [
         296.28057861328125,
         248.9888153076172
      ],
      [
         298.93988037109375,
         282.9850158691406
      ],
      [
         191.17529296875,
         296.3251037597656
      ]
   ],
   "p2s": [
      [
         280.3038330078125,
         21.980234146118164
      ],
      [
         293.3919372558594,
         209.04212951660156
      ],
      [
         60.139949798583984,
         192.99166870117188
      ],
      [
         66.28189849853516,
         300.0410461425781
      ],
      [
         290.94537353515625,
         274.1319580078125
      ],
      [
         295.490966796875,
         276.0352783203125
      ],
      [
         60.188133239746094,
         300.0987548828125
      ],
      [
         294.8309326171875,
         241.0242156982422
      ],
      [
         57.127193450927734,
         187.99246215820312
      ],
      [
         53.7229118347168,
         189.07826232910156
      ],
      [
         69.76385498046875,
         300.01422119140625
      ],
      [
         63.53341293334961,
         300.08184814453125
      ],
      [
         299.8580017089844,
         152.00863647460938
      ],
      [
         294.11199951171875,
         289.00103759765625
      ],
      [
         57.03953552246094,
         197.89102172851562
      ],
      [
         78.5611801147461,
         300.1677551269531
      ],
      [
         299.94207763671875,
         264.9367370605469
      ],
      [
         298.3877868652344,
         277.9101867675781
      ],
      [
         299.1891174316406,
         192.05548095703125
      ],
      [
         54.995548248291016,
         201.01246643066406
      ],
      [
         67.27628326416016,
         191.10423278808594
      ],
      [
         55.5606803894043,
         247.43035888671875
      ],
      [
         71.29953002929688,
         194.98240661621094
      ],
      [
         56.31713104248047,
         253.15951538085938
      ],
      [
         74.04173278808594,
         300.12188720703125
      ],
      [
         53.77532196044922,
         190.59840393066406
      ],
      [
         186.20628356933594,
         293.9833068847656
      ],
      [
         190.41575622558594,
         296.0477294921875
      ],
      [
         186.02017211914062,
         237.12474060058594
      ],
      [
         185.0087127685547,
         293.9756774902344
      ],
      [
         274.3800048828125,
         33.998294830322266
      ],
      [
         274.59625244140625,
         39.07447052001953
      ],
      [
         181.99685668945312,
         235.06509399414062
      ],
      [
         187.028564453125,
         299.9208984375
      ],
      [
         293.359619140625,
         287.0
      ],
      [
         297.1971740722656,
         271.99212646484375
      ],
      [
         299.1156005859375,
         293.9981689453125
      ],
      [
         207.83087158203125,
         300.65118408203125
      ]
   ],
   "b1s": [
      0,
      1,
      0,
      1,
      0,
      0,
      1,
      0,
      0,
      0,
      0,
      1,
      0,
      0,
      0,
      1,
      0,
      1,
      0,
      0,
      0,
      0,
      0,
      0,
      1,
      0,
      1,
      1,
      0,
      1,
      0,
      0,
      0,
      1,
      1,
      0,
      0,
      0
   ],