{
   "angles": [
      0.9965849843203862,
      0.9987628550427923,
      1.0003535343458507,
      0.9997341887479788,
      -1.5350320700635578,
      0.9809510086492848,
      0.9900353154119937,
      0.9996331361077236,
      0.9838772026671833,
      0.9967447370961093,
      0.9880776156080893,
      1.0211250370580374,
      -0.07549942652593782,
      -0.058597395509858596,
      0.9506657134462263,
      -0.030081747474320655,
      -0.12995974263636884,
      0.3515307892203234,
      -0.1910868397277018,
      -0.04823104058110044
   ],
   "dists": [
      218.69404225037908,
      232.25398785356347,
      245.63981380942224,
      196.27562758628784,
      -155.30533622375282,
      70.21527377537994,
      83.82598217407559,
      236.56377639270255,
      225.7743242546681,
      208.36851693909557,
      238.2549606132779,
      28.108752226823235,
      237.44175838809554,
      196.50411680189958,
      20.983361489405958,
      9.885986977116927,
      -13.009126923940606,
      317.83335391748085,
      -24.111763821224105,
      209.4326965179606
   ],
   "p1s": [
      [
         0.46215400099754333,
         260.1686096191406
      ],
      [
         0.3560842275619507,
         275.9998779296875
      ],
      [
         1.095140814781189,
         291.1482849121094
      ],
      [
         14.843473434448242,
         223.75636291503906
      ],
      [
         284.9784851074219,
         165.60110473632812
      ],
      [
         -0.006369428709149361,
         84.4964599609375
      ],
      [
         -0.0969395861029625,
         100.3284912109375
      ],
      [
         0.34275510907173157,
         280.97723388671875
      ],
      [
         252.48367309570312,
         103.22367858886719
      ],
      [
         0.7708228826522827,
         247.64561462402344
      ],
      [
         252.3582000732422,
         119.02618408203125
      ],
      [
         19.144392013549805,
         21.23568344116211
      ],
      [
         252.62286376953125,
         191.7259521484375
      ],
      [
         197.42713928222656,
         9.97494125366211
      ],
      [
         0.5602812767028809,
         25.384239196777344
      ],
      [
         9.919719696044922,
         0.9723249673843384
      ],
      [
         4.643941879272461,
         135.91583251953125
      ],
      [
         295.2272033691406,
         118.08332061767578
      ],
      [
         31.707847595214844,
         290.8630676269531
      ],
      [
         209.96621704101562,
         6.0016303062438965
      ]
   ],
   "p2s": [
      [
         298.311767578125,
         67.4819107055664
      ],
      [
         300.4901123046875,
         82.76123809814453
      ],
      [
         300.16949462890625,
         99.26416778564453
      ],
      [
         291.15216064453125,
         46.23685836791992
      ],
      [
         300.0307922363281,
         166.13967895507812
      ],
      [
         127.68187713623047,
         -0.9693129658699036
      ],
      [
         153.17495727539062,
         -0.25719839334487915
      ],
      [
         249.33816528320312,
         120.9700927734375
      ],
      [
         300.2861022949219,
         71.43016052246094
      ],
      [
         133.5166778564453,
         161.79893493652344
      ],
      [
         300.2882385253906,
         87.43737030029297
      ],
      [
         53.501670837402344,
         0.18660414218902588
      ],
      [
         260.50189208984375,
         295.8863830566406
      ],
      [
         198.36598205566406,
         25.97852897644043
      ],
      [
         36.8878059387207,
         -0.5574629306793213
      ],
      [
         10.19119644165039,
         9.994246482849121
      ],
      [
         6.733552932739258,
         151.9041290283203
      ],
      [
         299.3760986328125,
         106.77117156982422
      ],
      [
         33.494285583496094,
         300.09783935546875
      ],
      [
         210.45010375976562,
         16.02654266357422
      ]
   ],
   "b1s": [
      0,
      0,
      0,
      1,
      1,
      0,
      0,
      0,
      1,
      0,
      1,
      1,
      1,
      0,
      0,
      0,
      0,
      0,
      1,
      0
   ],
   "b2s": [
      0,
      0,
      0,
      0,
      0,
      0,
      0,
      1,
      0,
      1,
      0,
      0,
      0,
      1,
      0,
      0,
      0,
      0,
      0,
      1
   ]
}