{
   "angles": [
      -0.07885968810896177,
      0.9639211343019423,
      -0.07182715919301787,
      -0.05867615169173351,
      -0.0989033091191081,
      0.9911044320579457,
      0.9705882123886308,
      -0.09883735774896048,
      -0.12250796990718123,
      -0.13586375695889877
   ],
   "dists": [
      95.43898020681681,
      241.649489143674,
      244.3342696881233,
      17.62393544719142,
      259.0263830859498,
      184.2590265811249,
      204.9419463235331,
      259.2314417067737,
      163.83698015995597,
      162.06881031422148
   ],
   "p1s": [
      [
         95.80426788330078,
         0.8574200868606567
      ],
      [
         6.681480407714844,
         289.54119873046875
      ],
      [
         265.827392578125,
         289.9404602050781
      ],
      [
         33.041542053222656,
         261.9388122558594
      ],
      [
         260.35479736328125,
         0.5678857564926147
      ],
      [
         -0.10699796676635742,
         220.30923461914062
      ],
      [
         5.646782875061035,
         244.4839324951172
      ],
      [
         278.9471740722656,
         186.00523376464844
      ],
      [
         189.80992126464844,
         200.90028381347656
      ],
      [
         163.7181854248047,
         1.0385253429412842
      ]
   ],
   "p2s": [
      [
         119.45323944091797,
         300.1222229003906
      ],
      [
         25.59187889099121,
         276.4121398925781
      ],
      [
         266.5534973144531,
         300.0321350097656
      ],
      [
         35.279876708984375,
         300.04229736328125
      ],
      [
         265.954833984375,
         57.00448226928711
      ],
      [
         21.92445945739746,
         205.88462829589844
      ],
      [
         23.963747024536133,
         231.94703674316406
      ],
      [
         290.25823974609375,
         300.07354736328125
      ],
      [
         201.26870727539062,
         293.9669189453125
      ],
      [
         187.20384216308594,
         172.83543395996094
      ]
   ],
   "b1s": [
      0,
      0,
      1,
      1,
      0,
      0,
      0,
      1,
      1,
      0
   ],
   "b2s": [
      0,
      1,
      0,
      0,
      1,
      1,
      1,
      0,
      0,
      1
   ]
}