{
   "angles": [
      0.9982764692728624,
      0.9986361726855403,
      0.9927371642572971,
      0.9994461888453068,
      -0.05826022492436266,
      0.9987318715629969,
      -0.07178352235771893,
      0.9969159166294762,
      1.0002794070111432,
      1.0076950981502975,
      0.9691863361548672,
      -0.09617402803628297,
      1.0526097787116964,
      -0.12796365602773752,
      -0.13517779301171612
   ],
   "dists": [
      142.0732172845857,
      129.02001502111062,
      107.48173364494541,
      155.17467096963844,
      78.38556768445208,
      146.40036942561184,
      154.99721521810233,
      146.76253990624153,
      133.0514703092482,
      119.44912902233733,
      70.94242712857633,
      30.6261268800667,
      137.19098687301783,
      211.1780399941364,
      44.122023064439496
   ],
   "p1s": [
      [
         0.2631790339946747,
         168.85679626464844
      ],
      [
         0.46160367131233215,
         153.16400146484375
      ],
      [
         0.8536590337753296,
         127.77568817138672
      ],
      [
         0.013631853275001049,
         184.46568298339844
      ],
      [
         89.35604858398438,
         185.80426025390625
      ],
      [
         0.30791693925857544,
         173.92514038085938
      ],
      [
         164.86399841308594,
         131.65023803710938
      ],
      [
         190.67425537109375,
         51.49610137939453
      ],
      [
         187.2955322265625,
         37.90217590332031
      ],
      [
         0.3805621564388275,
         141.0187530517578
      ],
      [
         49.87196350097656,
         51.81349563598633
      ],
      [
         55.75673294067383,
         259.0234680175781
      ],
      [
         0.29140859842300415,
         157.7572021484375
      ],
      [
         231.83563232421875,
         147.02114868164062
      ],
      [
         45.070953369140625,
         3.990349769592285
      ]
   ],
   "p2s": [
      [
         262.3238830566406,
         -0.04902751371264458
      ],
      [
         237.6287384033203,
         0.4235362708568573
      ],
      [
         197.15696716308594,
         -0.29220086336135864
      ],
      [
         285.8236083984375,
         0.7256028652191162
      ],
      [
         96.01998901367188,
         300.0571594238281
      ],
      [
         102.0000991821289,
         108.44707489013672
      ],
      [
         176.97483825683594,
         300.07373046875
      ],
      [
         270.3475646972656,
         -0.009245608933269978
      ],
      [
         247.06741333007812,
         -0.4533159136772156
      ],
      [
         34.62275695800781,
         119.40241241455078
      ],
      [
         123.9647216796875,
         0.9486091732978821
      ],
      [
         59.721702575683594,
         300.1233215332031
      ],
      [
         21.733190536499023,
         145.53204345703125
      ],
      [
         251.51046752929688,
         299.934326171875
      ],
      [
         46.843257904052734,
         17.021318435668945
      ]
   ],
   "b1s": [
      0,
      0,
      0,
      0,
      1,
      0,
      1,
      1,
      1,
      0,
      1,
      1,
      0,
      1,
      0
   ],
   "b2s": [
      0,
      0,
      0,
      0,
      0,
      1,
      0,
      0,
      0,
      1,
      0,
      0,
      1,
      0,
      1
   ]
}