{
   "angles": [
      -0.1033514665761347,
      0.9763224129011479,
      -0.10087184113220753,
      0.9848610201284128,
      0.9819692883735408,
      0.9587685544786043,
      0.976482443036478,
      0.9796906965761523,
      0.9819225918874445,
      -0.08949616071764005,
      -0.023406776088872507,
      0.9546714513411665,
      0.9618748529211358,
      -0.13501202203715573,
      -0.022525221918209857
   ],
   "dists": [
      88.54542789731696,
      164.19610499423135,
      154.62260850296386,
      335.46417191289476,
      321.43254577516154,
      75.90097116577766,
      236.14539794258857,
      241.52255873072107,
      233.00518103771645,
      73.40162228791277,
      184.83856102696853,
      162.23195592740458,
      175.63348553345668,
      206.70654344686915,
      1.8953898438069192
   ],
   "p1s": [
      [
         89.11219787597656,
         0.8846418261528015
      ],
      [
         179.10496520996094,
         77.11360931396484
      ],
      [
         155.49847412109375,
         0.84833163022995
      ],
      [
         152.10916137695312,
         301.67120361328125
      ],
      [
         128.4805908203125,
         300.7196044921875
      ],
      [
         112.25426483154297,
         13.937602996826172
      ],
      [
         7.818943023681641,
         279.73211669921875
      ],
      [
         6.157393932342529,
         286.7445373535156
      ],
      [
         0.7839718461036682,
         279.67657470703125
      ],
      [
         74.41912841796875,
         8.052124977111816
      ],
      [
         184.93551635742188,
         1.9780980348587036
      ],
      [
         0.5639405846595764,
         198.38417053222656
      ],
      [
         241.2341766357422,
         45.90174102783203
      ],
      [
         246.62806701660156,
         279.9146728515625
      ],
      [
         8.496624946594238,
         292.9888000488281
      ]
   ],
   "p2s": [
      [
         101.25675964355469,
         117.9733657836914
      ],
      [
         291.9027404785156,
         0.8561452627182007
      ],
      [
         163.10391235351562,
         75.98948669433594
      ],
      [
         300.6995544433594,
         203.05404663085938
      ],
      [
         289.9295959472656,
         192.8945770263672
      ],
      [
         132.2360076904297,
         -0.08840072900056839
      ],
      [
         44.12998962402344,
         255.1923370361328
      ],
      [
         47.380672454833984,
         259.07720947265625
      ],
      [
         19.69725799560547,
         267.0439147949219
      ],
      [
         76.21548461914062,
         28.070398330688477
      ],
      [
         185.66195678710938,
         33.00791549682617
      ],
      [
         66.30101776123047,
         151.83740234375
      ],
      [
         296.5380554199219,
         7.337544918060303
      ],
      [
         248.53158569335938,
         293.92779541015625
      ],
      [
         8.654755592346191,
         300.0077819824219
      ]
   ],
   "b1s": [
      0,
      1,
      0,
      0,
      0,
      1,
      0,
      0,
      0,
      0,
      0,
      0,
      1,
      1,
      0
   ],
   "b2s": [
      1,
      0,
      1,
      0,
      1,
      0,
      1,
      1,
      1,
      1,
      1,
      1,
      0,
      0,
      0
   ]
}