{
   "angles": [
      0.9598998207876821,
      0.9644841490623941,
      0.9582482321698242,
      0.9607101060439995,
      0.9562765366919678,
      0.965627645731433,
      0.9538376523421902,
      0.9157963584331321,
      0.9067469467317442,
      1.0121437248214078,
      -0.07312835171927304,
      0.9598207519350338,
      0.9685532370881698,
      0.9475132087202436,
      0.9487671213244707,
      1.0161120098620775,
      0.9739552565392907,
      0.9621620257640777,
      0.9200732365858811,
      0.9047297948388674,
      0.9255912519166309,
      0.9495587810338848,
      0.9598105449995993,
      0.9680755287617469
   ],
   "dists": [
      113.44455224632334,
      145.33832631509904,
      124.28024716838922,
      36.735383353346045,
      130.7946529567812,
      54.72723167145184,
      81.2841381970461,
      168.86010185689898,
      182.95078292764043,
      150.71008680168055,
      2.7431180349657556,
      70.18507129217616,
      393.4571149401862,
      242.16209654706947,
      102.3537612021916,
      134.85339871787843,
      339.42567630054566,
      101.11201619446096,
      49.45415281742161,
      147.5754874745534,
      405.5907461476892,
      345.25201212375305,
      137.4228469792095,
      219.1831076624033
   ],
   "p1s": [
      [
         -0.03697362169623375,
         138.51914978027344
      ],
      [
         117.28778076171875,
         95.53084564208984
      ],
      [
         0.6211509704589844,
         151.46087646484375
      ],
      [
         0.11819485574960709,
         44.738563537597656
      ],
      [
         111.55091094970703,
         81.36360168457031
      ],
      [
         -0.004274324513971806,
         66.5482177734375
      ],
      [
         3.249478816986084,
         97.35171508789062
      ],
      [
         5.669913291931152,
         208.5702667236328
      ],
      [
         0.7742905020713806,
         231.7115936279297
      ],
      [
         0.1484372615814209,
         177.6376495361328
      ],
      [
         18.72775650024414,
         218.09320068359375
      ],
      [
         0.5237258672714233,
         85.3199691772461
      ],
      [
         266.28009033203125,
         294.407470703125
      ],
      [
         0.7737445831298828,
         297.6852722167969
      ],
      [
         108.42829895019531,
         48.2026252746582
      ],
      [
         0.11309996992349625,
         158.5685272216797
      ],
      [
         171.08221435546875,
         294.1209716796875
      ],
      [
         0.3179018795490265,
         123.02122497558594
      ],
      [
         69.3003158569336,
         9.394457817077637
      ],
      [
         214.25111389160156,
         19.31953239440918
      ],
      [
         274.67626953125,
         300.8984680175781
      ],
      [
         270.15191650390625,
         231.21224975585938
      ],
      [
         0.095979705452919,
         167.70925903320312
      ],
      [
         0.7088565826416016,
         265.576904296875
      ]
   ],
   "p2s": [
      [
         198.12733459472656,
         -0.24620985984802246
      ],
      [
         245.6068115234375,
         6.548835754394531
      ],
      [
         215.5814208984375,
         0.40433844923973083
      ],
      [
         64.91249084472656,
         -0.5556972026824951
      ],
      [
         226.47940063476562,
         0.26226747035980225
      ],
      [
         94.91992950439453,
         0.8842534422874451
      ],
      [
         133.149169921875,
         5.210293292999268
      ],
      [
         21.529829025268555,
         196.3878936767578
      ],
      [
         18.111886978149414,
         218.14295959472656
      ],
      [
         34.75399398803711,
         156.00662231445312
      ],
      [
         24.734954833984375,
         300.0926818847656
      ],
      [
         121.64354705810547,
         0.49104905128479004
      ],
      [
         300.5729064941406,
         270.8334045410156
      ],
      [
         20.594812393188477,
         283.4363708496094
      ],
      [
         174.75009155273438,
         0.651442289352417
      ],
      [
         34.531558990478516,
         137.24392700195312
      ],
      [
         236.00405883789062,
         250.0059814453125
      ],
      [
         33.78824996948242,
         99.69615173339844
      ],
      [
         81.38578033447266,
         0.19324785470962524
      ],
      [
         237.21466064453125,
         1.2731412649154663
      ],
      [
         300.4027099609375,
         281.5350646972656
      ],
      [
         300.8744812011719,
         209.22169494628906
      ],
      [
         18.750553131103516,
         154.6438446044922
      ],
      [
         14.201178550720215,
         256.2923278808594
      ]
   ],
   "b1s": [
      0,
      1,
      0,
      0,
      1,
      0,
      0,
      0,
      0,
      0,
      1,
      0,
      0,
      0,
      1,
      0,
      0,
      0,
      0,
      1,
      0,
      1,
      0,
      0
   ],
   "b2s": [
      0,
      0,
      0,
      0,
      0,
      0,
      0,
      1,
      1,
      1,
      0,
      0,
      0,
      1,
      0,
      1,
      1,
      1,
      0,
      0,
      0,
      0,
      1,
      1
   ]
}