{
   "angles": [
      -0.09306711525461293,
      -0.05044389810557761,
      -0.10325408425376346,
      1.0047658876005046,
      1.036664724579328,
      0.9913118892899585,
      1.017299792119479,
      1.0310970784781497,
      1.0140579152547344,
      0.9941506144532698,
      -0.13355435084345546,
      1.0229091815881994,
      1.0086844484841093,
      1.0845998607509597,
      -0.09180411945411508,
      -0.11099748314729989,
      -0.14371003720725067,
      -0.11371219747361215,
      1.0421667583681313,
      -0.05260133958600341,
      -0.15473031210939903,
      -0.24797538408517483
   ],
   "dists": [
      34.93714176439716,
      48.27412207303588,
      119.25228207030442,
      331.953307683259,
      193.4257124170704,
      22.626153106444413,
      172.41472686535505,
      266.963981657154,
      264.02408357245275,
      241.703610532266,
      287.95096527973055,
      348.6717646587812,
      338.9466645031156,
      346.008545829476,
      274.1725194701629,
      -5.329621005846974,
      263.62445950459255,
      256.1067643738774,
      353.55576152912585,
      268.3719726851113,
      203.12620490939617,
      190.22226233579661
   ],
   "p1s": [
      [
         35.180755615234375,
         0.9831289052963257
      ],
      [
         61.967105865478516,
         270.00164794921875
      ],
      [
         119.97325134277344,
         0.7955267429351807
      ],
      [
         281.7922058105469,
         214.24684143066406
      ],
      [
         266.47528076171875,
         67.11288452148438
      ],
      [
         0.7187803387641907,
         26.570283889770508
      ],
      [
         258.3887023925781,
         43.01070785522461
      ],
      [
         264.9058837890625,
         152.51226806640625
      ],
      [
         26.361513137817383,
         294.580810546875
      ],
      [
         276.375244140625,
         108.57695770263672
      ],
      [
         290.6429443359375,
         0.7792619466781616
      ],
      [
         279.0946350097656,
         238.15509033203125
      ],
      [
         159.9101104736328,
         299.8572998046875
      ],
      [
         172.18865966796875,
         300.3569641113281
      ],
      [
         275.41204833984375,
         0.8700048923492432
      ],
      [
         2.1158852577209473,
         67.09854125976562
      ],
      [
         266.4839782714844,
         0.7852573394775391
      ],
      [
         285.7420349121094,
         244.91525268554688
      ],
      [
         200.7098388671875,
         292.21533203125
      ],
      [
         282.481201171875,
         260.9220275878906
      ],
      [
         249.09750366210938,
         278.98480224609375
      ],
      [
         267.5855407714844,
         281.85174560546875
      ]
   ],
   "p2s": [
      [
         51.04914855957031,
         170.9954071044922
      ],
      [
         63.4854850769043,
         300.07647705078125
      ],
      [
         148.38291931152344,
         274.9603271484375
      ],
      [
         300.3068542480469,
         202.48297119140625
      ],
      [
         293.9266357421875,
         50.875953674316406
      ],
      [
         33.661834716796875,
         5.01131010055542
      ],
      [
         291.2135925292969,
         22.72735023498535
      ],
      [
         301.0977478027344,
         130.8325958251953
      ],
      [
         61.18601989746094,
         272.905517578125
      ],
      [
         297.074462890625,
         95.11450958251953
      ],
      [
         293.6349792480469,
         23.049039840698242
      ],
      [
         300.17724609375,
         225.2904510498047
      ],
      [
         189.24069213867188,
         281.3821105957031
      ],
      [
         192.73475646972656,
         289.49810791015625
      ],
      [
         277.8191833496094,
         27.01664924621582
      ],
      [
         8.452251434326172,
         123.94959259033203
      ],
      [
         270.2717590332031,
         26.960676193237305
      ],
      [
         291.0179443359375,
         291.1121520996094
      ],
      [
         281.13922119140625,
         245.23834228515625
      ],
      [
         284.2221374511719,
         293.9883117675781
      ],
      [
         252.39022827148438,
         300.0951232910156
      ],
      [
         271.6334533691406,
         297.8396301269531
      ]
   ],
   "b1s": [
      0,
      1,
      0,
      1,
      1,
      0,
      1,
      1,
      0,
      1,
      0,
      1,
      0,
      0,
      0,
      0,
      0,
      1,
      0,
      1,
      1,
      1
   ],
   "b2s": [
      1,
      0,
      1,
      0,
      0,
      0,
      0,
      0,
      1,
      0,
      0,
      0,
      1,
      1,
      1,
      0,
      1,
      0,
      1,
      0,
      0,
      0
   ]
}