{
   "angles": [
      -0.06128366027368805,
      -0.06331300757251541,
      0.9383735938362658,
      -1.1888898697393868,
      -1.206512490993802,
      -1.190578992574278,
      -0.06172521632221761,
      -0.06340735218147675,
      0.941882785456872,
      -0.05728337262845787,
      0.9459803896117916,
      -1.20767489682935,
      -1.2096864365568563,
      -0.05252967758208686,
      -1.2135431357129818,
      -1.225958824393373,
      -0.05851366927228765,
      -0.07392244200840636,
      -1.1977784340334032,
      -1.1726805226543697,
      0.8960279035204395,
      -1.1866768670857557,
      0.9408230799585746,
      -1.2176710096620478,
      -1.2052991939601603,
      -1.208840514660327,
      -1.190669434960632,
      -0.0278753886358872,
      0.052763457729039266,
      -0.018402408583190144,
      -1.0437673416520798
   ],
   "dists": [
      30.01504173569613,
      26.809800061265136,
      209.8801834847779,
      0.17581885394269625,
      -2.9090355151520835,
      3.0508630609724525,
      23.923309748727682,
      36.56828533949153,
      197.4883613277876,
      42.108158310974616,
      234.14018009148373,
      -175.06513119982802,
      -6.626343428116173,
      150.61450780389308,
      -175.72790173177307,
      -223.743488321937,
      33.84826563867347,
      148.50313670710676,
      1.6047060078415427,
      0.24222625718574875,
      250.221740384594,
      -163.42090696614923,
      221.0009963479623,
      -217.81009762548416,
      -215.98054700590197,
      -222.21668661737843,
      11.25895856212968,
      274.02837560716955,
      288.31345068536007,
      273.47413159131,
      -101.03599029178312
   ],
   "p1s": [
      [
         42.40343475341797,
         200.97525024414062
      ],
      [
         39.47385025024414,
         198.90655517578125
      ],
      [
         241.7589111328125,
         83.03559875488281
      ],
      [
         2.9946718215942383,
         1.0132660865783691
      ],
      [
         0.5024338364601135,
         3.3049139976501465
      ],
      [
         9.237276077270508,
         0.4063132703304291
      ],
      [
         36.332252502441406,
         200.04127502441406
      ],
      [
         49.52875900268555,
         202.9664306640625
      ],
      [
         228.34739685058594,
         78.1028823852539
      ],
      [
         54.0412712097168,
         206.8829345703125
      ],
      [
         270.92755126953125,
         93.28612518310547
      ],
      [
         56.357418060302734,
         208.69113159179688
      ],
      [
         0.5171536207199097,
         7.278484344482422
      ],
      [
         164.0692596435547,
         251.94378662109375
      ],
      [
         0.363027960062027,
         187.7064666748047
      ],
      [
         0.3324451148509979,
         237.85850524902344
      ],
      [
         45.73703384399414,
         201.95681762695312
      ],
      [
         167.56915283203125,
         251.95785522460938
      ],
      [
         169.1991729736328,
         64.49105072021484
      ],
      [
         278.97235107421875,
         117.06573486328125
      ],
      [
         279.1144714355469,
         97.14306640625
      ],
      [
         0.41985568404197693,
         176.435302734375
      ],
      [
         256.5856018066406,
         86.43161010742188
      ],
      [
         0.5125691890716553,
         232.32247924804688
      ],
      [
         59.593624114990234,
         254.06187438964844
      ],
      [
         61.639678955078125,
         260.9516296386719
      ],
      [
         30.3919734954834,
         0.01898285374045372
      ],
      [
         282.303466796875,
         292.9636535644531
      ],
      [
         272.86907958984375,
         300.0458984375
      ],
      [
         278.8949279785156,
         292.02032470703125
      ],
      [
         294.0057373046875,
         287.9901428222656
      ]
   ],
   "p2s": [
      [
         48.48534393310547,
         300.0929260253906
      ],
      [
         45.88741683959961,
         300.0705261230469
      ],
      [
         300.6458740234375,
         39.8813591003418
      ],
      [
         29.18756103515625,
         11.53299617767334
      ],
      [
         27.737079620361328,
         13.689536094665527
      ],
      [
         159.77224731445312,
         60.569847106933594
      ],
      [
         42.515743255615234,
         300.09173583984375
      ],
      [
         55.69491958618164,
         300.0828552246094
      ],
      [
         300.94146728515625,
         25.294187545776367
      ],
      [
         59.386478424072266,
         300.092529296875
      ],
      [
         301.1001892089844,
         71.5254898071289
      ],
      [
         272.99700927734375,
         291.0078430175781
      ],
      [
         24.4959659576416,
         16.334585189819336
      ],
      [
         166.2852325439453,
         294.09014892578125
      ],
      [
         35.3419075012207,
         200.76304626464844
      ],
      [
         39.08034133911133,
         251.77633666992188
      ],
      [
         51.485652923583984,
         300.0887145996094
      ],
      [
         170.98448181152344,
         298.0751953125
      ],
      [
         300.4484558105469,
         115.85404205322266
      ],
      [
         300.3897399902344,
         126.0733413696289
      ],
      [
         300.6993713378906,
         79.87418365478516
      ],
      [
         39.84938430786133,
         192.37261962890625
      ],
      [
         300.8470153808594,
         54.16178512573242
      ],
      [
         38.603759765625,
         246.36192321777344
      ],
      [
         165.20025634765625,
         294.4766845703125
      ],
      [
         166.7201690673828,
         300.7390441894531
      ],
      [
         226.28387451171875,
         78.28953552246094
      ],
      [
         282.5008239746094,
         300.04180908203125
      ],
      [
         273.3486328125,
         290.9656066894531
      ],
      [
         279.0421142578125,
         300.01763916015625
      ],
      [
         300.6614685058594,
         291.86334228515625
      ]
   ],
   "b1s": [
      1,
      1,
      1,
      0,
      0,
      0,
      1,
      1,
      1,
      1,
      1,
      1,
      0,
      1,
      0,
      0,
      1,
      1,
      1,
      1,
      1,
      0,
      1,
      0,
      1,
      1,
      0,
      0,
      0,
      0,
      0
   ],
   "b2s": [
      0,
      0,
      0,
      1,
      1,
      1,
      0,
      0,
      0,
      0,
      0,
      0,
      1,
      0,
      1,
      1,
      0,
      0,
      0,
      0,
      0,
      1,
      0,
      1,
      0,
      0,
      1,
      0,
      1,
      0,
      0
   ]
}