{
   "angles": [
      -0.08095443912486427,
      -0.07578679015832067,
      -0.07787872188233323,
      -0.07217405425354075,
      -0.08384555676680373,
      -0.08535416409447509,
      -0.025891825013868115,
      -1.2505776591333133,
      -1.2663607119981501,
      -0.08364150203579773,
      -1.2509019396625103,
      -0.10601986594400115,
      -0.07335604738271759,
      -0.02545477913056065
   ],
   "dists": [
      175.38509857199364,
      137.41451248674107,
      140.4760268059404,
      95.67366291904871,
      59.203108529915475,
      93.27596449688767,
      53.18357875660901,
      -271.2913517544264,
      -241.80344933635217,
      251.34141103706145,
      -263.82295507684057,
      249.598606915749,
      71.67689274944807,
      183.85573337015248
   ],
   "p1s": [
      [
         176.0356903076172,
         0.9159725904464722
      ],
      [
         155.65614318847656,
         235.02610778808594
      ],
      [
         159.1566162109375,
         233.9097442626953
      ],
      [
         95.98531341552734,
         0.8564627170562744
      ],
      [
         59.49238586425781,
         0.958618700504303
      ],
      [
         105.94542694091797,
         144.09022521972656
      ],
      [
         53.40831756591797,
         7.9894256591796875
      ],
      [
         0.3569738566875458,
         285.93896484375
      ],
      [
         120.525390625,
         291.3278503417969
      ],
      [
         252.3881072998047,
         1.9674628973007202
      ],
      [
         0.6257821321487427,
         278.129638671875
      ],
      [
         258.4521789550781,
         69.9518814086914
      ],
      [
         72.46099090576172,
         8.039610862731934
      ],
      [
         190.73818969726562,
         267.981201171875
      ]
   ],
   "p2s": [
      [
         200.31201171875,
         300.136962890625
      ],
      [
         160.59783935546875,
         300.1064758300781
      ],
      [
         164.31822204589844,
         300.0531921386719
      ],
      [
         101.57023620605469,
         78.1033706665039
      ],
      [
         64.7920150756836,
         64.0174789428711
      ],
      [
         118.60379028320312,
         292.0339050292969
      ],
      [
         53.87483215332031,
         26.00324249267578
      ],
      [
         45.67861557006836,
         300.9690856933594
      ],
      [
         150.7417449951172,
         300.8219299316406
      ],
      [
         256.9186096191406,
         56.0068244934082
      ],
      [
         69.66824340820312,
         301.0014953613281
      ],
      [
         282.8179626464844,
         298.9129638671875
      ],
      [
         75.90711212158203,
         54.9333381652832
      ],
      [
         191.37557983398438,
         293.0158996582031
      ]
   ],
   "b1s": [
      0,
      1,
      1,
      0,
      0,
      1,
      0,
      0,
      0,
      0,
      0,
      1,
      0,
      1
   ],
   "b2s": [
      0,
      0,
      0,
      1,
      1,
      0,
      1,
      0,
      0,
      1,
      0,
      0,
      1,
      0
   ]
}