{
   "angles": [
      0.9963191101989508,
      -0.058604089220944705,
      -0.08644990126610204,
      0.980556604120219,
      0.9640551576516909,
      0.9678121303399325,
      0.9887357619977943,
      1.0042897613556134,
      0.9843207574715764,
      0.9987176745119289,
      0.9843412158185645,
      0.9788622485760742,
      0.9920494077392492,
      0.9000264682813711,
      -0.14595072081728364,
      0.9817819041270958,
      -0.08273449514016279,
      0.9674690025518042,
      0.9947902583440782,
      1.0239029663972885,
      -0.05341333941764268,
      0.9399576852317635,
      -0.10636885227774887
   ],
   "dists": [
      382.31216725483307,
      169.10347666552252,
      25.261451168050808,
      78.33758547164558,
      84.1063045627136,
      61.6356694519336,
      250.12189129273347,
      359.71719642692454,
      146.35425372960805,
      238.00641740402162,
      236.97004865794645,
      147.02174491056687,
      395.880047959056,
      85.57495431242188,
      170.7181132215324,
      373.1259710202641,
      47.124487762989354,
      93.16735976562413,
      322.39256095426964,
      384.4182650468552,
      51.29279254777813,
      329.53423259890315,
      43.37919311920467
   ],
   "p1s": [
      [
         239.32472229003906,
         300.50164794921875
      ],
      [
         169.44796752929688,
         0.9150461554527283
      ],
      [
         25.432052612304688,
         0.8758898377418518
      ],
      [
         0.36236733198165894,
         94.04817199707031
      ],
      [
         56.9145393371582,
         62.87687301635742
      ],
      [
         0.6002215147018433,
         74.41936492919922
      ],
      [
         0.8944481611251831,
         298.839599609375
      ],
      [
         197.45909118652344,
         300.7218017578125
      ],
      [
         166.88563537597656,
         64.827880859375
      ],
      [
         1.1980295181274414,
         282.30755615234375
      ],
      [
         148.7735595703125,
         185.65921020507812
      ],
      [
         0.7645412683486938,
         176.64981079101562
      ],
      [
         263.4818420410156,
         300.7374572753906
      ],
      [
         0.7320572137832642,
         108.6623306274414
      ],
      [
         172.68487548828125,
         0.8993251323699951
      ],
      [
         222.19393920898438,
         300.290283203125
      ],
      [
         47.68923568725586,
         4.859922409057617
      ],
      [
         65.16598510742188,
         68.24089813232422
      ],
      [
         128.58839416503906,
         300.90594482421875
      ],
      [
         245.39840698242188,
         300.6543884277344
      ],
      [
         51.524940490722656,
         2.9719345569610596
      ],
      [
         273.9740905761719,
         207.96450805664062
      ],
      [
         74.68851470947266,
         290.9264831542969
      ]
   ],
   "p2s": [
      [
         300.1032409667969,
         261.1595153808594
      ],
      [
         170.74459838867188,
         23.014984130859375
      ],
      [
         31.2475643157959,
         67.97854614257812
      ],
      [
         37.92353057861328,
         68.88584899902344
      ],
      [
         146.22731018066406,
         0.8867488503456116
      ],
      [
         13.411880493164062,
         65.59820556640625
      ],
      [
         300.91522216796875,
         101.39067840576172
      ],
      [
         300.6795349121094,
         235.068359375
      ],
      [
         265.0643005371094,
         -0.4082154333591461
      ],
      [
         112.941162109375,
         210.3555908203125
      ],
      [
         300.0826416015625,
         85.1243667602539
      ],
      [
         41.965145111083984,
         148.9481658935547
      ],
      [
         300.4017028808594,
         276.61480712890625
      ],
      [
         40.73179626464844,
         76.92222595214844
      ],
      [
         174.9277801513672,
         16.157609939575195
      ],
      [
         300.1412658691406,
         248.21141052246094
      ],
      [
         49.52158737182617,
         26.956748962402344
      ],
      [
         159.53024291992188,
         3.220855951309204
      ],
      [
         233.04258728027344,
         233.06556701660156
      ],
      [
         281.27593994140625,
         278.8107604980469
      ],
      [
         52.69779968261719,
         24.909229278564453
      ],
      [
         300.4549560546875,
         188.62289428710938
      ],
      [
         75.66117095947266,
         300.0361633300781
      ]
   ],
   "b1s": [
      0,
      0,
      0,
      0,
      1,
      0,
      0,
      0,
      1,
      0,
      1,
      0,
      0,
      0,
      0,
      0,
      0,
      1,
      0,
      0,
      0,
      1,
      1
   ],
   "b2s": [
      0,
      1,
      1,
      1,
      0,
      1,
      0,
      0,
      0,
      1,
      0,
      1,
      0,
      1,
      1,
      0,
      1,
      0,
      1,
      1,
      1,
      0,
      0
   ]
}