{
   "angles": [
      -0.07309612081374772,
      1.024548684649581,
      -0.09324217349096603,
      1.031018911555463,
      0.9948072933308224,
      -0.07669512517799845,
      -0.11462176591007157,
      -0.0734709494149778,
      0.9569365187075534,
      -1.2039798043722365,
      -0.1022410266432584,
      -1.206482754608097,
      -0.07061931527246415,
      0.9840464470138284,
      -1.2503479682184901,
      -1.213370086200929,
      -1.2099636760920487,
      -0.07527124371521886
   ],
   "dists": [
      145.96929303522245,
      353.91741635044104,
      94.57141025909371,
      308.2292012659465,
      243.55741092091202,
      145.2082974897211,
      90.1914251501302,
      95.14267474329799,
      261.00688234263197,
      -0.6005485547665095,
      264.42595650883874,
      9.196505789340492,
      91.59964620011141,
      385.8290098637728,
      -265.8391465135165,
      -41.55809435908046,
      -46.85364717152021,
      149.38311107812822
   ],
   "p1s": [
      [
         146.4257049560547,
         0.8956006765365601
      ],
      [
         184.30276489257812,
         302.1428527832031
      ],
      [
         95.06818389892578,
         0.9001103043556213
      ],
      [
         173.5888671875,
         255.31378173828125
      ],
      [
         243.27320861816406,
         132.42066955566406
      ],
      [
         154.0066680908203,
         108.92263793945312
      ],
      [
         90.87740325927734,
         0.783861517906189
      ],
      [
         101.94562530517578,
         88.9303970336914
      ],
      [
         263.45709228515625,
         133.64865112304688
      ],
      [
         0.9907755255699158,
         1.0240092277526855
      ],
      [
         265.9071044921875,
         0.9069347977638245
      ],
      [
         27.181917190551758,
         0.5229508280754089
      ],
      [
         97.77157592773438,
         84.01615905761719
      ],
      [
         244.505615234375,
         300.760498046875
      ],
      [
         8.073897361755371,
         282.77734375
      ],
      [
         0.43128064274787903,
         44.52280807495117
      ],
      [
         0.1887720823287964,
         50.1497802734375
      ],
      [
         150.25265502929688,
         5.905532360076904
      ]
   ],
   "p2s": [
      [
         149.66249084472656,
         45.09794235229492
      ],
      [
         235.87274169921875,
         270.7906799316406
      ],
      [
         97.52179718017578,
         27.13823127746582
      ],
      [
         301.57720947265625,
         178.63250732421875
      ],
      [
         297.9444274902344,
         96.91441345214844
      ],
      [
         168.69786071777344,
         300.1000671386719
      ],
      [
         93.68277740478516,
         25.151647567749023
      ],
      [
         117.4892578125,
         300.1112060546875
      ],
      [
         300.8935241699219,
         107.2679672241211
      ],
      [
         95.82354736328125,
         37.45927047729492
      ],
      [
         276.580810546875,
         104.94041442871094
      ],
      [
         151.08682250976562,
         47.77231216430664
      ],
      [
         113.0543441772461,
         300.06689453125
      ],
      [
         299.93756103515625,
         263.9060974121094
      ],
      [
         66.30218505859375,
         302.1025695800781
      ],
      [
         97.135009765625,
         80.63849639892578
      ],
      [
         96.77476501464844,
         86.59687805175781
      ],
      [
         153.19412231445312,
         44.90994644165039
      ]
   ],
   "b1s": [
      0,
      0,
      0,
      1,
      1,
      1,
      0,
      1,
      1,
      0,
      0,
      0,
      1,
      0,
      0,
      0,
      0,
      0
   ],
   "b2s": [
      1,
      1,
      1,
      0,
      0,
      0,
      1,
      0,
      0,
      1,
      1,
      1,
      0,
      0,
      0,
      1,
      1,
      1
   ]
}