{
   "angles": [
      0.9374818813410022,
      0.9616364613234439,
      0.9493141306238547,
      -0.06944952443838506,
      0.9591233501927482,
      0.9535400664338249,
      -0.011364879066983857,
      0.9542046865622457,
      -0.07531947307677563,
      0.9591879638928174,
      -1.195859251368293,
      0.9425232968812411,
      0.9518360740099104,
      0.9624328427735167,
      0.9470753134640172,
      0.9506388850836403,
      0.39322802454613054,
      -0.07017188756198416,
      -1.1997779429517983,
      0.9619745047008093,
      0.9421200653684466,
      0.9335133646750564,
      0.40781883379193395,
      0.9639524817448876,
      0.9565105788764368,
      0.9684240157729899,
      0.9557826595565004,
      0.9401020796312539,
      0.9278743312905386,
      0.9501894335845051,
      0.9185258949783769,
      0.9730436598259383,
      -1.239860516137764,
      -0.10161841641182069,
      0.9334189185316848,
      -0.22873584217707382,
      0.80300574934667
   ],
   "dists": [
      31.855716846610825,
      286.01962722073677,
      86.15106346170788,
      74.04575824143296,
      210.04677933860813,
      173.58476260318415,
      200.16791237227818,
      318.44064938600377,
      123.24518380594719,
      353.21757457417345,
      -108.26151596088468,
      105.81061208402922,
      58.02527493072032,
      296.64295413139547,
      90.86229904953436,
      65.19753214041143,
      180.3209422511145,
      69.71952851204976,
      -117.69886006668717,
      79.44501748666633,
      20.353769504263422,
      72.44829120430758,
      184.68771147380687,
      243.1986400716532,
      310.31607278406307,
      302.38120936991925,
      228.59003239671574,
      181.1358479782541,
      279.08408622977856,
      43.83449226163927,
      78.97739524850756,
      361.58295077856246,
      -275.9817390422047,
      217.47005339706257,
      111.63623562557906,
      192.25438906133107,
      134.82235131876413
   ],
   "p1s": [
      [
         0.4206579327583313,
         39.21092224121094
      ],
      [
         150.24989318847656,
         243.9248504638672
      ],
      [
         1.1176749467849731,
         105.16431427001953
      ],
      [
         85.49125671386719,
         161.9658203125
      ],
      [
         138.83216857910156,
         159.18641662597656
      ],
      [
         229.15402221679688,
         50.21699905395508
      ],
      [
         200.24887084960938,
         5.985805988311768
      ],
      [
         215.43820190429688,
         237.61825561523438
      ],
      [
         137.25848388671875,
         181.0559539794922
      ],
      [
         259.3680419921875,
         249.52479553222656
      ],
      [
         0.7487127184867859,
         116.63850402832031
      ],
      [
         135.51708984375,
         32.33527755737305
      ],
      [
         0.3051522672176361,
         71.02455139160156
      ],
      [
         151.8293914794922,
         255.7550506591797
      ],
      [
         3.370086669921875,
         109.51433563232422
      ],
      [
         0.24426794052124023,
         79.9417724609375
      ],
      [
         181.09934997558594,
         34.04121017456055
      ],
      [
         81.20185089111328,
         160.91552734375
      ],
      [
         0.4320073127746582,
         126.46000671386719
      ],
      [
         68.20584106445312,
         49.295257568359375
      ],
      [
         -0.21854045987129211,
         25.32408332824707
      ],
      [
         108.08903503417969,
         10.12026309967041
      ],
      [
         182.87791442871094,
         42.379295349121094
      ],
      [
         144.71701049804688,
         195.59239196777344
      ],
      [
         215.04449462890625,
         228.06307983398438
      ],
      [
         205.68228149414062,
         225.53794860839844
      ],
      [
         145.2088165283203,
         177.2956085205078
      ],
      [
         229.6870574951172,
         56.5714111328125
      ],
      [
         271.3353271484375,
         145.4476318359375
      ],
      [
         0.6060590147972107,
         53.44889831542969
      ],
      [
         0.332087904214859,
         99.12552642822266
      ],
      [
         251.2517547607422,
         266.3697814941406
      ],
      [
         0.6436491012573242,
         292.0372009277344
      ],
      [
         218.6925048828125,
         0.9293864369392395
      ],
      [
         140.76226806640625,
         34.678932189941406
      ],
      [
         262.3318786621094,
         278.9227294921875
      ],
      [
         179.29595947265625,
         14.306563377380371
      ]
   ],
   "p2s": [
      [
         53.4622688293457,
         0.26759669184684753
      ],
      [
         299.2720947265625,
         139.95668029785156
      ],
      [
         148.17564392089844,
         -0.1510918289422989
      ],
      [
         95.09747314453125,
         300.0627746582031
      ],
      [
         301.0067138671875,
         45.43525314331055
      ],
      [
         299.4960632324219,
         0.2899884879589081
      ],
      [
         200.53335571289062,
         31.01666831970215
      ],
      [
         300.3221740722656,
         177.4545440673828
      ],
      [
         146.2442626953125,
         300.1324768066406
      ],
      [
         300.9538269042969,
         220.36004638671875
      ],
      [
         143.1287841796875,
         172.67274475097656
      ],
      [
         180.18838500976562,
         -0.1172025203704834
      ],
      [
         100.8579330444336,
         -0.6032572388648987
      ],
      [
         300.26092529296875,
         152.37461853027344
      ],
      [
         155.3793182373047,
         0.137397900223732
      ],
      [
         111.58938598632812,
         0.4250344932079315
      ],
      [
         194.83444213867188,
         0.9313183426856995
      ],
      [
         90.98766326904297,
         300.1414489746094
      ],
      [
         84.34772491455078,
         159.10618591308594
      ],
      [
         138.502685546875,
         0.28665584325790405
      ],
      [
         35.69812774658203,
         -0.7905287146568298
      ],
      [
         121.43645477294922,
         0.2387891709804535
      ],
      [
         199.0229949951172,
         5.009934902191162
      ],
      [
         301.3070373535156,
         86.88270568847656
      ],
      [
         295.9829406738281,
         170.97579956054688
      ],
      [
         300.7856140136719,
         160.14251708984375
      ],
      [
         300.91888427734375,
         67.30078887939453
      ],
      [
         292.210205078125,
         10.918356895446777
      ],
      [
         300.4678649902344,
         123.62458801269531
      ],
      [
         75.9783935546875,
         -0.42916953563690186
      ],
      [
         21.163782119750977,
         83.21443176269531
      ],
      [
         300.54888916015625,
         232.8061981201172
      ],
      [
         26.664287567138672,
         300.9771423339844
      ],
      [
         223.38629150390625,
         46.960609436035156
      ],
      [
         186.73268127441406,
         0.6389841437339783
      ],
      [
         267.27801513671875,
         300.1680908203125
      ],
      [
         187.95191955566406,
         5.950190544128418
      ]
   ],
   "b1s": [
      0,
      1,
      0,
      1,
      1,
      1,
      0,
      1,
      1,
      1,
      0,
      1,
      0,
      1,
      0,
      0,
      1,
      1,
      0,
      1,
      0,
      1,
      1,
      1,
      1,
      1,
      1,
      1,
      1,
      0,
      0,
      1,
      0,
      0,
      1,
      1,
      1
   ],