{
   "angles": [
      -0.06862667747937735,
      -0.06816904880680821,
      -0.05960158149715439,
      1.009375072971044,
      0.9972593621222952,
      -0.06916216471290527,
      -0.0676678864650365,
      0.9956796205521022,
      1.068134197293056,
      0.9986085436808642,
      -1.2219347267837857,
      -1.2356731070393119,
      -0.09825783679868665,
      -0.08213087474744794,
      -1.2467446941873332,
      -0.06868401599446625,
      -0.07285201094787787,
      -0.07329078554505197,
      -1.22776742274336,
      0.9867603171682523,
      0.9940327676997777,
      -0.037494346228689295,
      -0.16642864375118638,
      -0.026683448379373913,
      -0.12852456893693,
      -0.0731990388916568,
      1.0050793183111768,
      -1.2607788639826452,
      -0.13827067757943023,
      -1.2761497402203632
   ],
   "dists": [
      -0.9903555213567805,
      -3.4992801639760316,
      -5.655152627402919,
      317.3180152443828,
      292.27555797717804,
      1.8517103262575427,
      5.664438336977172,
      271.31869427683057,
      97.5692103245095,
      305.2920642441452,
      14.711689184861168,
      19.435373614724828,
      116.64633678581093,
      -11.221932148010332,
      -261.3880598251147,
      9.802112720440673,
      117.05672970763646,
      112.65782732722101,
      10.671327476916561,
      164.783930619917,
      150.00004606750556,
      10.798280568959004,
      192.96240994703436,
      11.501062450586291,
      111.84344760378971,
      168.55944642779932,
      281.93158891238653,
      -272.3067325132695,
      166.3721820276217,
      -263.8262229231448
   ],
   "p1s": [
      [
         1.274254322052002,
         32.98114776611328
      ],
      [
         0.5909705758094788,
         60.02792739868164
      ],
      [
         0.5423325300216675,
         104.02731323242188
      ],
      [
         194.9132843017578,
         252.27210998535156
      ],
      [
         192.42214965820312,
         223.6535186767578
      ],
      [
         1.9210009574890137,
         0.9361998438835144
      ],
      [
         5.741796016693115,
         0.949727475643158
      ],
      [
         200.56333923339844,
         193.3263702392578
      ],
      [
         180.93014526367188,
         11.872934341430664
      ],
      [
         193.8325653076172,
         238.2926788330078
      ],
      [
         45.09201431274414,
         0.7470324635505676
      ],
      [
         59.32082748413086,
         0.07877063751220703
      ],
      [
         117.28804016113281,
         0.7744566798210144
      ],
      [
         12.621108055114746,
         290.1134948730469
      ],
      [
         31.852705001831055,
         286.4385070800781
      ],
      [
         9.885149955749512,
         0.8703163266181946
      ],
      [
         123.49053192138672,
         83.89122009277344
      ],
      [
         118.84111022949219,
         80.08509063720703
      ],
      [
         30.512191772460938,
         -0.4341156780719757
      ],
      [
         182.1065216064453,
         77.16114807128906
      ],
      [
         183.4100341796875,
         59.630279541015625
      ],
      [
         21.60845375061035,
         287.9771728515625
      ],
      [
         242.16427612304688,
         276.8044128417969
      ],
      [
         19.165008544921875,
         286.99560546875
      ],
      [
         112.88800048828125,
         0.8852372169494629
      ],
      [
         178.69325256347656,
         132.02249145507812
      ],
      [
         223.87969970703125,
         191.81053161621094
      ],
      [
         0.3439108431339264,
         286.0480651855469
      ],
      [
         168.09335327148438,
         0.8478513956069946
      ],
      [
         0.7189455032348633,
         275.92608642578125
      ]
   ],
   "p2s": [
      [
         18.04657554626465,
         276.9967956542969
      ],
      [
         15.407466888427734,
         277.04046630859375
      ],
      [
         10.934590339660645,
         278.18292236328125
      ],
      [
         300.5317077636719,
         185.84539794921875
      ],
      [
         296.3397216796875,
         156.52589416503906
      ],
      [
         21.039684295654297,
         276.927978515625
      ],
      [
         10.819696426391602,
         75.87667846679688
      ],
      [
         297.37200927734375,
         130.57391357421875
      ],
      [
         200.93214416503906,
         0.8765625953674316
      ],
      [
         300.41632080078125,
         169.6464080810547
      ],
      [
         116.46931457519531,
         26.709747314453125
      ],
      [
         175.1971893310547,
         40.43379592895508
      ],
      [
         119.1910629272461,
         20.079740524291992
      ],
      [
         13.44545841217041,
         300.1279602050781
      ],
      [
         75.61750030517578,
         301.1387634277344
      ],
      [
         29.497501373291016,
         285.9657897949219
      ],
      [
         139.2663116455078,
         300.0535583496094
      ],
      [
         134.99319458007812,
         300.07391357421875
      ],
      [
         115.96904754638672,
         30.08667755126953
      ],
      [
         298.49407958984375,
         0.23453906178474426
      ],
      [
         268.73138427734375,
         4.124267578125
      ],
      [
         22.060773849487305,
         300.03521728515625
      ],
      [
         246.0865020751953,
         300.1534423828125
      ],
      [
         19.512439727783203,
         300.01300048828125
      ],
      [
         115.24176025390625,
         19.097991943359375
      ],
      [
         191.01634216308594,
         300.0721435546875
      ],
      [
         300.216552734375,
         143.34103393554688
      ],
      [
         13.586651802062988,
         290.29034423828125
      ],
      [
         170.08055114746094,
         15.127949714660645
      ],
      [
         13.096382141113281,
         279.6824035644531
      ]
   ],
   "b1s": [
      0,
      0,
      0,
      1,
      1,
      0,
      0,
      1,
      1,
      1,
      0,
      0,
      0,
      1,
      1,
      0,
      1,
      1,
      0,
      1,
      1,
      1,
      1,
      1,
      0,
      1,
      1,
      0,
      0,
      0
   ],
   "b2s": [
      1,
      1,
      1,
      0,
      0,
      1,
      1,
      0,
      0,
      0,
      1,
      1,
      1,
      0,
      0,
      1,
      0,
      0,
      1,
      0,
      0,
      0,
      0,
      0,
      1,
      0,
      0,
      1,
      1,
      1
   ]
}