{
   "angles": [
      -0.05770519877249593,
      -0.060752039071608706,
      -0.062485561135533066,
      -0.05858928292784976,
      -0.06047228775691949,
      -1.2468254487151202,
      -0.05992722553729519,
      -0.05558762459637552,
      -1.2471474991007399,
      -1.2566504643847098,
      -0.06206565347251383,
      -1.2512198667265897,
      -1.2539195144854949,
      -1.252087900363661
   ],
   "dists": [
      80.94348726796963,
      83.64968772078691,
      77.25493208857021,
      90.9757247879191,
      95.36670429160289,
      66.36153234065358,
      204.8625211890336,
      87.13749114024216,
      60.99471408305832,
      -49.715199146549665,
      209.13986956645806,
      -47.998999483273195,
      -82.54121860572843,
      -74.25834821773527
   ],
   "p1s": [
      [
         81.13243103027344,
         0.9345801472663879
      ],
      [
         83.86193084716797,
         0.9475712776184082
      ],
      [
         77.46283721923828,
         0.9084747433662415
      ],
      [
         91.1866683959961,
         0.9303942322731018
      ],
      [
         95.59603881835938,
         0.9033660888671875
      ],
      [
         210.14627075195312,
         0.5643986463546753
      ],
      [
         205.34967041015625,
         1.9790209531784058
      ],
      [
         87.32383728027344,
         0.9263349771499634
      ],
      [
         212.66390991210938,
         7.00190544128418
      ],
      [
         217.0653076171875,
         122.79900360107422
      ],
      [
         209.98228454589844,
         7.063247203826904
      ],
      [
         0.4363558292388916,
         50.70326614379883
      ],
      [
         0.3504084646701813,
         86.98090362548828
      ],
      [
         0.8434247374534607,
         78.47453308105469
      ]
   ],
   "p2s": [
      [
         85.58915710449219,
         78.08150482177734
      ],
      [
         88.55045318603516,
         78.02734375
      ],
      [
         82.16436004638672,
         76.05228424072266
      ],
      [
         95.88709259033203,
         81.06527709960938
      ],
      [
         100.56825256347656,
         83.02613830566406
      ],
      [
         300.6827697753906,
         30.96676254272461
      ],
      [
         212.3766632080078,
         119.09739685058594
      ],
      [
         91.66926574707031,
         79.01840209960938
      ],
      [
         300.2115783691406,
         36.36924362182617
      ],
      [
         300.3688659667969,
         149.86474609375
      ],
      [
         217.12844848632812,
         122.05416107177734
      ],
      [
         81.18988037109375,
         77.42618560791016
      ],
      [
         300.22381591796875,
         185.31744384765625
      ],
      [
         300.2430419921875,
         177.263427734375
      ]
   ],
   "b1s": [
      0,
      0,
      0,
      0,
      0,
      0,
      0,
      0,
      0,
      1,
      0,
      0,
      0,
      0
   ],
   "b2s": [
      1,
      1,
      1,
      1,
      1,
      0,
      1,
      1,
      0,
      0,
      1,
      1,
      0,
      0
   ]
}