{
   "angles": [
      -0.0546210808393592,
      -0.05797255328262352,
      -0.0568072696452337,
      -0.057454791090143065,
      -0.05186176512580992,
      -0.0592296260264043,
      -0.05841417420021253,
      -1.2325404634529034,
      -1.2442726265425468,
      -0.05489882514855183,
      -1.2440975152962683,
      -1.241696484646983,
      -0.07066061126322405,
      -0.057517339566598165,
      -0.06273402916971367,
      -0.05638494690464129,
      -0.06541741253677354,
      -1.2484490341611076,
      -1.2435058688662952,
      -0.05973311179527134,
      -0.0556628472632667,
      -1.2481041461795856,
      -1.2385250405142427,
      -1.2474198949072115,
      -1.2302588279872584,
      -0.06703088540601979,
      -1.2412284207084723,
      -1.240673877277091
   ],
   "dists": [
      67.1809635768125,
      66.44950181073028,
      63.96026008113137,
      63.759139881557125,
      61.932686602519745,
      69.15098841489308,
      73.87588515394715,
      68.9460775213283,
      -170.0901731522389,
      78.41675855446694,
      -173.92763992453047,
      -173.45191642500146,
      184.0952206935447,
      60.16658398484925,
      190.34184280703064,
      78.47411959447622,
      189.8154801204978,
      -219.32220675609784,
      -218.569014056963,
      69.6394867016747,
      74.40315297391437,
      -164.94111918314024,
      -169.27191624900266,
      -224.4608107631301,
      64.364040559268,
      185.27490631438621,
      -163.4148302803731,
      -223.4126015139535
   ],
   "p1s": [
      [
         78.43678283691406,
         204.03079223632812
      ],
      [
         66.61727905273438,
         0.9641744494438171
      ],
      [
         75.77599334716797,
         205.95587158203125
      ],
      [
         63.91899871826172,
         0.9471409916877747
      ],
      [
         72.8134994506836,
         208.00967407226562
      ],
      [
         81.3055648803711,
         202.92257690429688
      ],
      [
         74.06037902832031,
         0.9964687824249268
      ],
      [
         206.5076904296875,
         -0.44320639967918396
      ],
      [
         95.07599639892578,
         211.7755889892578
      ],
      [
         78.58524322509766,
         0.9128846526145935
      ],
      [
         92.95345306396484,
         215.1373748779297
      ],
      [
         0.5015169978141785,
         183.45960998535156
      ],
      [
         202.60125732421875,
         254.9574432373047
      ],
      [
         60.31945037841797,
         0.9240249395370483
      ],
      [
         206.79095458984375,
         255.8874969482422
      ],
      [
         90.78858947753906,
         215.9554901123047
      ],
      [
         190.27809143066406,
         0.850760281085968
      ],
      [
         0.5294722318649292,
         231.40878295898438
      ],
      [
         96.178466796875,
         263.474365234375
      ],
      [
         69.81721496582031,
         0.8913227319717407
      ],
      [
         86.6666488647461,
         218.01856994628906
      ],
      [
         89.99636840820312,
         204.01084899902344
      ],
      [
         0.8732080459594727,
         179.36744689941406
      ],
      [
         95.4261474609375,
         268.7122802734375
      ],
      [
         196.83628845214844,
         1.4620096683502197
      ],
      [
         185.75115966796875,
         0.8824427723884583
      ],
      [
         0.677946925163269,
         172.94155883789062
      ],
      [
         0.23104946315288544,
         236.24404907226562
      ]
   ],
   "p2s": [
      [
         83.6878662109375,
         300.0717468261719
      ],
      [
         78.11042785644531,
         198.99359130859375
      ],
      [
         81.12696075439453,
         300.0496520996094
      ],
      [
         75.13761138916016,
         195.99208068847656
      ],
      [
         77.59235382080078,
         300.07305908203125
      ],
      [
         87.0689468383789,
         300.114501953125
      ],
      [
         85.7609634399414,
         201.0724639892578
      ],
      [
         295.4112548828125,
         30.830917358398438
      ],
      [
         300.2514953613281,
         281.25732421875
      ],
      [
         89.68866729736328,
         202.962158203125
      ],
      [
         300.518798828125,
         285.46893310546875
      ],
      [
         71.7315444946289,
         207.7860565185547
      ],
      [
         205.7953338623047,
         300.08526611328125
      ],
      [
         71.61426544189453,
         197.0797882080078
      ],
      [
         209.56759643554688,
         300.0899658203125
      ],
      [
         95.54029846191406,
         300.1388244628906
      ],
      [
         206.07994079589844,
         242.06027221679688
      ],
      [
         74.01571655273438,
         255.95294189453125
      ],
      [
         203.9757080078125,
         300.0715637207031
      ],
      [
         81.61012268066406,
         198.08311462402344
      ],
      [
         91.24015045166016,
         300.0980529785156
      ],
      [
         300.5317687988281,
         274.40966796875
      ],
      [
         74.12305450439453,
         204.6433868408203
      ],
      [
         193.17190551757812,
         301.47088623046875
      ],
      [
         295.8111572265625,
         36.5329475402832
      ],
      [
         201.808837890625,
         240.07997131347656
      ],
      [
         72.20310974121094,
         197.40618896484375
      ],
      [
         73.251708984375,
         261.26544189453125
      ]
   ],
   "b1s": [
      1,
      0,
      1,
      0,
      1,
      1,
      0,
      0,
      1,
      0,
      1,
      0,
      1,
      0,
      1,
      1,
      0,
      0,
      1,
      0,
      1,
      1,
      0,
      1,
      0,
      0,
      0,
      0
   ],
   "b2s": [
      0,
      1,
      0,
      1,
      0,
      0,
      1,
      0,
      0,
      1,
      0,
      1,
      0,
      1,
      0,
      0,
      1,
      1,
      0,
      1,
      0,
      0,
      1,
      0,
      0,
      1,
      1,
      1
   ]
}