{
   "angles": [
      -0.0680545581585041,
      -0.06517746298814683,
      -1.2393181859490365,
      -0.09503355628349469,
      -0.059072147103144595,
      -1.2401351194628205,
      -1.2420280780109616,
      -0.06412740553241712,
      -0.06943247170975009,
      -1.2404679822162357,
      -0.06690188964751068,
      -0.09187572856617354,
      -1.2833647418299006,
      -0.08398286906566582,
      -0.0686856348645683,
      -1.2400143512294248,
      -1.2512412052668727,
      -1.2467636200302457,
      -0.12479459142688777,
      -1.2510316372796955
   ],
   "dists": [
      19.19817307988295,
      16.8486135943493,
      18.034979523519475,
      189.79464551537083,
      244.49862309099566,
      20.492228230914744,
      24.06034472119687,
      13.541408023281592,
      30.269146781573916,
      14.411840052186957,
      26.34419378034425,
      134.4335698576468,
      -30.65225220335906,
      138.71415764644294,
      22.24635155570726,
      -34.37598746877791,
      -142.25130353848235,
      -167.53851677825057,
      195.34609942175834,
      -176.4122492324714
   ],
   "p1s": [
      [
         19.309438705444336,
         0.9789087772369385
      ],
      [
         16.94570541381836,
         0.9382738471031189
      ],
      [
         57.140071868896484,
         0.5930290222167969
      ],
      [
         190.7344970703125,
         0.8346669673919678
      ],
      [
         244.97805786132812,
         0.8830158114433289
      ],
      [
         65.10863494873047,
         0.6835216283798218
      ],
      [
         73.4638900756836,
         -0.35977739095687866
      ],
      [
         13.626806259155273,
         0.8955339193344116
      ],
      [
         30.405004501342773,
         0.9022899866104126
      ],
      [
         44.352317810058594,
         -0.027490638196468353
      ],
      [
         26.46816062927246,
         0.9686324596405029
      ],
      [
         135.08587646484375,
         0.8999524116516113
      ],
      [
         0.6576815843582153,
         32.15797424316406
      ],
      [
         139.27285766601562,
         0.8086671829223633
      ],
      [
         22.361282348632812,
         0.9063521027565002
      ],
      [
         0.4809421896934509,
         36.51152801513672
      ],
      [
         0.6517616510391235,
         150.0524139404297
      ],
      [
         0.37466078996658325,
         176.86184692382812
      ],
      [
         196.98707580566406,
         0.8761743903160095
      ],
      [
         0.6528531908988953,
         186.04837036132812
      ]
   ],
   "p2s": [
      [
         30.011911392211914,
         157.9991912841797
      ],
      [
         27.135522842407227,
         157.05642700195312
      ],
      [
         197.08319091796875,
         48.758277893066406
      ],
      [
         194.28363037109375,
         38.06828689575195
      ],
      [
         258.8869934082031,
         236.06582641601562
      ],
      [
         198.21485900878906,
         46.37408447265625
      ],
      [
         199.16294860839844,
         42.52236557006836
      ],
      [
         23.52876091003418,
         155.094482421875
      ],
      [
         41.6151237487793,
         162.0963134765625
      ],
      [
         195.3951873779297,
         51.763877868652344
      ],
      [
         36.7138557434082,
         153.88516235351562
      ],
      [
         136.85537719726562,
         20.105459213256836
      ],
      [
         14.515933990478516,
         36.254730224609375
      ],
      [
         140.98684692382812,
         21.169469833374023
      ],
      [
         33.240745544433594,
         159.05223083496094
      ],
      [
         14.259881973266602,
         41.24320983886719
      ],
      [
         25.265687942504883,
         158.1970672607422
      ],
      [
         300.1517333984375,
         277.54827880859375
      ],
      [
         200.0286102294922,
         25.121856689453125
      ],
      [
         300.2474670410156,
         285.25262451171875
      ]
   ],
   "b1s": [
      0,
      0,
      0,
      0,
      0,
      0,
      0,
      0,
      0,
      0,
      0,
      0,
      0,
      0,
      0,
      0,
      0,
      0,
      0,
      0
   ],
   "b2s": [
      1,
      1,
      1,
      1,
      1,
      1,
      1,
      1,
      1,
      1,
      1,
      1,
      1,
      1,
      1,
      1,
      1,
      0,
      1,
      0
   ]
}