{
   "angles": [
      -1.5636550704522847,
      1.5663709283999132,
      -1.5548962816379717
   ],
   "dists": [
      -145.29842608107543,
      154.32340919864552,
      -150.50598678177
   ]
}