{
   "angles": [
      0.026438879805398472,
      0.0021819168480168146,
      -0.014116971910590465
   ],
   "dists": [
      125.55101827805726,
      124.30079541115592,
      128.10405603066985
   ]
}