{
   "angles": [
      -0.11722742070928822,
      0.0,
      -0.13642460541434154
   ],
   "dists": [
      121.72880230412521,
      128.14285278320312,
      112.43581768872154
   ]
}