{
   "angles": [
      -0.6296196686511132,
      -0.6279656280248865,
      0.9437817389217965,
      0.9468472929549734
   ],
   "dists": [
      22.12475295289994,
      16.128411414116265,
      168.40762330500885,
      173.31978884777135
   ]
}