{
   "angles": [
      0.9337101156841119,
      0.9466656083665541
   ],
   "dists": [
      164.7890294307437,
      170.56979094363405
   ]
}