{
   "angles": [
      -1.5377701505526367,
      1.5635940434895852
   ],
   "dists": [
      -138.6337050935166,
      151.7587743095124
   ]
}