{
   "angles": [
      -1.5671797833663668,
      -0.0071708865023638385,
      -1.5580168210431313,
      -0.005889484092833557
   ],
   "dists": [
      -68.67413841309533,
      137.48967928992676,
      -74.39612365692945,
      142.46835188401326
   ]
}