{
   "angles": [
      -0.11408030973771671
   ],
   "dists": [
      121.99999999999892
   ]
}