{
   "angles": [
      0.07931531872961291,
      0.10635576524863849,
      0.1040481876023491,
      0.08528060274851568,
      0.10423460503199017,
      0.08892340946282956,
      0.073010920470349,
      0.0874604321335729,
      0.0622120716065888,
      0.05956357499126114,
      0.043134793757350805,
      0.14296524312730707,
      0.157812368691714,
      0.9668232704075894,
      0.35304299242231907,
      0.999296894646928
   ],
   "dists": [
      6.1621863197073035,
      30.229140616261702,
      38.506337645346335,
      54.387349135352125,
      62.31363203464962,
      69.3037033539985,
      76.67600126514354,
      46.98298249101386,
      83.75509172753722,
      13.522661207393178,
      20.91963275114741,
      95.60699081909534,
      34.79185944807905,
      100.14261311308856,
      36.39041593386933,
      93.13259506556639
   ],
   "p1s": [
      [
         6.180480003356934,
         0.014344914816319942
      ],
      [
         28.262752532958984,
         20.028051376342773
      ],
      [
         38.71571731567383,
         0.0
      ],
      [
         54.585723876953125,
         0.0
      ],
      [
         54.27067947387695,
         80.13292694091797
      ],
      [
         69.57405090332031,
         0.051181256771087646
      ],
      [
         71.82965850830078,
         69.06067657470703
      ],
      [
         40.1550178527832,
         79.92591094970703
      ],
      [
         82.48283386230469,
         23.03007698059082
      ],
      [
         9.608668327331543,
         66.03630065917969
      ],
      [
         19.556901931762695,
         32.0240364074707
      ],
      [
         84.39027404785156,
         84.7682876586914
      ],
      [
         21.685747146606445,
         85.10912322998047
      ],
      [
         52.368370056152344,
         85.53388214111328
      ],
      [
         1.942098617553711,
         99.97866821289062
      ],
      [
         24.588817596435547,
         94.91561126708984
      ]
   ],
   "p2s": [
      [
         0.6139975190162659,
         70.0488052368164
      ],
      [
         30.39640235900879,
         0.04231937974691391
      ],
      [
         35.67997741699219,
         29.070934295654297
      ],
      [
         47.6709098815918,
         80.88642883300781
      ],
      [
         62.646610260009766,
         0.0676441416144371
      ],
      [
         63.085262298583984,
         72.82928466796875
      ],
      [
         76.88082122802734,
         0.0
      ],
      [
         46.81394577026367,
         3.9836859703063965
      ],
      [
         79.5548095703125,
         70.03456115722656
      ],
      [
         12.055634498596191,
         25.00331687927246
      ],
      [
         18.52109146118164,
         56.022491455078125
      ],
      [
         88.68193054199219,
         54.95421600341797
      ],
      [
         25.6646728515625,
         60.10577392578125
      ],
      [
         69.70472717285156,
         73.57205963134766
      ],
      [
         9.267533302307129,
         80.09857940673828
      ],
      [
         44.90422439575195,
         81.85106658935547
      ]
   ],
   "b1s": [
      0,
      1,
      0,
      0,
      1,
      0,
      1,
      1,
      0,
      0,
      0,
      0,
      0,
      0,
      0,
      0
   ],
   "b2s": [
      0,
      0,
      1,
      1,
      0,
      1,
      0,
      0,
      1,
      0,
      0,
      0,
      1,
      1,
      0,
      0
   ]
}