{
   "angles": [
      0.09106095845435323,
      0.0845159558380134,
      0.11700795537536056,
      0.08347946182556121,
      0.1087537062601558,
      0.12059626969010041,
      0.09369628017160211,
      0.08981964403169655,
      0.17073890998547459,
      -0.3307372447857499,
      0.0657324771476835,
      0.074995596644667,
      0.05931514658967583
   ],
   "dists": [
      9.667237625038169,
      16.34740856907598,
      39.44599873409119,
      46.43864677956323,
      54.67711196082708,
      62.55973919040318,
      70.016046706553,
      77.04276130636227,
      27.246726462697325,
      5.590023646726738,
      52.69479775779791,
      60.612964627982244,
      96.4631292619773
   ],
   "p1s": [
      [
         3.395192861557007,
         69.12740325927734
      ],
      [
         16.403074264526367,
         0.03414762765169144
      ],
      [
         32.75813293457031,
         59.206661224365234
      ],
      [
         46.600929260253906,
         0.0
      ],
      [
         50.19560623168945,
         44.021358489990234
      ],
      [
         63.01717758178711,
         0.0020815222524106503
      ],
      [
         64.0281753540039,
         67.00264739990234
      ],
      [
         77.35173034667969,
         0.031677477061748505
      ],
      [
         13.553510665893555,
         81.75060272216797
      ],
      [
         24.20191764831543,
         53.27402114868164
      ],
      [
         46.622711181640625,
         93.97516632080078
      ],
      [
         56.498226165771484,
         57.037418365478516
      ],
      [
         90.69566345214844,
         99.98192596435547
      ]
   ],
   "p2s": [
      [
         9.701608657836914,
         0.06406639516353607
      ],
      [
         11.495955467224121,
         57.957298278808594
      ],
      [
         39.707794189453125,
         0.08319784700870514
      ],
      [
         38.24581527709961,
         99.853271484375
      ],
      [
         55.00203323364258,
         0.00022209470625966787
      ],
      [
         56.48109817504883,
         53.93711853027344
      ],
      [
         70.32167053222656,
         0.030228083953261375
      ],
      [
         68.35363006591797,
         99.94178771972656
      ],
      [
         18.692190170288086,
         51.946929931640625
      ],
      [
         34.576148986816406,
         83.48887634277344
      ],
      [
         49.121986389160156,
         56.00802993774414
      ],
      [
         53.27016830444336,
         100.0
      ],
      [
         92.00105285644531,
         78.00006103515625
      ]
   ],
   "b1s": [
      0,
      0,
      1,
      0,
      1,
      0,
      1,
      0,
      0,
      1,
      0,
      1,
      0
   ],
   "b2s": [
      0,
      0,
      0,
      0,
      0,
      1,
      0,
      0,
      0,
      0,
      1,
      0,
      0
   ]
}