{
   "angles": [
      -0.003149511200205099,
      0.09505297128698618
   ],
   "dists": [
      5.780415226113581,
      47.72235416744828
   ],
   "p1s": [
      [
         5.799333095550537,
         5.9974822998046875
      ],
      [
         42.49981689453125,
         57.04765319824219
      ]
   ],
   "p2s": [
      [
         6.095395088195801,
         99.99970245361328
      ],
      [
         38.410091400146484,
         99.94375610351562
      ]
   ],
   "b1s": [
      0,
      1
   ],
   "b2s": [
      0,
      0
   ]
}