{
   "angles": [
      0.06580335379192569,
      0.06683561733995233,
      0.09881459212200253,
      0.10948317659454074,
      0.09493001619716357,
      0.09895424126158817,
      0.10997785034241596,
      0.10195257288727164,
      0.09886634782579312,
      0.09804980729614557,
      0.06568289671379034,
      0.10561936291726262,
      0.0799896616086534,
      0.05850020346542232,
      0.013938942662379978
   ],
   "dists": [
      13.707394985753453,
      21.211424985293778,
      29.436335295587824,
      38.08849595574681,
      61.086601461218955,
      84.30196539421117,
      91.55958899638685,
      98.54159718364998,
      53.6569002955516,
      68.73192706582496,
      75.35649723434081,
      14.477694442562623,
      89.89300123929716,
      18.78179308232447,
      38.7585852023667
   ],
   "p1s": [
      [
         11.433138847351074,
         34.96266174316406
      ],
      [
         21.257734298706055,
         0.01725158281624317
      ],
      [
         19.670129776000977,
         99.96730041503906
      ],
      [
         38.31412124633789,
         0.03452904149889946
      ],
      [
         52.13475799560547,
         96.91761779785156
      ],
      [
         84.70940399169922,
         0.07042890787124634
      ],
      [
         88.46644592285156,
         33.05150604248047
      ],
      [
         99.05538177490234,
         0.005665979813784361
      ],
      [
         53.321903228759766,
         6.0319294929504395
      ],
      [
         67.58252716064453,
         15.057300567626953
      ],
      [
         70.915283203125,
         69.99443054199219
      ],
      [
         3.9579105377197266,
         99.99553680419922
      ],
      [
         82.165283203125,
         100.0
      ],
      [
         15.298930168151855,
         60.01750564575195
      ],
      [
         37.36836624145508,
         100.0
      ]
   ],
   "p2s": [
      [
         13.737126350402832,
         0.0
      ],
      [
         18.845430374145508,
         36.05659103393555
      ],
      [
         29.57498550415039,
         0.05700259655714035
      ],
      [
         27.333696365356445,
         99.9267578125
      ],
      [
         61.35962677001953,
         0.03424212336540222
      ],
      [
         74.79061126708984,
         99.97920989990234
      ],
      [
         92.11470794677734,
         0.012666847556829453
      ],
      [
         88.83740234375,
         99.88105773925781
      ],
      [
         44.00123596191406,
         100.0
      ],
      [
         62.38079833984375,
         67.93909454345703
      ],
      [
         74.46920013427734,
         15.96508502960205
      ],
      [
         10.64035415649414,
         36.96187210083008
      ],
      [
         87.13438415527344,
         38.01076889038086
      ],
      [
         14.128175735473633,
         80.00750732421875
      ],
      [
         37.675106048583984,
         77.99547576904297
      ]
   ],
   "b1s": [
      0,
      0,
      0,
      0,
      0,
      0,
      0,
      0,
      0,
      0,
      1,
      0,
      0,
      0,
      0
   ],
   "b2s": [
      0,
      0,
      0,
      0,
      0,
      0,
      0,
      0,
      0,
      1,
      0,
      0,
      0,
      0,
      1
   ]
}