{
   "angles": [
      -0.07932213838899359,
      -0.024563465363822676,
      -0.015072397569892312,
      -0.0517816981223683,
      -0.05940311806799525,
      0.0059356320756915396,
      -0.04976676886192055,
      -0.03269203500250923,
      -0.023294734609295747,
      -0.0,
      -0.028572062470702493,
      -0.0
   ],
   "dists": [
      21.610350944169628,
      25.693506519827757,
      43.652773694421626,
      51.388516805846116,
      53.5563327115984,
      62.02072058484461,
      79.1710287074563,
      5.245902245575178,
      22.971264212328176,
      90.0,
      33.42025320196207,
      63.0
   ],
   "p1s": [
      [
         21.68053436279297,
         0.025394009426236153
      ],
      [
         26.708740234375,
         41.00715637207031
      ],
      [
         44.03433609008789,
         24.98440933227539
      ],
      [
         51.457489013671875,
         0.0
      ],
      [
         53.65219497680664,
         0.02068501152098179
      ],
      [
         61.891231536865234,
         21.99935531616211
      ],
      [
         79.26917266845703,
         0.0
      ],
      [
         6.425584316253662,
         35.986080169677734
      ],
      [
         23.886219024658203,
         39.00265121459961
      ],
      [
         90.0,
         69.0
      ],
      [
         36.29164505004883,
         99.99166107177734
      ],
      [
         63.0,
         100.0
      ]
   ],
   "p2s": [
      [
         24.86524200439453,
         40.09020233154297
      ],
      [
         28.158004760742188,
         99.9961166381836
      ],
      [
         43.65781021118164,
         0.005158009007573128
      ],
      [
         56.63857650756836,
         99.96691131591797
      ],
      [
         54.844512939453125,
         20.0687198638916
      ],
      [
         62.021812438964844,
         0.00012947572395205498
      ],
      [
         84.24687194824219,
         99.9379653930664
      ],
      [
         5.444453239440918,
         5.985464572906494
      ],
      [
         25.307226181030273,
         99.99284362792969
      ],
      [
         90.0,
         44.0
      ],
      [
         35.23423767089844,
         62.99330520629883
      ],
      [
         63.0,
         80.0
      ]
   ],
   "b1s": [
      0,
      1,
      1,
      0,
      0,
      1,
      0,
      0,
      1,
      0,
      0,
      0
   ],
   "b2s": [
      1,
      0,
      0,
      0,
      1,
      0,
      0,
      0,
      0,
      0,
      1,
      1
   ]
}