{
   "angles": [
      0.09850669813324027,
      0.10160057105259925,
      0.06935729260343768,
      0.07955351313432582,
      0.07314345757166638,
      0.07735099094953064,
      0.08043961160186282,
      0.051811548909955894,
      0.06848153956593492,
      0.03512539426382996,
      0.05918552892836714,
      0.04215423041840097,
      0.06455143426782989,
      0.07122311366321701
   ],
   "dists": [
      7.366150710901565,
      15.858733061674847,
      22.94437871142288,
      32.042840564474325,
      39.29804131793783,
      65.97691964321511,
      73.7912977222164,
      99.04841530991169,
      98.56424532249524,
      89.20767483643722,
      81.36068178903545,
      13.098963563460204,
      89.56254163709522,
      47.50520659027373
   ],
   "p1s": [
      [
         7.402034759521484,
         0.0
      ],
      [
         11.248580932617188,
         46.02534103393555
      ],
      [
         22.999675750732422,
         0.0
      ],
      [
         24.177555084228516,
         99.93443298339844
      ],
      [
         39.4012451171875,
         0.029377663508057594
      ],
      [
         58.42766189575195,
         99.9556655883789
      ],
      [
         74.03047943115234,
         0.0024570832028985023
      ],
      [
         95.2886962890625,
         75.06682586669922
      ],
      [
         91.9372329711914,
         99.99569702148438
      ],
      [
         88.20828247070312,
         30.0073184967041
      ],
      [
         75.87113189697266,
         95.05162048339844
      ],
      [
         9.566548347473145,
         84.02389526367188
      ],
      [
         86.38650512695312,
         52.02498245239258
      ],
      [
         40.491573333740234,
         100.0
      ]
   ],
   "p2s": [
      [
         0.0,
         74.89925384521484
      ],
      [
         15.940939903259277,
         0.0
      ],
      [
         19.18284034729004,
         54.943233489990234
      ],
      [
         32.143592834472656,
         0.011447547934949398
      ],
      [
         32.07598114013672,
         100.0
      ],
      [
         66.17478942871094,
         0.0
      ],
      [
         65.96952056884766,
         99.99754333496094
      ],
      [
         99.18102264404297,
         0.009387644939124584
      ],
      [
         93.58502197265625,
         75.9715347290039
      ],
      [
         87.50511932373047,
         50.01774978637695
      ],
      [
         79.01464080810547,
         42.0008659362793
      ],
      [
         10.917438507080078,
         51.996517181396484
      ],
      [
         83.28831481933594,
         99.95399475097656
      ],
      [
         42.27377700805664,
         75.0195083618164
      ]
   ],
   "b1s": [
      0,
      0,
      0,
      0,
      0,
      0,
      0,
      0,
      0,
      0,
      0,
      0,
      0,
      0
   ],
   "b2s": [
      0,
      0,
      0,
      0,
      0,
      0,
      0,
      0,
      0,
      0,
      1,
      0,
      0,
      1
   ]
}