{
   "angles": [
      0.07610391880619427,
      0.06934840933444028,
      0.06635195766913175,
      0.07370211357458771,
      0.09703401442892376,
      0.06016341057823906,
      0.09969060919983283,
      0.050856583322664226,
      0.06476522087249167,
      0.06346205767755872,
      0.06946041289996258,
      0.010162678426840988,
      0.08204690769077569,
      0.04648002192648664
   ],
   "dists": [
      14.88901332412587,
      23.593504913151442,
      31.11524076453869,
      40.1094884584681,
      66.30607668263762,
      82.9325148053191,
      91.54432329135696,
      5.89156290128985,
      74.06776474506792,
      56.97429715047799,
      47.762590351405386,
      95.84145211214434,
      73.89895235768911,
      79.15124564910263
   ],
   "p1s": [
      [
         14.932234764099121,
         0.0
      ],
      [
         16.70437240600586,
         100.0
      ],
      [
         31.18305206298828,
         0.012163767591118813
      ],
      [
         32.841400146484375,
         99.91450500488281
      ],
      [
         66.6136474609375,
         0.059732191264629364
      ],
      [
         83.08253479003906,
         0.004971653688699007
      ],
      [
         81.9989013671875,
         99.99989318847656
      ],
      [
         2.436826229095459,
         68.02223205566406
      ],
      [
         71.56610870361328,
         40.971858978271484
      ],
      [
         53.34257888793945,
         58.958221435546875
      ],
      [
         46.4842529296875,
         20.03369140625
      ],
      [
         94.83011627197266,
         99.99827575683594
      ],
      [
         65.92573547363281,
         99.993896484375
      ],
      [
         76.122314453125,
         66.95917510986328
      ]
   ],
   "p2s": [
      [
         9.5211820602417,
         70.96353149414062
      ],
      [
         23.650352478027344,
         0.0
      ],
      [
         24.540937423706055,
         99.96949768066406
      ],
      [
         40.21867370605469,
         0.0
      ],
      [
         56.886566162109375,
         99.98896026611328
      ],
      [
         81.6348648071289,
         24.03824234008789
      ],
      [
         92.0010986328125,
         0.00011010163143509999
      ],
      [
         5.5922532081604,
         6.03014612197876
      ],
      [
         73.2494888305664,
         15.016180992126465
      ],
      [
         56.012901306152344,
         16.937273025512695
      ],
      [
         40.92119216918945,
         99.99451446533203
      ],
      [
         95.358642578125,
         47.99348068237305
      ],
      [
         68.88633728027344,
         63.99065399169922
      ],
      [
         74.58636474609375,
         99.98075866699219
      ]
   ],
   "b1s": [
      0,
      0,
      0,
      0,
      0,
      0,
      0,
      0,
      1,
      1,
      1,
      0,
      0,
      1
   ],
   "b2s": [
      0,
      0,
      0,
      0,
      0,
      0,
      0,
      0,
      0,
      0,
      0,
      0,
      1,
      0
   ]
}