{
   "angles": [
      0.10221440535229527,
      0.10010818225861876,
      0.08682790654169062,
      0.09828353469110705,
      0.08243937206344225,
      0.09530948685627146,
      0.08778223251799884,
      0.0650482346229489,
      0.07956698971478736,
      0.08247557926652581,
      0.07714863503312787,
      0.05376930371095597
   ],
   "dists": [
      11.991789128232128,
      20.210491938207912,
      27.567483890883782,
      36.45130236113222,
      43.66053329424606,
      51.45160862748319,
      59.252388203975805,
      66.66956195486861,
      74.27901626440105,
      96.52107089328918,
      89.4190368933455,
      10.149458497312473
   ],
   "p1s": [
      [
         12.054137229919434,
         0.00555299362167716
      ],
      [
         13.566637992858887,
         67.15735626220703
      ],
      [
         27.671728134155273,
         0.0
      ],
      [
         30.500205993652344,
         62.14792251586914
      ],
      [
         43.80931854248047,
         0.0
      ],
      [
         48.91459274291992,
         28.99183464050293
      ],
      [
         59.47771453857422,
         0.04204273968935013
      ],
      [
         63.94492721557617,
         43.99641418457031
      ],
      [
         74.51151275634766,
         0.040785860270261765
      ],
      [
         93.45117950439453,
         41.11996078491211
      ],
      [
         89.60488891601562,
         1.046759009361267
      ],
      [
         8.064933776855469,
         39.00349426269531
      ]
   ],
   "p2s": [
      [
         8.967373847961426,
         30.099225997924805
      ],
      [
         20.309070587158203,
         0.031044311821460724
      ],
      [
         22.719758987426758,
         56.888614654541016
      ],
      [
         36.62202072143555,
         0.06133216246962547
      ],
      [
         39.51603698730469,
         51.960025787353516
      ],
      [
         51.67997360229492,
         0.06500475853681564
      ],
      [
         56.842384338378906,
         29.986127853393555
      ],
      [
         66.80743408203125,
         0.052596565335989
      ],
      [
         70.8542251586914,
         45.90864181518555
      ],
      [
         96.84451293945312,
         0.06981010735034943
      ],
      [
         86.44245147705078,
         41.95690155029297
      ],
      [
         6.937953948974609,
         59.942840576171875
      ]
   ],
   "b1s": [
      0,
      0,
      0,
      1,
      0,
      1,
      0,
      1,
      0,
      0,
      0,
      0
   ],
   "b2s": [
      0,
      0,
      1,
      0,
      1,
      0,
      1,
      0,
      1,
      0,
      0,
      0
   ]
}