{
   "angles": [
      0.04437996511524316,
      0.10981112107136898,
      0.09077140416079262,
      0.0758851929091583,
      0.08483209383870112,
      0.01759427448369484,
      0.009628489208281226,
      0.0,
      0.0931713822054997,
      0.08827620761324352,
      0.06297846031253282,
      0.08765171096992713
   ],
   "dists": [
      7.58609869940109,
      17.527349751098065,
      24.573281866762542,
      56.64126255289861,
      73.41041119067191,
      81.14422557345343,
      96.05182698457354,
      88.0,
      65.30522140688767,
      49.433889688972755,
      32.15623256706835,
      99.38094120524781
   ],
   "p1s": [
      [
         7.5924072265625,
         0.02630828134715557
      ],
      [
         9.89272689819336,
         70.20867919921875
      ],
      [
         24.67486572265625,
         0.0
      ],
      [
         56.80474090576172,
         0.0
      ],
      [
         73.67535400390625,
         0.0
      ],
      [
         80.36454010009766,
         45.024009704589844
      ],
      [
         95.63246154785156,
         44.01572036743164
      ],
      [
         88.0,
         6.0
      ],
      [
         61.187564849853516,
         47.11096954345703
      ],
      [
         44.29874801635742,
         60.203453063964844
      ],
      [
         28.242271423339844,
         63.078338623046875
      ],
      [
         90.97642517089844,
         99.9979248046875
      ]
   ],
   "p2s": [
      [
         6.480428218841553,
         25.065744400024414
      ],
      [
         17.625951766967773,
         0.06901399791240692
      ],
      [
         19.40058135986328,
         57.94546890258789
      ],
      [
         52.93331527709961,
         50.918922424316406
      ],
      [
         69.85698699951172,
         44.902862548828125
      ],
      [
         81.15673828125,
         0.002757936716079712
      ],
      [
         96.0562744140625,
         0.0005418211803771555
      ],
      [
         88.0,
         35.0
      ],
      [
         64.84353637695312,
         7.985379695892334
      ],
      [
         48.74407196044922,
         9.977348327636719
      ],
      [
         31.210283279418945,
         16.013261795043945
      ],
      [
         95.80326843261719,
         45.07059097290039
      ]
   ],
   "b1s": [
      0,
      0,
      0,
      0,
      0,
      1,
      0,
      0,
      1,
      1,
      1,
      0
   ],
   "b2s": [
      0,
      0,
      0,
      1,
      1,
      0,
      0,
      0,
      0,
      0,
      0,
      0
   ]
}