{
   "angles": [
      -0.0,
      0.0,
      -0.014002309046285815,
      -0.012859717545768262,
      -0.01478253129979642,
      -0.05568138011922577,
      0.0,
      -0.011743006896924825,
      -0.0,
      0.0,
      -0.0,
      -0.0
   ],
   "dists": [
      8.0,
      25.0,
      27.871363510465844,
      35.98766521916116,
      55.7200783522403,
      62.595173509193856,
      81.0,
      83.21899324046579,
      91.0,
      26.0,
      64.0,
      92.0
   ],
   "p1s": [
      [
         8.0,
         30.0
      ],
      [
         25.0,
         0.0
      ],
      [
         27.874120712280273,
         0.0017627297202125192
      ],
      [
         37.27663803100586,
         99.99644470214844
      ],
      [
         55.726226806640625,
         0.004047336056828499
      ],
      [
         63.97441101074219,
         23.001426696777344
      ],
      [
         81.0,
         0.0
      ],
      [
         83.2247314453125,
         0.0
      ],
      [
         91.0,
         52.0
      ],
      [
         26.0,
         47.0
      ],
      [
         64.0,
         97.0
      ],
      [
         92.0,
         100.0
      ]
   ],
   "p2s": [
      [
         8.0,
         0.0
      ],
      [
         25.0,
         29.0
      ],
      [
         29.274364471435547,
         99.99615478515625
      ],
      [
         35.99064254760742,
         0.00012032808444928378
      ],
      [
         57.20448303222656,
         99.99697875976562
      ],
      [
         62.69328689575195,
         0.01709590293467045
      ],
      [
         81.0,
         25.0
      ],
      [
         84.39908599853516,
         100.0
      ],
      [
         91.0,
         0.0
      ],
      [
         26.0,
         100.0
      ],
      [
         64.0,
         53.0
      ],
      [
         92.0,
         73.0
      ]
   ],
   "b1s": [
      0,
      0,
      0,
      0,
      0,
      1,
      0,
      0,
      0,
      1,
      0,
      0
   ],
   "b2s": [
      0,
      1,
      0,
      0,
      0,
      0,
      1,
      0,
      0,
      0,
      1,
      0
   ]
}