{
   "angles": [
      -0.008702206184175073,
      0.0
   ],
   "dists": [
      6.74285591039431,
      11.0
   ],
   "p1s": [
      [
         6.743130683898926,
         0.002235311083495617
      ],
      [
         11.0,
         53.0
      ]
   ],
   "p2s": [
      [
         7.613353729248047,
         100.0
      ],
      [
         11.0,
         100.0
      ]
   ],
   "b1s": [
      0,
      0
   ],
   "b2s": [
      0,
      0
   ]
}