{
   "angles": [
      0.07447080104107973,
      0.013742879184159878,
      -0.07127602138344787,
      0.0880503019464185,
      0.033067950694540285,
      0.06857207170145141,
      -0.08118788221295586,
      0.10574181537462247
   ],
   "dists": [
      6.67299017933096,
      23.39903652830008,
      41.82351467122604,
      67.92131746712845,
      49.80137935722046,
      32.95952452936186,
      17.886135463072986,
      90.94820790007252
   ],
   "p1s": [
      [
         6.691536903381348,
         0.0
      ],
      [
         22.672889709472656,
         52.99550247192383
      ],
      [
         41.92997741699219,
         0.0
      ],
      [
         68.18402862548828,
         0.016245674341917038
      ],
      [
         49.564456939697266,
         7.985592365264893
      ],
      [
         26.169191360473633,
         100.0
      ],
      [
         24.694089889526367,
         82.94352722167969
      ],
      [
         83.16716003417969,
         78.1238784790039
      ]
   ],
   "p2s": [
      [
         3.0410349369049072,
         48.92859649658203
      ],
      [
         23.40117073059082,
         0.0055135926231741905
      ],
      [
         45.20808792114258,
         45.91387176513672
      ],
      [
         61.12995910644531,
         79.9231948852539
      ],
      [
         46.686363220214844,
         94.9896240234375
      ],
      [
         31.52374267578125,
         22.035964965820312
      ],
      [
         22.175155639648438,
         51.985748291015625
      ],
      [
         85.50959777832031,
         56.0540885925293
      ]
   ],
   "b1s": [
      0,
      1,
      0,
      0,
      0,
      0,
      0,
      0
   ],
   "b2s": [
      0,
      0,
      1,
      1,
      0,
      1,
      1,
      0
   ]
}