{
   "angles": [
      -0.1129780542436889,
      0.2642693839740563,
      -0.1277063914530056,
      -0.004844756135405101,
      0.06780113921800734,
      -0.0487098716699449,
      0.03351262642927287,
      -0.17611896389786227,
      -0.0881295771668712,
      -0.01328338223069371,
      -0.016848628399644693,
      -0.02594738450046356,
      -0.010983882431612383,
      -0.04503851429118858,
      0.0
   ],
   "dists": [
      37.35064047765698,
      53.39973508008266,
      64.70495623923973,
      77.15289794624191,
      94.53088732436906,
      90.26468344492396,
      24.414255607039056,
      8.15394483250329,
      7.714700727649675,
      87.57794197684305,
      59.807002796294356,
      51.31850543435382,
      42.33279067585477,
      0.9098446052096936,
      51.0
   ],
   "p1s": [
      [
         42.33845520019531,
         41.84838104248047
      ],
      [
         55.320255279541016,
         0.0
      ],
      [
         68.92819213867188,
         28.752670288085938
      ],
      [
         77.15384674072266,
         0.00894408579915762
      ],
      [
         91.76644134521484,
         43.916236877441406
      ],
      [
         94.66253662109375,
         88.01644897460938
      ],
      [
         24.029008865356445,
         11.900397300720215
      ],
      [
         15.702574729919434,
         41.69700622558594
      ],
      [
         11.093838691711426,
         37.903350830078125
      ],
      [
         88.9140853881836,
         100.0
      ],
      [
         61.50051498413086,
         100.0
      ],
      [
         52.218048095703125,
         33.99434280395508
      ],
      [
         43.43377685546875,
         100.0
      ],
      [
         5.417667388916016,
         100.0
      ],
      [
         51.0,
         76.0
      ]
   ],
   "p2s": [
      [
         37.59028625488281,
         0.0
      ],
      [
         48.0809440612793,
         26.752992630004883
      ],
      [
         65.23619842529297,
         0.0
      ],
      [
         77.6382827758789,
         100.0
      ],
      [
         93.32568359375,
         20.95421028137207
      ],
      [
         92.56658172607422,
         45.0211296081543
      ],
      [
         21.076492309570312,
         99.96903991699219
      ],
      [
         10.059791564941406,
         9.989358901977539
      ],
      [
         9.15726375579834,
         15.986104011535645
      ],
      [
         87.85155487060547,
         20.015254974365234
      ],
      [
         60.35459899902344,
         31.99402618408203
      ],
      [
         53.93110656738281,
         100.0
      ],
      [
         42.80769348144531,
         43.002113342285156
      ],
      [
         3.075955390930176,
         48.0416259765625
      ],
      [
         51.0,
         100.0
      ]
   ],
   "b1s": [
      1,
      0,
      1,
      0,
      0,
      0,
      0,
      0,
      0,
      0,
      0,
      1,
      0,
      0,
      1
   ],
   "b2s": [
      0,
      1,
      0,
      0,
      0,
      0,
      0,
      0,
      0,
      0,
      1,
      0,
      1,
      0,
      0
   ]
}