{
   "angles": [
      1.1781688548343587,
      1.5706427871064204,
      1.126264612547072,
      1.5703723162766068,
      1.1262741159581688,
      1.1702273108783525
   ],
   "dists": [
      288.69337962038236,
      180.04525637541258,
      121.2662438814538,
      183.38242591838795,
      124.5341048338755,
      292.8545087533987
   ],
   "p1s": [
      [
         9.529876708984375,
         308.5235900878906
      ],
      [
         0.9998533725738525,
         180.04510498046875
      ],
      [
         0.9395312070846558,
         133.873046875
      ],
      [
         0.9984660148620605,
         183.38201904296875
      ],
      [
         0.40339288115501404,
         137.74745178222656
      ],
      [
         40.39190673828125,
         300.92547607421875
      ]
   ],
   "p2s": [
      [
         301.14227294921875,
         187.7582550048828
      ],
      [
         300.00030517578125,
         179.99920654296875
      ],
      [
         281.6101989746094,
         0.1816323697566986
      ],
      [
         300.0005187988281,
         183.2552490234375
      ],
      [
         289.537109375,
         0.028191331773996353
      ],
      [
         300.35577392578125,
         190.84011840820312
      ]
   ],
   "b1s": [
      0,
      0,
      0,
      0,
      0,
      0
   ],
   "b2s": [
      0,
      0,
      0,
      0,
      0,
      0
   ]
}