{
   "angles": [
      -0.9706028404132565,
      1.225489976899075,
      1.237467470189137,
      -0.7100852636942478,
      1.2277410479998108,
      1.2260796968308607,
      -0.6966369230517369,
      -0.6932826886541665,
      -0.9683716468607592,
      -0.9697457136644462,
      -0.9723334629624337,
      -0.6978012830096092,
      -0.0010491845376758742,
      -8.290203884332058e-05
   ],
   "dists": [
      32.530170177987294,
      193.31508469904549,
      193.4646772865293,
      -108.0632612508697,
      196.07045874646866,
      195.93379850440115,
      -106.10818039694564,
      -102.55559658705265,
      33.19001722940749,
      35.831076590367154,
      35.06287159269476,
      -103.33337129712702,
      299.45670386055923,
      299.49639045866525
   ],
   "p1s": [
      [
         57.6561164855957,
         0.041356660425662994
      ],
      [
         236.74159240722656,
         120.28162384033203
      ],
      [
         0.8105610609054565,
         204.452880859375
      ],
      [
         0.04579954221844673,
         165.82029724121094
      ],
      [
         29.2673282623291,
         197.7484588623047
      ],
      [
         0.6252611875534058,
         207.95631408691406
      ],
      [
         27.094270706176758,
         197.7576904296875
      ],
      [
         0.17372141778469086,
         160.6865234375
      ],
      [
         238.49578857421875,
         123.73319244384766
      ],
      [
         63.58176040649414,
         0.15156053006649017
      ],
      [
         241.5142822265625,
         122.24579620361328
      ],
      [
         30.690200805664062,
         197.42123413085938
      ],
      [
         299.4579162597656,
         0.9984702467918396
      ],
      [
         299.5106506347656,
         171.9999542236328
      ]
   ],
   "p2s": [
      [
         234.80459594726562,
         121.28549194335938
      ],
      [
         300.8046875,
         97.23695373535156
      ],
      [
         25.91685676574707,
         195.75987243652344
      ],
      [
         25.500247955322266,
         195.42962646484375
      ],
      [
         300.3321838378906,
         100.93001556396484
      ],
      [
         27.722457885742188,
         198.2270050048828
      ],
      [
         113.19147491455078,
         300.6763916015625
      ],
      [
         28.40450096130371,
         194.66390991210938
      ],
      [
         300.9198913574219,
         166.6623992919922
      ],
      [
         237.43792724609375,
         119.36131286621094
      ],
      [
         300.8721923828125,
         162.72093200683594
      ],
      [
         117.24037170410156,
         300.636962890625
      ],
      [
         299.554443359375,
         93.0004653930664
      ],
      [
         299.52117919921875,
         299.0000305175781
      ]
   ],
   "b1s": [
      0,
      1,
      0,
      0,
      1,
      0,
      1,
      0,
      1,
      0,
      1,
      1,
      0,
      0
   ],
   "b2s": [
      1,
      0,
      1,
      1,
      0,
      1,
      0,
      1,
      0,
      1,
      0,
      0,
      0,
      0
   ]
}