{
   "angles": [
      1.540634115052911,
      -1.5562903571749656,
      1.5319419627288624,
      -1.557388820039395,
      1.5321798458159868,
      -0.9699858714496314,
      -1.5603386335166725,
      1.5245826122878343,
      -0.7121510605091929,
      -1.331035814471467,
      -0.9658877892201431,
      -1.2914831935344697,
      -1.5558757603218267,
      -0.7065302586475659,
      -1.3316220970177428
   ],
   "dists": [
      82.99157957323561,
      -149.95417478408146,
      83.0521925232726,
      -153.0165662389001,
      86.16642385709416,
      -45.68688828144514,
      -150.6368966868812,
      86.30544223393811,
      -73.41534422252882,
      -234.2525498346086,
      -42.17007631047264,
      29.580823918071946,
      -153.11565804460105,
      -68.46336196993167,
      -237.7743537936781
   ],
   "p1s": [
      [
         0.9698314070701599,
         83.00008392333984
      ],
      [
         0.9857213497161865,
         149.9842529296875
      ],
      [
         42.9783935546875,
         81.44418334960938
      ],
      [
         151.9856719970703,
         155.0681915283203
      ],
      [
         49.013023376464844,
         84.3370590209961
      ],
      [
         0.5003077983856201,
         55.729129791259766
      ],
      [
         211.0120086669922,
         152.85191345214844
      ],
      [
         0.9239227175712585,
         86.3549575805664
      ],
      [
         144.77760314941406,
         280.0552673339844
      ],
      [
         0.6781668663024902,
         241.3164825439453
      ],
      [
         0.5515879988670349,
         51.64858627319336
      ],
      [
         107.2874526977539,
         -0.002246676478534937
      ],
      [
         0.9828791618347168,
         153.14736938476562
      ],
      [
         147.9971923828125,
         278.85589599609375
      ],
      [
         0.7732906341552734,
         244.9297332763672
      ]
   ],
   "p2s": [
      [
         37.99646759033203,
         81.88294982910156
      ],
      [
         141.0142822265625,
         152.01565551757812
      ],
      [
         300.056396484375,
         71.4505615234375
      ],
      [
         300.0126953125,
         157.05299377441406
      ],
      [
         300.0246887207031,
         74.6390609741211
      ],
      [
         300.47357177734375,
         261.3089904785156
      ],
      [
         300.0127258300781,
         153.78269958496094
      ],
      [
         40.97699737548828,
         84.50264739990234
      ],
      [
         162.42437744140625,
         300.4969177246094
      ],
      [
         148.15426635742188,
         277.3689270019531
      ],
      [
         43.001853942871094,
         80.997314453125
      ],
      [
         300.4585266113281,
         55.40131759643555
      ],
      [
         130.99868774414062,
         155.08743286132812
      ],
      [
         166.44688415527344,
         300.4720764160156
      ],
      [
         144.7472381591797,
         280.0365905761719
      ]
   ],
   "b1s": [
      0,
      0,
      1,
      1,
      1,
      0,
      1,
      0,
      1,
      0,
      0,
      0,
      0,
      1,
      0
   ],
   "b2s": [
      1,
      1,
      0,
      0,
      0,
      0,
      0,
      1,
      0,
      1,
      1,
      0,
      1,
      0,
      1
   ]
}