{
   "angles": [
      1.2302318004412154,
      -0.6841415662560796,
      1.227567342674135,
      1.2285195783738978,
      -0.6821224873108883,
      -0.6972303915823149,
      -0.6830333359523454,
      1.2289422710522129,
      -0.6896857110473258,
      -0.6968447455189319
   ],
   "dists": [
      294.20154679191796,
      -55.76535993746446,
      294.21316608313896,
      297.3572929060473,
      -55.17044839415621,
      124.7539789037232,
      -52.48529241091114,
      297.4581475165602,
      -54.55596358237507,
      127.93556961435436
   ],
   "p1s": [
      [
         30.471336364746094,
         301.3300476074219
      ],
      [
         0.2842293977737427,
         88.58373260498047
      ],
      [
         144.56187438964844,
         260.7740173339844
      ],
      [
         145.31765747070312,
         263.8915100097656
      ],
      [
         143.1133575439453,
         263.7201232910156
      ],
      [
         162.92230224609375,
         0.2275104969739914
      ],
      [
         -0.1687309294939041,
         82.95098876953125
      ],
      [
         41.359745025634766,
         301.0110168457031
      ],
      [
         146.61309814453125,
         263.49432373046875
      ],
      [
         166.9791259765625,
         0.1805662214756012
      ]
   ],
   "p2s": [
      [
         141.62452697753906,
         261.9404602050781
      ],
      [
         141.4270782470703,
         261.6517028808594
      ],
      [
         300.7049255371094,
         204.97254943847656
      ],
      [
         300.2460021972656,
         208.69046020507812
      ],
      [
         173.14382934570312,
         300.69537353515625
      ],
      [
         300.5465393066406,
         164.542236328125
      ],
      [
         144.9155731201172,
         261.2550048828125
      ],
      [
         143.83865356445312,
         264.5465393066406
      ],
      [
         177.24017333984375,
         300.626708984375
      ],
      [
         300.9234924316406,
         160.22711181640625
      ]
   ],
   "b1s": [
      0,
      0,
      1,
      1,
      1,
      0,
      0,
      0,
      1,
      0
   ],
   "b2s": [
      1,
      1,
      0,
      0,
      0,
      0,
      1,
      1,
      0,
      0
   ]
}