{
   "angles": [
      -1.5705413690950991,
      1.140003727312123,
      -0.051068324139705086,
      -0.05078404361271132,
      1.1248012161711294,
      -1.4964560894428793,
      1.5698592618909972
   ],
   "dists": [
      -179.05102408123813,
      286.8840323959399,
      141.4355919465204,
      144.53834512046578,
      291.69276005260855,
      9.37538197743595,
      182.43617358690582
   ],
   "p1s": [
      [
         0.9997318387031555,
         179.05128479003906
      ],
      [
         6.794458866119385,
         312.608154296875
      ],
      [
         141.66958618164062,
         0.9657754898071289
      ],
      [
         144.7737579345703,
         0.9606710076332092
      ],
      [
         46.51582717895508,
         301.078857421875
      ],
      [
         150.93743896484375,
         1.8400930166244507
      ],
      [
         0.998534083366394,
         182.43531799316406
      ]
   ],
   "p2s": [
      [
         151.00022888183594,
         179.08953857421875
      ],
      [
         301.46331787109375,
         177.18405151367188
      ],
      [
         150.77261352539062,
         179.06272888183594
      ],
      [
         153.92752075195312,
         181.05450439453125
      ],
      [
         300.3431091308594,
         179.7176513671875
      ],
      [
         300.078369140625,
         12.947744369506836
      ],
      [
         153.00027465820312,
         182.2928924560547
      ]
   ],
   "b1s": [
      0,
      0,
      0,
      0,
      0,
      0,
      0
   ],
   "b2s": [
      1,
      0,
      1,
      1,
      0,
      0,
      1
   ]
}