{
   "angles": [
      0.3210857732071447,
      1.5323035161476677,
      -1.5571732174954056,
      -0.9704266139990325,
      1.5321496282144964,
      0.3220635149055199,
      -1.3316967497098129,
      -1.3314615835023493,
      -1.5569175698796685,
      -0.9716937044256917
   ],
   "dists": [
      90.37829190698987,
      94.56372098526178,
      -145.98413980235043,
      124.64380238333554,
      97.76204208515671,
      93.73396492210135,
      -163.01107865232092,
      -166.41353480275785,
      -149.1684096738678,
      127.44714320622856
   ],
   "p1s": [
      [
         0.21113166213035583,
         285.7376403808594
      ],
      [
         0.9844379425048828,
         94.59590911865234
      ],
      [
         0.9862244129180908,
         146.01112365722656
      ],
      [
         221.3477325439453,
         0.49212032556533813
      ],
      [
         0.9535324573516846,
         97.79822540283203
      ],
      [
         0.7411614656448364,
         293.91363525390625
      ],
      [
         37.759037017822266,
         176.98851013183594
      ],
      [
         39.75665283203125,
         180.9972686767578
      ],
      [
         0.9833940267562866,
         149.19642639160156
      ],
      [
         227.15074157714844,
         0.7792354226112366
      ]
   ],
   "p2s": [
      [
         36.339195251464844,
         177.11280822753906
      ],
      [
         300.0415344238281,
         83.07868194580078
      ],
      [
         300.012451171875,
         150.08505249023438
      ],
      [
         300.7720642089844,
         54.87235641479492
      ],
      [
         300.0476989746094,
         86.23347473144531
      ],
      [
         38.47658920288086,
         180.82534790039062
      ],
      [
         300.2500915527344,
         240.97401428222656
      ],
      [
         300.1152038574219,
         244.52781677246094
      ],
      [
         300.02294921875,
         153.3470001220703
      ],
      [
         300.6882019042969,
         50.99211120605469
      ]
   ],
   "b1s": [
      0,
      0,
      0,
      0,
      0,
      0,
      1,
      1,
      0,
      0
   ],
   "b2s": [
      1,
      0,
      0,
      0,
      0,
      1,
      0,
      0,
      0,
      0
   ]
}