{
   "angles": [
      -0.08292969688072772,
      -0.020653470883697678,
      -0.054560049913336614,
      1.1260508772345839,
      1.1268100348044512,
      1.5455291600101062,
      1.227546323248441,
      -0.05559249501072791,
      -1.4827872612117128,
      -1.499545809805692,
      -1.4992566984429991,
      -1.5383581560672048
   ],
   "dists": [
      -1.7814806301936734,
      13.762797889634241,
      3.9078085343935935,
      263.5286509218921,
      266.80381309962564,
      20.552296043674552,
      115.16807624203798,
      6.851409898006731,
      -245.02848755590406,
      -245.48476054789361,
      -248.65934731487525,
      -249.2961671428099
   ],
   "p1s": [
      [
         22.060583114624023,
         286.9118347167969
      ],
      [
         19.714900970458984,
         288.0058898925781
      ],
      [
         4.948473930358887,
         18.948200225830078
      ],
      [
         0.3982826769351959,
         291.7374572753906
      ],
      [
         0.6015931963920593,
         295.16241455078125
      ],
      [
         8.03426456451416,
         20.355812072753906
      ],
      [
         12.321263313293457,
         117.89889526367188
      ],
      [
         8.027475357055664,
         20.942821502685547
      ],
      [
         0.9064253568649292,
         246.06048583984375
      ],
      [
         90.03318786621094,
         252.5349884033203
      ],
      [
         87.03339385986328,
         255.53399658203125
      ],
      [
         0.9526785016059875,
         249.4582977294922
      ]
   ],
   "p2s": [
      [
         23.1474552154541,
         299.98773193359375
      ],
      [
         19.963098526000977,
         300.02142333984375
      ],
      [
         10.196666717529297,
         115.04387664794922
      ],
      [
         300.7573547363281,
         148.589111328125
      ],
      [
         300.6791076660156,
         152.42770385742188
      ],
      [
         296.0019836425781,
         13.078145027160645
      ],
      [
         300.6601867675781,
         14.847212791442871
      ],
      [
         13.202367782592773,
         113.93309020996094
      ],
      [
         18.037755966186523,
         247.57211303710938
      ],
      [
         300.10504150390625,
         267.5281066894531
      ],
      [
         300.08587646484375,
         270.8017578125
      ],
      [
         17.967212677001953,
         250.0104217529297
      ]
   ],
   "b1s": [
      1,
      1,
      0,
      0,
      0,
      0,
      1,
      0,
      0,
      1,
      1,
      0
   ],
   "b2s": [
      0,
      0,
      1,
      0,
      0,
      0,
      0,
      1,
      1,
      0,
      0,
      1
   ]
}