{
   "angles": [
      -1.5563547113665277,
      0.6930924531035666,
      0.1997082810265588,
      -1.5562753518598749,
      1.5317398653770378,
      1.5330166732111339,
      1.5257696149588273,
      0.19997820609874442,
      -0.008166311651466548,
      -0.006072971730036398,
      1.5169347487054927,
      0.6939284970241271,
      0.20131064243580707,
      0.19989695268719843,
      0.32080339045724326,
      0.0026116509045752945,
      -1.5704780465813737
   ],
   "dists": [
      -141.8790225103755,
      102.05441288667178,
      200.53618667679584,
      -145.0416404411723,
      106.33915253449251,
      109.15447246044211,
      106.35087518787525,
      200.41230559466018,
      81.14313890967824,
      84.71469327318479,
      109.62310502481412,
      105.2691551884603,
      203.68541027387366,
      203.54627362106385,
      376.02671323867446,
      1.806453571409748,
      -1.3920184366883481
   ],
   "p1s": [
      [
         179.0075225830078,
         144.47915649414062
      ],
      [
         0.7669060230255127,
         158.806396484375
      ],
      [
         184.58168029785156,
         98.91532897949219
      ],
      [
         176.97637939453125,
         147.62698364257812
      ],
      [
         187.9638671875,
         99.07537078857422
      ],
      [
         187.0439453125,
         102.16259765625
      ],
      [
         0.9286717772483826,
         106.41693115234375
      ],
      [
         143.6544647216797,
         300.1326599121094
      ],
      [
         82.32173156738281,
         143.9892120361328
      ],
      [
         85.61504364013672,
         147.9962615966797
      ],
      [
         0.7703702449798584,
         109.74077606201172
      ],
      [
         0.21025165915489197,
         164.34295654296875
      ],
      [
         188.04476928710938,
         97.21321105957031
      ],
      [
         146.9049072265625,
         299.9807434082031
      ],
      [
         296.40277099609375,
         300.46612548828125
      ],
      [
         1.4199316501617432,
         148.0010986328125
      ],
      [
         141.99986267089844,
         1.4372142553329468
      ]
   ],
   "p2s": [
      [
         300.01116943359375,
         146.22677612304688
      ],
      [
         132.3092498779297,
         0.42630141973495483
      ],
      [
         204.42396545410156,
         0.8834066390991211
      ],
      [
         300.0085144042969,
         149.41366577148438
      ],
      [
         300.06622314453125,
         94.69483184814453
      ],
      [
         300.0337219238281,
         97.89186096191406
      ],
      [
         46.06232833862305,
         104.38334655761719
      ],
      [
         174.54942321777344,
         147.70599365234375
      ],
      [
         83.59588623046875,
         300.011474609375
      ],
      [
         86.53822326660156,
         300.0088806152344
      ],
      [
         43.02494430541992,
         107.46268463134766
      ],
      [
         137.28941345214844,
         -0.42313912510871887
      ],
      [
         207.73226928710938,
         0.7412881851196289
      ],
      [
         177.70858764648438,
         147.9409637451172
      ],
      [
         300.0921630859375,
         289.3629150390625
      ],
      [
         1.500899314880371,
         116.99869537353516
      ],
      [
         195.99986267089844,
         1.4544113874435425
      ]
   ],
   "b1s": [
      1,
      0,
      1,
      1,
      1,
      1,
      0,
      0,
      1,
      1,
      0,
      0,
      1,
      0,
      0,
      0,
      0
   ],
   "b2s": [
      0,
      0,
      0,
      0,
      0,
      0,
      1,
      1,
      0,
      0,
      1,
      0,
      0,
      1,
      0,
      0,
      0
   ]
}