{
   "angles": [
      1.553081252551976,
      -1.291604411029718,
      -0.9729910312469114,
      -0.9704265167298477
   ],
   "dists": [
      71.15688010644733,
      -53.546191261751304,
      -216.41909465774523,
      -212.63702240898965
   ],
   "p1s": [
      [
         0.9849513173103333,
         71.15059661865234
      ],
      [
         56.32923889160156,
         71.85154724121094
      ],
      [
         0.2984737455844879,
         262.0302429199219
      ],
      [
         0.35348108410835266,
         257.94427490234375
      ]
   ],
   "p2s": [
      [
         37.991050720214844,
         70.4949722290039
      ],
      [
         300.0776062011719,
         141.729248046875
      ],
      [
         57.3857421875,
         300.902099609375
      ],
      [
         63.29061508178711,
         301.03607177734375
      ]
   ],
   "b1s": [
      0,
      1,
      0,
      0
   ],
   "b2s": [
      1,
      0,
      0,
      0
   ]
}