{
   "angles": [
      0.9874496513111342,
      1.4208925887909705,
      1.420736654809404,
      -0.46887846678829176,
      -0.6883387422692946,
      0.9873381424832699,
      -0.4690435604338858,
      -0.6879532641154276
   ],
   "dists": [
      238.17746243503603,
      88.31136710834454,
      91.5370174423208,
      130.7415183219913,
      176.8072987983069,
      241.57768763581188,
      133.69944671948392,
      180.01416341090666
   ],
   "p1s": [
      [
         0.40743401646614075,
         285.10211181640625
      ],
      [
         0.8762450218200684,
         89.18062591552734
      ],
      [
         0.7673646807670593,
         92.46136474609375
      ],
      [
         219.80853271484375,
         144.60353088378906
      ],
      [
         271.3350830078125,
         51.546913146972656
      ],
      [
         0.4510987401008606,
         289.1684875488281
      ],
      [
         221.47543334960938,
         141.26583862304688
      ],
      [
         273.5744323730469,
         49.34978103637695
      ]
   ],
   "p2s": [
      [
         220.0824432373047,
         140.1249237060547
      ],
      [
         273.0118103027344,
         48.078163146972656
      ],
      [
         270.11151123046875,
         51.737548828125
      ],
      [
         298.82659912109375,
         300.5943908691406
      ],
      [
         300.7869873046875,
         87.3526611328125
      ],
      [
         219.41355895996094,
         144.62649536132812
      ],
      [
         300.3149108886719,
         296.8404235839844
      ],
      [
         300.73504638671875,
         82.39588165283203
      ]
   ],
   "b1s": [
      0,
      0,
      0,
      1,
      1,
      0,
      1,
      1
   ],
   "b2s": [
      1,
      1,
      1,
      0,
      0,
      1,
      0,
      0
   ]
}