{
   "angles": [
      -0.01059250413000704,
      0.3231044907390759,
      0.3211862354107552,
      1.0017014378807534,
      1.4210269143635947,
      -0.15145179626322916,
      1.4236139051803443,
      1.4138544221918465,
      -0.008068020043386696,
      -0.01240485683415734,
      -0.15111183786166774,
      -0.01134977541971254,
      1.4184909509883488,
      -0.15115694207157965,
      -0.1511890564496427,
      0.3226751389509606,
      1.0101994273002817
   ],
   "dists": [
      86.5814312394376,
      280.93753542869024,
      280.9332353256974,
      402.7320257467718,
      133.27554345183816,
      143.10582964720217,
      135.68301816906245,
      135.25029861797543,
      86.85161843163219,
      83.52756196476848,
      143.11177724967848,
      83.41466868022876,
      136.50860262210284,
      146.16705351634906,
      146.15563843929883,
      284.0155063294835,
      405.26327543622335
   ],
   "p1s": [
      [
         87.92089080810547,
         125.99024200439453
      ],
      [
         195.7342987060547,
         300.2458801269531
      ],
      [
         264.220458984375,
         95.74063873291016
      ],
      [
         276.69366455078125,
         301.0843505859375
      ],
      [
         0.7983861565589905,
         134.66390991210938
      ],
      [
         144.8946990966797,
         0.8634503483772278
      ],
      [
         266.7943115234375,
         97.6125717163086
      ],
      [
         267.926513671875,
         94.53565979003906
      ],
      [
         86.86245727539062,
         0.9930415749549866
      ],
      [
         83.54631042480469,
         0.993222713470459
      ],
      [
         161.9916229248047,
         113.15354919433594
      ],
      [
         84.83897399902344,
         125.01317596435547
      ],
      [
         0.6931570172309875,
         138.00094604492188
      ],
      [
         147.9824676513672,
         0.8503523468971252
      ],
      [
         165.18275451660156,
         113.8198013305664
      ],
      [
         199.04583740234375,
         300.3497009277344
      ],
      [
         283.379150390625,
         300.6039733886719
      ]
   ],
   "p2s": [
      [
         89.76429748535156,
         300.0130920410156
      ],
      [
         263.509033203125,
         97.83560943603516
      ],
      [
         295.8667297363281,
         0.6229490637779236
      ],
      [
         300.5335998535156,
         285.8341369628906
      ],
      [
         84.9937973022461,
         121.9588851928711
      ],
      [
         161.5841522216797,
         110.2160873413086
      ],
      [
         300.10003662109375,
         92.67485809326172
      ],
      [
         300.2254333496094,
         89.4245834350586
      ],
      [
         87.83064270019531,
         120.99330139160156
      ],
      [
         85.03520202636719,
         121.01197052001953
      ],
      [
         190.45584106445312,
         300.0828552246094
      ],
      [
         86.82527160644531,
         300.0133361816406
      ],
      [
         83.20504760742188,
         125.33586883544922
      ],
      [
         164.4453582763672,
         108.93216705322266
      ],
      [
         193.55787658691406,
         300.0673522949219
      ],
      [
         299.2235107421875,
         0.740368664264679
      ],
      [
         300.5267333984375,
         289.83905029296875
      ]
   ],
   "b1s": [
      1,
      0,
      1,
      0,
      0,
      0,
      1,
      1,
      0,
      0,
      1,
      1,
      0,
      0,
      1,
      0,
      0
   ],
   "b2s": [
      0,
      1,
      0,
      0,
      1,
      1,
      0,
      0,
      1,
      1,
      0,
      0,
      1,
      1,
      0,
      0,
      0
   ]
}