{
   "angles": [
      1.1701956391968904,
      -0.05087614296257887,
      1.1700458240755625,
      -0.050082538680739586,
      -1.4983964217474917,
      -0.6953462107735247,
      -0.6953194663759337
   ],
   "dists": [
      217.6166403383416,
      129.2758536911927,
      214.3615300381327,
      126.43282687898011,
      -288.4050157844205,
      87.15455079180528,
      90.23596852451956
   ],
   "p1s": [
      [
         0.6063960194587708,
         236.0706024169922
      ],
      [
         138.5032196044922,
         177.9234619140625
      ],
      [
         0.7785597443580627,
         232.4773406982422
      ],
      [
         135.617431640625,
         180.06930541992188
      ],
      [
         0.9108930230140686,
         289.2286071777344
      ],
      [
         113.791015625,
         0.34000763297080994
      ],
      [
         117.79722595214844,
         0.3348624110221863
      ]
   ],
   "p2s": [
      [
         300.45855712890625,
         109.08277893066406
      ],
      [
         144.7252655029297,
         300.1158447265625
      ],
      [
         300.61199951171875,
         105.44447326660156
      ],
      [
         141.62982177734375,
         300.0185546875
      ],
      [
         137.06503295898438,
         299.1034240722656
      ],
      [
         127.81812286376953,
         17.15175437927246
      ],
      [
         130.51113891601562,
         15.573551177978516
      ]
   ],
   "b1s": [
      0,
      1,
      0,
      1,
      0,
      0,
      0
   ],
   "b2s": [
      0,
      0,
      0,
      0,
      0,
      1,
      1
   ]
}