{
   "angles": [
      0.9875207798975066,
      1.2276631064506234,
      -1.4997739683487867,
      -0.006967321655320451,
      -0.010531936758925099,
      0.9879944649305371,
      0.29582936716252706
   ],
   "dists": [
      152.75449088730588,
      213.33567919486262,
      -224.00535094871455,
      86.88447596824538,
      89.68861186401632,
      156.04728713877708,
      189.66707955218942
   ],
   "p1s": [
      [
         90.52471160888672,
         123.27970886230469
      ],
      [
         0.7416700720787048,
         226.2769317626953
      ],
      [
         12.040685653686523,
         225.4281005859375
      ],
      [
         86.89350891113281,
         0.9937745332717896
      ],
      [
         89.70404052734375,
         0.9925848245620728
      ],
      [
         89.10704803466797,
         128.1623992919922
      ],
      [
         195.0188751220703,
         10.700977325439453
      ]
   ],
   "p2s": [
      [
         277.3436584472656,
         0.005357252899557352
      ],
      [
         300.7483825683594,
         119.09471893310547
      ],
      [
         300.0768737792969,
         245.91958618164062
      ],
      [
         87.77842712402344,
         128.0015411376953
      ],
      [
         90.98895263671875,
         122.98958587646484
      ],
      [
         283.3993225097656,
         0.08875848352909088
      ],
      [
         198.1475372314453,
         0.43541842699050903
      ]
   ],
   "b1s": [
      1,
      0,
      1,
      0,
      0,
      1,
      1
   ],
   "b2s": [
      0,
      0,
      0,
      1,
      1,
      0,
      0
   ]
}