{
   "angles": [
      1.1706430327236,
      1.170319832238719,
      1.5707898632249238,
      1.5705442943059302,
      -1.5707782946499884
   ],
   "dists": [
      54.59387848843856,
      57.826181016718785,
      179.0635287986578,
      182.41545304749036,
      -299.0716677099448
   ],
   "p1s": [
      [
         0.5887196063995361,
         59.027645111083984
      ],
      [
         0.415333092212677,
         62.61896514892578
      ],
      [
         0.9999939799308777,
         179.0635223388672
      ],
      [
         0.9996007084846497,
         182.4152069091797
      ],
      [
         1.0000168085098267,
         299.0716857910156
      ]
   ],
   "p2s": [
      [
         139.66285705566406,
         0.20291751623153687
      ],
      [
         148.53863525390625,
         -0.08976567536592484
      ],
      [
         300.0,
         179.0615997314453
      ],
      [
         300.0003356933594,
         182.33985900878906
      ],
      [
         300.0000305175781,
         299.07708740234375
      ]
   ],
   "b1s": [
      0,
      0,
      0,
      0,
      0
   ],
   "b2s": [
      0,
      0,
      0,
      0,
      0
   ]
}