{
   "angles": [
      1.1262412241115412,
      -0.6858680534128271,
      -1.5000572397887741,
      1.1259002182736197,
      -0.6841753983979502,
      1.2330729694477978
   ],
   "dists": [
      133.9870517715147,
      134.24787882399954,
      -270.24001503501125,
      137.27181938321732,
      137.57235279563074,
      13.833153783288616
   ],
   "p1s": [
      [
         0.5869281888008118,
         148.13284301757812
      ],
      [
         173.77525329589844,
         0.3655199408531189
      ],
      [
         0.9303105473518372,
         270.9834899902344
      ],
      [
         0.4556640684604645,
         151.85830688476562
      ],
      [
         177.80587768554688,
         0.34273561835289
      ],
      [
         0.4717220067977905,
         14.495694160461426
      ]
   ],
   "p2s": [
      [
         211.3883819580078,
         47.716060638427734
      ],
      [
         212.36610412597656,
         47.518795013427734
      ],
      [
         180.9476318359375,
         283.7390441894531
      ],
      [
         215.64727783203125,
         49.26019287109375
      ],
      [
         216.31484985351562,
         47.558799743652344
      ],
      [
         41.65983963012695,
         0.031367190182209015
      ]
   ],
   "b1s": [
      0,
      0,
      0,
      0,
      0,
      0
   ],
   "b2s": [
      1,
      1,
      1,
      1,
      1,
      0
   ]
}