{
   "angles": [
      1.5660566144418544,
      1.1698138784195309,
      1.1719830400625662,
      -0.05372449098759493,
      -0.053111266331002924,
      -0.05317073025349774,
      -0.05331707527044453,
      1.566852681170024,
      1.4675200513597235
   ],
   "dists": [
      180.15040645544804,
      175.38319964211504,
      171.79234703008905,
      22.89722308860773,
      19.98205216829734,
      23.024211840933663,
      19.92626595376935,
      183.27086921249608,
      182.13278502345597
   ],
   "p1s": [
      [
         25.000160217285156,
         180.033935546875
      ],
      [
         0.665641725063324,
         190.21133422851562
      ],
      [
         0.28462740778923035,
         186.3023681640625
      ],
      [
         32.769134521484375,
         182.95863342285156
      ],
      [
         20.06043243408203,
         0.9436260461807251
      ],
      [
         23.106882095336914,
         0.9410907626152039
      ],
      [
         29.721694946289062,
         183.0148468017578
      ],
      [
         33.0045051574707,
         183.1421356201172
      ],
      [
         0.8979499340057373,
         183.01536560058594
      ]
   ],
   "p2s": [
      [
         300.0034484863281,
         178.73049926757812
      ],
      [
         300.4700622558594,
         63.10873794555664
      ],
      [
         300.7170715332031,
         59.70163345336914
      ],
      [
         39.065879821777344,
         300.05023193359375
      ],
      [
         29.209400177001953,
         173.04202270507812
      ],
      [
         32.260440826416016,
         172.93292236328125
      ],
      [
         35.967857360839844,
         300.0550842285156
      ],
      [
         300.0043029785156,
         182.0891876220703
      ],
      [
         10.007384300231934,
         182.07122802734375
      ]
   ],
   "b1s": [
      1,
      0,
      0,
      1,
      0,
      0,
      1,
      1,
      0
   ],
   "b2s": [
      0,
      0,
      0,
      0,
      1,
      1,
      0,
      0,
      1
   ]
}