{
   "angles": [
      0.42511529938510123,
      -1.0171811479091808,
      -0.6657537902740265,
      -0.8104824698633658,
      1.0575440079343235,
      -1.1654422520481227,
      0.6022873578060519,
      -0.9111054526218086,
      -0.9100813791411453,
      0.4385132117895958,
      -0.0024999948541858086,
      0.8065714933747044,
      1.0318197547533643,
      -0.4410383729174407,
      0.8847144744599718,
      -0.8525752006432664,
      -0.7715486470992677,
      0.8231808973490415
   ],
   "dists": [
      308.9069359606982,
      -234.57280603938602,
      -59.09895963744822,
      -112.73662482584268,
      812.3098286037642,
      -312.77129182567995,
      525.738749086024,
      -196.56252954331836,
      -334.05979622869,
      640.2625262047734,
      139.99956247702897,
      704.1670711572892,
      839.5383906021898,
      122.24460316862275,
      676.6367512529212,
      -267.6306335828424,
      -247.35788085543865,
      755.9428778388564
   ],
   "p1s": [
      [
         158,
         400
      ],
      [
         201,
         400
      ],
      [
         239,
         400
      ],
      [
         400,
         536
      ],
      [
         235,
         800
      ],
      [
         139,
         400
      ],
      [
         363,
         400
      ],
      [
         195,
         400
      ],
      [
         189,
         570
      ],
      [
         332,
         800
      ],
      [
         141,
         400
      ],
      [
         400,
         592
      ],
      [
         298,
         800
      ],
      [
         400,
         561
      ],
      [
         400,
         547
      ],
      [
         400,
         705
      ],
      [
         44,
         400
      ],
      [
         400,
         660
      ]
   ],
   "p2s": [
      [
         0,
         749
      ],
      [
         400,
         523
      ],
      [
         400,
         605
      ],
      [
         257,
         400
      ],
      [
         400,
         707
      ],
      [
         400,
         512
      ],
      [
         88,
         800
      ],
      [
         400,
         559
      ],
      [
         400,
         734
      ],
      [
         400,
         655
      ],
      [
         142,
         800
      ],
      [
         183,
         800
      ],
      [
         400,
         739
      ],
      [
         324,
         400
      ],
      [
         91,
         800
      ],
      [
         51,
         400
      ],
      [
         400,
         766
      ],
      [
         249,
         800
      ]
   ],
   "b1s": [],
   "b2s": [],
   "colors": [
      [
         0.0,
         0.0,
         0.0
      ],
      [
         0.0,
         0.0,
         0.0
      ],
      [
         0.0,
         0.0,
         0.0
      ],
      [
         0.0,
         0.0,
         0.0
      ],
      [
         0.0,
         0.0,
         0.0
      ],
      [
         0.0,
         0.0,
         0.0
      ],
      [
         0.0,
         0.0,
         0.0
      ],
      [
         0.0,
         0.0,
         0.0
      ],
      [
         0.0,
         0.0,
         0.0
      ],
      [
         0.0,
         0.0,
         0.0
      ],
      [
         0.0,
         0.0,
         0.0
      ],
      [
         0.0,
         0.0,
         0.0
      ],
      [
         0.0,
         0.0,
         0.0
      ],
      [
         0.0,
         0.0,
         0.0
      ],
      [
         0.0,
         0.0,
         0.0
      ],
      [
         0.0,
         0.0,
         0.0
      ],
      [
         0.0,
         0.0,
         0.0
      ],
      [
         0.0,
         0.0,
         0.0
      ]
   ],
   "categories": [
      0.0,
      0.0,
      0.0,
      0.0,
      0.0,
      0.0,
      0.0,
      0.0,
      0.0,
      0.0,
      0.0,
      0.0,
      0.0,
      0.0,
      0.0,
      0.0,
      0.0,
      0.0
   ]
}