{
   "angles": [
      0.28225741529391635,
      -1.0147402613411054,
      -1.3847991850758863,
      -0.5822829517431525,
      -0.667526117396753,
      -1.226990489228112,
      -1.163164885188672,
      -0.0,
      1.4884827628342165,
      0.8680123157047686,
      -0.473956501105605,
      -0.3723182084330111,
      -0.9114862740809377,
      -0.42821667530616975,
      -0.908904299888578,
      -0.3707618969157639,
      -0.197395944466005,
      -0.3051608317799986,
      -0.8523903814185563,
      1.0158005813979454,
      -0.63578919468542,
      -1.3447279150570675,
      0.03524987729842258,
      -0.5621867326250634
   ],
   "dists": [
      1294.6584732288538,
      -232.9216728998557,
      -996.965212783694,
      141.88245711147738,
      -61.950771902877136,
      -440.0424231836756,
      -311.0563002769479,
      800.0,
      1203.9098644894136,
      1182.4514706889347,
      614.5080126122741,
      765.2851113941579,
      -196.813366182293,
      602.0705050233787,
      -333.42864852205815,
      472.5576493912536,
      964.8909968708174,
      717.2565739373082,
      -266.96174582658375,
      1414.2380801733802,
      304.61046026197516,
      -815.7026575053752,
      923.6374557322295,
      312.2077883651765
   ],
   "p1s": [
      [
         1000,
         1200
      ],
      [
         846,
         800
      ],
      [
         986,
         1200
      ],
      [
         800,
         957
      ],
      [
         800,
         1115
      ],
      [
         1172,
         887
      ],
      [
         1068,
         800
      ],
      [
         800,
         800
      ],
      [
         1200,
         1109
      ],
      [
         885,
         800
      ],
      [
         1200,
         993
      ],
      [
         1200,
         969
      ],
      [
         800,
         869
      ],
      [
         1200,
         1179
      ],
      [
         800,
         1046
      ],
      [
         963,
         1173
      ],
      [
         1144,
         800
      ],
      [
         1004,
         800
      ],
      [
         967,
         1200
      ],
      [
         800,
         1168
      ],
      [
         969,
         800
      ],
      [
         1200,
         1113
      ],
      [
         896,
         800
      ],
      [
         1125,
         1200
      ]
   ],
   "p2s": [
      [
         1116,
         800
      ],
      [
         1200,
         1020
      ],
      [
         800,
         1165
      ],
      [
         960,
         1200
      ],
      [
         867,
         1200
      ],
      [
         929,
         800
      ],
      [
         1200,
         857
      ],
      [
         800,
         800
      ],
      [
         800,
         1142
      ],
      [
         800,
         872
      ],
      [
         1101,
         800
      ],
      [
         1134,
         800
      ],
      [
         1200,
         1179
      ],
      [
         1027,
         800
      ],
      [
         963,
         1173
      ],
      [
         818,
         800
      ],
      [
         1145,
         805
      ],
      [
         1130,
         1200
      ],
      [
         800,
         1054
      ],
      [
         1200,
         920
      ],
      [
         1200,
         1113
      ],
      [
         800,
         1021
      ],
      [
         882,
         1197
      ],
      [
         873,
         800
      ]
   ],
   "b1s": [],
   "b2s": [],
   "colors": [
      [
         0.0,
         0.0,
         0.0
      ],
      [
         0.0,
         0.0,
         0.0
      ],
      [
         0.0,
         0.0,
         0.0
      ],
      [
         0.0,
         0.0,
         0.0
      ],
      [
         0.0,
         0.0,
         0.0
      ],
      [
         0.0,
         0.0,
         0.0
      ],
      [
         0.0,
         0.0,
         0.0
      ],
      [
         0.0,
         0.0,
         0.0
      ],
      [
         0.0,
         0.0,
         0.0
      ],
      [
         0.0,
         0.0,
         0.0
      ],
      [
         0.0,
         0.0,
         0.0
      ],
      [
         0.0,
         0.0,
         0.0
      ],
      [
         0.0,
         0.0,
         0.0
      ],
      [
         0.0,
         0.0,
         0.0
      ],
      [
         0.0,
         0.0,
         0.0
      ],
      [
         0.0,
         0.0,
         0.0
      ],
      [
         0.0,
         0.0,
         0.0
      ],
      [
         0.0,
         0.0,
         0.0
      ],
      [
         0.0,
         0.0,
         0.0
      ],
      [
         0.0,
         0.0,
         0.0
      ],
      [
         0.0,
         0.0,
         0.0
      ],
      [
         0.0,
         0.0,
         0.0
      ],
      [
         0.0,
         0.0,
         0.0
      ],
      [
         0.0,
         0.0,
         0.0
      ]
   ],
   "categories": [
      0.0,
      0.0,
      0.0,
      0.0,
      0.0,
      0.0,
      0.0,
      0.0,
      0.0,
      0.0,
      0.0,
      0.0,
      0.0,
      0.0,
      0.0,
      0.0,
      0.0,
      0.0,
      0.0,
      0.0,
      0.0,
      0.0,
      0.0,
      0.0
   ]
}