{
   "angles": [
      -1.0139968025541253,
      -0.665289452735312,
      -0.8112226604157445,
      1.0603079858464524,
      -1.2277722596773664,
      -1.1625903224245966,
      0.26984913771587443,
      -0.9115365020467272,
      -0.9048271630225208,
      -0.37032339001069314,
      0.43984256770714364,
      0.8058035201039704,
      1.0377621980727885,
      -0.4416545235934022,
      0.8859751141800759,
      0.576879613638671,
      0.7514489661823922,
      -0.8539181268180038,
      -0.7704740454007041,
      -0.6350267633177036,
      0.820050980417248,
      1.294282442709112,
      -0.562388356161289,
      -0.7733506725563393,
      1.154172897696498
   ],
   "dists": [
      -232.61253246499237,
      -58.76330658044242,
      -113.22454373371619,
      812.3031009169385,
      -441.0041561613927,
      -311.14588772347406,
      931.5336916829135,
      -196.8464378456071,
      -330.0290964534827,
      472.8829267559229,
      640.8245332955444,
      704.0740212717834,
      839.7375255754087,
      121.8267917337945,
      676.6828955954583,
      992.8729082096542,
      943.6596161067858,
      -268.65787550643466,
      -246.46798400812196,
      305.3279989971652,
      755.4527673418881,
      947.6087576201227,
      312.07279921263984,
      263.7060351836159,
      958.3756517518133
   ],
   "p1s": [
      [
         400,
         523
      ],
      [
         400,
         605
      ],
      [
         678,
         800
      ],
      [
         400,
         707
      ],
      [
         800,
         754
      ],
      [
         400,
         512
      ],
      [
         761,
         743
      ],
      [
         400,
         559
      ],
      [
         400,
         734
      ],
      [
         800,
         754
      ],
      [
         400,
         655
      ],
      [
         600,
         400
      ],
      [
         400,
         739
      ],
      [
         513,
         800
      ],
      [
         580,
         400
      ],
      [
         800,
         591
      ],
      [
         800,
         526
      ],
      [
         509,
         800
      ],
      [
         400,
         766
      ],
      [
         674,
         400
      ],
      [
         594,
         479
      ],
      [
         800,
         758
      ],
      [
         800,
         684
      ],
      [
         759,
         400
      ],
      [
         800,
         694
      ]
   ],
   "p2s": [
      [
         800,
         772
      ],
      [
         553,
         800
      ],
      [
         400,
         536
      ],
      [
         800,
         483
      ],
      [
         730,
         729
      ],
      [
         800,
         685
      ],
      [
         800,
         602
      ],
      [
         711,
         800
      ],
      [
         484,
         800
      ],
      [
         767,
         669
      ],
      [
         520,
         400
      ],
      [
         400,
         592
      ],
      [
         800,
         503
      ],
      [
         400,
         561
      ],
      [
         400,
         547
      ],
      [
         664,
         800
      ],
      [
         544,
         800
      ],
      [
         400,
         705
      ],
      [
         433,
         800
      ],
      [
         800,
         571
      ],
      [
         400,
         660
      ],
      [
         652,
         800
      ],
      [
         621,
         400
      ],
      [
         800,
         442
      ],
      [
         626,
         771
      ]
   ],
   "b1s": [],
   "b2s": [],
   "colors": [
      [
         0.0,
         0.0,
         0.0
      ],
      [
         0.0,
         0.0,
         0.0
      ],
      [
         0.0,
         0.0,
         0.0
      ],
      [
         0.0,
         0.0,
         0.0
      ],
      [
         0.0,
         0.0,
         0.0
      ],
      [
         0.0,
         0.0,
         0.0
      ],
      [
         0.0,
         0.0,
         0.0
      ],
      [
         0.0,
         0.0,
         0.0
      ],
      [
         0.0,
         0.0,
         0.0
      ],
      [
         0.0,
         0.0,
         0.0
      ],
      [
         0.0,
         0.0,
         0.0
      ],
      [
         0.0,
         0.0,
         0.0
      ],
      [
         0.0,
         0.0,
         0.0
      ],
      [
         0.0,
         0.0,
         0.0
      ],
      [
         0.0,
         0.0,
         0.0
      ],
      [
         0.0,
         0.0,
         0.0
      ],
      [
         0.0,
         0.0,
         0.0
      ],
      [
         0.0,
         0.0,
         0.0
      ],
      [
         0.0,
         0.0,
         0.0
      ],
      [
         0.0,
         0.0,
         0.0
      ],
      [
         0.0,
         0.0,
         0.0
      ],
      [
         0.0,
         0.0,
         0.0
      ],
      [
         0.0,
         0.0,
         0.0
      ],
      [
         0.0,
         0.0,
         0.0
      ],
      [
         0.0,
         0.0,
         0.0
      ]
   ],
   "categories": [
      0.0,
      0.0,
      0.0,
      0.0,
      0.0,
      0.0,
      0.0,
      0.0,
      0.0,
      0.0,
      0.0,
      0.0,
      0.0,
      0.0,
      0.0,
      0.0,
      0.0,
      0.0,
      0.0,
      0.0,
      0.0,
      0.0,
      0.0,
      0.0,
      0.0
   ]
}