{
   "angles": [
      -1.3854483526482586,
      1.059013139640563,
      1.417020051088855,
      0.8621699723142909,
      1.4889606085284859,
      1.2053718381819982,
      0.6059540332313932,
      0.4393608776605438,
      0.0,
      0.8048943284953911,
      1.0373142522900225,
      0.888066273162179,
      0.7519378731454028,
      -1.3419973514681947,
      0.8207265152409537,
      1.2918767484566749
   ],
   "dists": [
      -998.5981275745951,
      812.585271731804,
      1032.668686682384,
      1125.8690323992391,
      1202.7687668570857,
      1094.6559419461323,
      527.9696105912474,
      640.7567709763844,
      142.0,
      703.4592121352067,
      840.3765416915915,
      678.0956754996906,
      943.0984222264249,
      -815.040549568268,
      755.0537944999365,
      948.4270722804605
   ],
   "p1s": [
      [
         400,
         1091
      ],
      [
         0,
         932
      ],
      [
         400,
         983
      ],
      [
         330,
         1200
      ],
      [
         400,
         1174
      ],
      [
         400,
         1019
      ],
      [
         88,
         800
      ],
      [
         144,
         1200
      ],
      [
         142,
         800
      ],
      [
         183,
         800
      ],
      [
         0,
         976
      ],
      [
         91,
         800
      ],
      [
         400,
         953
      ],
      [
         400,
         930
      ],
      [
         249,
         800
      ],
      [
         400,
         872
      ]
   ],
   "p2s": [
      [
         0,
         1016
      ],
      [
         235,
         800
      ],
      [
         0,
         1045
      ],
      [
         400,
         1140
      ],
      [
         83,
         1200
      ],
      [
         285,
         1063
      ],
      [
         0,
         927
      ],
      [
         332,
         800
      ],
      [
         142,
         1200
      ],
      [
         0,
         976
      ],
      [
         298,
         800
      ],
      [
         0,
         874
      ],
      [
         169,
         1200
      ],
      [
         327,
         913
      ],
      [
         0,
         1032
      ],
      [
         187,
         933
      ]
   ],
   "b1s": [],
   "b2s": [],
   "colors": [
      [
         0.0,
         0.0,
         0.0
      ],
      [
         0.0,
         0.0,
         0.0
      ],
      [
         0.0,
         0.0,
         0.0
      ],
      [
         0.0,
         0.0,
         0.0
      ],
      [
         0.0,
         0.0,
         0.0
      ],
      [
         0.0,
         0.0,
         0.0
      ],
      [
         0.0,
         0.0,
         0.0
      ],
      [
         0.0,
         0.0,
         0.0
      ],
      [
         0.0,
         0.0,
         0.0
      ],
      [
         0.0,
         0.0,
         0.0
      ],
      [
         0.0,
         0.0,
         0.0
      ],
      [
         0.0,
         0.0,
         0.0
      ],
      [
         0.0,
         0.0,
         0.0
      ],
      [
         0.0,
         0.0,
         0.0
      ],
      [
         0.0,
         0.0,
         0.0
      ],
      [
         0.0,
         0.0,
         0.0
      ]
   ],
   "categories": [
      0.0,
      0.0,
      0.0,
      0.0,
      0.0,
      0.0,
      0.0,
      0.0,
      0.0,
      0.0,
      0.0,
      0.0,
      0.0,
      0.0,
      0.0,
      0.0
   ]
}