{
   "angles": [
      -0.4479932916067835,
      1.0593456269886226,
      -1.3897035339872899,
      -0.4741735145390691,
      0.26836620451427423,
      -0.37185606538577437,
      -1.2520715044885864,
      -0.23085246804830734,
      -0.30472058230507715,
      0.80667157355424,
      1.0659349263369835,
      -0.2363038094850031,
      0.8852693082969024,
      0.5770207507605646,
      0.7528196592572317
   ],
   "dists": [
      637.0219159303648,
      812.3165097737436,
      -236.58787550099876,
      615.3930286585211,
      931.422408434057,
      765.8200504588101,
      222.1956158523863,
      930.6223008283948,
      717.5406084968599,
      702.975831345061,
      515.6094131787388,
      1036.3757874350947,
      676.7636497176208,
      993.4465481758938,
      943.4029854231726
   ],
   "p1s": [
      [
         899,
         400
      ],
      [
         947,
         400
      ],
      [
         871,
         400
      ],
      [
         897,
         400
      ],
      [
         856,
         400
      ],
      [
         978,
         400
      ],
      [
         800,
         30
      ],
      [
         995,
         166
      ],
      [
         800,
         152
      ],
      [
         1016,
         0
      ],
      [
         800,
         147
      ],
      [
         1066,
         0
      ],
      [
         1069,
         0
      ],
      [
         1173,
         19
      ],
      [
         1200,
         99
      ]
   ],
   "p2s": [
      [
         800,
         194
      ],
      [
         1200,
         258
      ],
      [
         800,
         387
      ],
      [
         800,
         211
      ],
      [
         966,
         0
      ],
      [
         822,
         0
      ],
      [
         1197,
         161
      ],
      [
         1050,
         400
      ],
      [
         878,
         400
      ],
      [
         800,
         207
      ],
      [
         1066,
         0
      ],
      [
         1138,
         299
      ],
      [
         800,
         220
      ],
      [
         925,
         400
      ],
      [
         918,
         400
      ]
   ],
   "b1s": [],
   "b2s": [],
   "colors": [
      [
         0.0,
         0.0,
         0.0
      ],
      [
         0.0,
         0.0,
         0.0
      ],
      [
         0.0,
         0.0,
         0.0
      ],
      [
         0.0,
         0.0,
         0.0
      ],
      [
         0.0,
         0.0,
         0.0
      ],
      [
         0.0,
         0.0,
         0.0
      ],
      [
         0.0,
         0.0,
         0.0
      ],
      [
         0.0,
         0.0,
         0.0
      ],
      [
         0.0,
         0.0,
         0.0
      ],
      [
         0.0,
         0.0,
         0.0
      ],
      [
         0.0,
         0.0,
         0.0
      ],
      [
         0.0,
         0.0,
         0.0
      ],
      [
         0.0,
         0.0,
         0.0
      ],
      [
         0.0,
         0.0,
         0.0
      ],
      [
         0.0,
         0.0,
         0.0
      ]
   ],
   "categories": [
      0.0,
      0.0,
      0.0,
      0.0,
      0.0,
      0.0,
      0.0,
      0.0,
      0.0,
      0.0,
      0.0,
      0.0,
      0.0,
      0.0,
      0.0
   ]
}