{
   "angles": [
      0.42529712802562847,
      -1.014436183755559,
      -0.6646647171475726,
      -0.8092979738996944,
      -1.1633026989585291,
      0.6094586265040509,
      -0.9118868994248346,
      0.0,
      -0.4414065757337501,
      -0.8478168631469831,
      -0.774162792222558,
      -0.643501280221895,
      -0.9091859940573769,
      -0.5640836288426507,
      -0.7695266365769681
   ],
   "dists": [
      308.96133589302144,
      -233.52530742083744,
      -58.5955495428191,
      -112.18945001736108,
      -312.1597815179756,
      526.6142164301639,
      -196.87444209858643,
      141.0,
      122.0604773321705,
      -266.19240526202486,
      -248.18678752889923,
      303.19996101712957,
      -181.02465447232785,
      311.8341140405381,
      265.0306021124626
   ],
   "p1s": [
      [
         312,
         60
      ],
      [
         0,
         275
      ],
      [
         0,
         95
      ],
      [
         257,
         400
      ],
      [
         0,
         340
      ],
      [
         400,
         347
      ],
      [
         0,
         249
      ],
      [
         141,
         0
      ],
      [
         324,
         400
      ],
      [
         51,
         400
      ],
      [
         0,
         355
      ],
      [
         379,
         0
      ],
      [
         11,
         238
      ],
      [
         400,
         49
      ],
      [
         369,
         0
      ]
   ],
   "p2s": [
      [
         158,
         400
      ],
      [
         201,
         400
      ],
      [
         239,
         400
      ],
      [
         0,
         155
      ],
      [
         139,
         400
      ],
      [
         363,
         400
      ],
      [
         195,
         400
      ],
      [
         141,
         400
      ],
      [
         135,
         0
      ],
      [
         0,
         355
      ],
      [
         44,
         400
      ],
      [
         400,
         28
      ],
      [
         133,
         333
      ],
      [
         369,
         0
      ],
      [
         400,
         32
      ]
   ],
   "b1s": [],
   "b2s": [],
   "colors": [
      [
         0.0,
         0.0,
         0.0
      ],
      [
         0.0,
         0.0,
         0.0
      ],
      [
         0.0,
         0.0,
         0.0
      ],
      [
         0.0,
         0.0,
         0.0
      ],
      [
         0.0,
         0.0,
         0.0
      ],
      [
         0.0,
         0.0,
         0.0
      ],
      [
         0.0,
         0.0,
         0.0
      ],
      [
         0.0,
         0.0,
         0.0
      ],
      [
         0.0,
         0.0,
         0.0
      ],
      [
         0.0,
         0.0,
         0.0
      ],
      [
         0.0,
         0.0,
         0.0
      ],
      [
         0.0,
         0.0,
         0.0
      ],
      [
         0.0,
         0.0,
         0.0
      ],
      [
         0.0,
         0.0,
         0.0
      ],
      [
         0.0,
         0.0,
         0.0
      ]
   ],
   "categories": [
      0.0,
      0.0,
      0.0,
      0.0,
      0.0,
      0.0,
      0.0,
      0.0,
      0.0,
      0.0,
      0.0,
      0.0,
      0.0,
      0.0,
      0.0
   ]
}