{
   "angles": [
      -0.4470171056262623,
      -1.3902828820945308,
      -0.47308127218459534,
      0.6031430005083342,
      0.4393608776605438,
      -1.2555817252928003,
      -0.3058788902965409,
      0.8032080108525,
      1.06506826920631,
      0.8850668431163337,
      -0.6348433292996659,
      -0.5619215494111152,
      -0.7730191669724871
   ],
   "dists": [
      637.5305736963115,
      -237.08412588389598,
      615.9966702978288,
      526.252839760506,
      640.7567794836069,
      219.49451854750228,
      717.0941599028366,
      704.4760734867185,
      516.1544172352908,
      676.8608249652215,
      305.46040952562515,
      312.3852944198079,
      263.9766751579275
   ],
   "p1s": [
      [
         800,
         194
      ],
      [
         800,
         387
      ],
      [
         800,
         211
      ],
      [
         639,
         0
      ],
      [
         520,
         400
      ],
      [
         708,
         0
      ],
      [
         752,
         0
      ],
      [
         800,
         207
      ],
      [
         614,
         250
      ],
      [
         800,
         220
      ],
      [
         400,
         28
      ],
      [
         621,
         400
      ],
      [
         400,
         32
      ]
   ],
   "p2s": [
      [
         707,
         0
      ],
      [
         400,
         314
      ],
      [
         692,
         0
      ],
      [
         400,
         347
      ],
      [
         708,
         0
      ],
      [
         800,
         30
      ],
      [
         800,
         152
      ],
      [
         600,
         400
      ],
      [
         800,
         147
      ],
      [
         580,
         400
      ],
      [
         674,
         400
      ],
      [
         400,
         49
      ],
      [
         759,
         400
      ]
   ],
   "b1s": [],
   "b2s": [],
   "colors": [
      [
         0.0,
         0.0,
         0.0
      ],
      [
         0.0,
         0.0,
         0.0
      ],
      [
         0.0,
         0.0,
         0.0
      ],
      [
         0.0,
         0.0,
         0.0
      ],
      [
         0.0,
         0.0,
         0.0
      ],
      [
         0.0,
         0.0,
         0.0
      ],
      [
         0.0,
         0.0,
         0.0
      ],
      [
         0.0,
         0.0,
         0.0
      ],
      [
         0.0,
         0.0,
         0.0
      ],
      [
         0.0,
         0.0,
         0.0
      ],
      [
         0.0,
         0.0,
         0.0
      ],
      [
         0.0,
         0.0,
         0.0
      ],
      [
         0.0,
         0.0,
         0.0
      ]
   ],
   "categories": [
      0.0,
      0.0,
      0.0,
      0.0,
      0.0,
      0.0,
      0.0,
      0.0,
      0.0,
      0.0,
      0.0,
      0.0,
      0.0
   ]
}