{
   "angles": [
      -1.387864536387353,
      -0.5787150059647871,
      -0.6649870726693169,
      -0.80948982516562,
      1.4187530851965537,
      0.866302248038891,
      1.4909663659236767,
      1.2003039928984138,
      0.868539619423863,
      -0.9113108592614557,
      -0.909315157527484,
      -0.4414065757337501,
      0.578881811469035,
      0.75510443609845,
      -0.8531840372179473,
      -0.7729506940140413,
      1.019141204781383,
      -1.347103602482135,
      1.2924967044774167
   ],
   "dists": [
      -1000.0309164257726,
      146.30309495801697,
      -58.469774573875384,
      -111.41783849593105,
      1032.2430305162331,
      1127.670183991642,
      1202.1592083672895,
      1094.6897842969547,
      1182.4266233800147,
      -196.60905718713093,
      -333.95202339184635,
      122.06048587640328,
      993.4883646489757,
      944.4325620699489,
      -267.99025670623814,
      -248.63588138366777,
      1414.0148555754688,
      -818.0962414348733,
      948.3373185648669
   ],
   "p1s": [
      [
         800,
         1165
      ],
      [
         751,
         882
      ],
      [
         553,
         800
      ],
      [
         763,
         881
      ],
      [
         772,
         926
      ],
      [
         400,
         1140
      ],
      [
         800,
         1142
      ],
      [
         521,
         972
      ],
      [
         800,
         872
      ],
      [
         711,
         800
      ],
      [
         484,
         800
      ],
      [
         702,
         1200
      ],
      [
         664,
         800
      ],
      [
         544,
         800
      ],
      [
         800,
         1054
      ],
      [
         433,
         800
      ],
      [
         748,
         1200
      ],
      [
         800,
         1021
      ],
      [
         652,
         800
      ]
   ],
   "p2s": [
      [
         400,
         1091
      ],
      [
         800,
         957
      ],
      [
         800,
         1115
      ],
      [
         678,
         800
      ],
      [
         400,
         983
      ],
      [
         800,
         800
      ],
      [
         400,
         1174
      ],
      [
         400,
         1019
      ],
      [
         774,
         894
      ],
      [
         800,
         869
      ],
      [
         800,
         1046
      ],
      [
         513,
         800
      ],
      [
         481,
         1080
      ],
      [
         400,
         953
      ],
      [
         509,
         800
      ],
      [
         671,
         1044
      ],
      [
         800,
         1168
      ],
      [
         400,
         930
      ],
      [
         400,
         872
      ]
   ],
   "b1s": [],
   "b2s": [],
   "colors": [
      [
         0.0,
         0.0,
         0.0
      ],
      [
         0.0,
         0.0,
         0.0
      ],
      [
         0.0,
         0.0,
         0.0
      ],
      [
         0.0,
         0.0,
         0.0
      ],
      [
         0.0,
         0.0,
         0.0
      ],
      [
         0.0,
         0.0,
         0.0
      ],
      [
         0.0,
         0.0,
         0.0
      ],
      [
         0.0,
         0.0,
         0.0
      ],
      [
         0.0,
         0.0,
         0.0
      ],
      [
         0.0,
         0.0,
         0.0
      ],
      [
         0.0,
         0.0,
         0.0
      ],
      [
         0.0,
         0.0,
         0.0
      ],
      [
         0.0,
         0.0,
         0.0
      ],
      [
         0.0,
         0.0,
         0.0
      ],
      [
         0.0,
         0.0,
         0.0
      ],
      [
         0.0,
         0.0,
         0.0
      ],
      [
         0.0,
         0.0,
         0.0
      ],
      [
         0.0,
         0.0,
         0.0
      ],
      [
         0.0,
         0.0,
         0.0
      ]
   ],
   "categories": [
      0.0,
      0.0,
      0.0,
      0.0,
      0.0,
      0.0,
      0.0,
      0.0,
      0.0,
      0.0,
      0.0,
      0.0,
      0.0,
      0.0,
      0.0,
      0.0,
      0.0,
      0.0,
      0.0
   ]
}