{
   "angles": [
      0.2819393061479071,
      -1.0240076445263544,
      -0.44663830220972583,
      1.0567933926165185,
      -1.2282634766959353,
      -1.1654543244152855,
      0.866302248038891,
      -1.3904078952563572,
      0.8677801268710437,
      -0.4716155577440833,
      0.27043611240834886,
      -0.37185606538577437,
      -0.42616514921661963,
      -0.37298764802958306,
      -0.23081196597020068,
      -0.3051608317799986,
      1.0341080589998521,
      0.579497364831133,
      0.7526230585906897,
      -0.6357711360480265,
      1.2917548800810077,
      0.03302102687514655,
      -0.5616928474338545,
      -0.7730965166216535,
      1.1520746309249472
   ],
   "dists": [
      1294.5128723851344,
      -243.4838994828084,
      638.0374905497433,
      813.921864376113,
      -441.49874474554986,
      -314.0263398005776,
      1127.670191611035,
      -237.2420168093016,
      1182.4881680670571,
      617.3489836009293,
      931.7489215645115,
      765.8200540922628,
      604.4371591575552,
      470.2371918828808,
      930.647799364203,
      717.2565769417739,
      841.3156884892036,
      993.0240231338304,
      943.4689788166212,
      304.63248120299204,
      949.0279124636618,
      921.923571131554,
      312.7718680502188,
      263.9284348946743,
      959.3192713506909
   ],
   "p1s": [
      [
         1116,
         800
      ],
      [
         800,
         772
      ],
      [
         1058,
         732
      ],
      [
         800,
         483
      ],
      [
         929,
         800
      ],
      [
         800,
         685
      ],
      [
         800,
         800
      ],
      [
         1200,
         460
      ],
      [
         1062,
         650
      ],
      [
         1101,
         800
      ],
      [
         800,
         602
      ],
      [
         1134,
         800
      ],
      [
         1027,
         800
      ],
      [
         818,
         800
      ],
      [
         1050,
         400
      ],
      [
         878,
         400
      ],
      [
         800,
         503
      ],
      [
         925,
         400
      ],
      [
         918,
         400
      ],
      [
         800,
         571
      ],
      [
         978,
         707
      ],
      [
         907,
         467
      ],
      [
         873,
         800
      ],
      [
         800,
         442
      ],
      [
         1173,
         528
      ]
   ],
   "p2s": [
      [
         1200,
         510
      ],
      [
         846,
         800
      ],
      [
         899,
         400
      ],
      [
         947,
         400
      ],
      [
         800,
         754
      ],
      [
         1068,
         800
      ],
      [
         1200,
         460
      ],
      [
         871,
         400
      ],
      [
         885,
         800
      ],
      [
         897,
         400
      ],
      [
         856,
         400
      ],
      [
         978,
         400
      ],
      [
         953,
         637
      ],
      [
         800,
         754
      ],
      [
         1144,
         800
      ],
      [
         1004,
         800
      ],
      [
         879,
         456
      ],
      [
         800,
         591
      ],
      [
         800,
         526
      ],
      [
         969,
         800
      ],
      [
         800,
         758
      ],
      [
         896,
         800
      ],
      [
         800,
         684
      ],
      [
         1081,
         730
      ],
      [
         800,
         694
      ]
   ],
   "b1s": [],
   "b2s": [],
   "colors": [
      [
         0.0,
         0.0,
         0.0
      ],
      [
         0.0,
         0.0,
         0.0
      ],
      [
         0.0,
         0.0,
         0.0
      ],
      [
         0.0,
         0.0,
         0.0
      ],
      [
         0.0,
         0.0,
         0.0
      ],
      [
         0.0,
         0.0,
         0.0
      ],
      [
         0.0,
         0.0,
         0.0
      ],
      [
         0.0,
         0.0,
         0.0
      ],
      [
         0.0,
         0.0,
         0.0
      ],
      [
         0.0,
         0.0,
         0.0
      ],
      [
         0.0,
         0.0,
         0.0
      ],
      [
         0.0,
         0.0,
         0.0
      ],
      [
         0.0,
         0.0,
         0.0
      ],
      [
         0.0,
         0.0,
         0.0
      ],
      [
         0.0,
         0.0,
         0.0
      ],
      [
         0.0,
         0.0,
         0.0
      ],
      [
         0.0,
         0.0,
         0.0
      ],
      [
         0.0,
         0.0,
         0.0
      ],
      [
         0.0,
         0.0,
         0.0
      ],
      [
         0.0,
         0.0,
         0.0
      ],
      [
         0.0,
         0.0,
         0.0
      ],
      [
         0.0,
         0.0,
         0.0
      ],
      [
         0.0,
         0.0,
         0.0
      ],
      [
         0.0,
         0.0,
         0.0
      ],
      [
         0.0,
         0.0,
         0.0
      ]
   ],
   "categories": [
      0.0,
      0.0,
      0.0,
      0.0,
      0.0,
      0.0,
      0.0,
      0.0,
      0.0,
      0.0,
      0.0,
      0.0,
      0.0,
      0.0,
      0.0,
      0.0,
      0.0,
      0.0,
      0.0,
      0.0,
      0.0,
      0.0,
      0.0,
      0.0,
      0.0
   ]
}