{
   "angles": [
      -1.5669529698971316
   ],
   "dists": [
      -30.72946104811366
   ]
}