{
   "angles": [
      0.094174291847936,
      0.011841246117339653
   ],
   "dists": [
      30.310811970621668,
      253.6558942050192
   ]
}