{
   "angles": [
      0.004997278482485841,
      1.3517708985542016,
      -0.6179995035696982,
      -0.0606759598625996
   ],
   "dists": [
      34.260004286980575,
      80.90380881258838,
      157.520815486236,
      233.7691724430629
   ]
}