{
   "angles": [
      -1.5629741573128002
   ],
   "dists": [
      -27.576493937678993
   ]
}