{
   "angles": [
      0.0010833788328675617,
      -1.3825292939439497,
      0.5808091359448673,
      0.08896313528121652
   ],
   "dists": [
      254.31847107399,
      -22.556905179644865,
      75.31620852382007,
      57.543348460576276
   ]
}