{
   "angles": [
      -1.413724527878311,
      -1.3935200824347596,
      -1.3820252463946505,
      -1.3710605392853932,
      -1.3401179058216044
   ],
   "dists": [
      -177.82706537052508,
      -186.72155994046838,
      -194.0264791576829,
      -195.66920653198332,
      -196.76812074689008
   ],
   "p1s": [
      [
         147.10426330566406,
         203.34132385253906
      ],
      [
         300.0,
         243.4416046142578
      ],
      [
         169.99754333496094,
         230.0128936767578
      ],
      [
         296.2802429199219,
         259.6156921386719
      ],
      [
         283.3144836425781,
         268.6610107421875
      ]
   ],
   "p2s": [
      [
         300.0,
         227.55641174316406
      ],
      [
         108.16580963134766,
         209.07318115234375
      ],
      [
         285.7834777832031,
         252.13331604003906
      ],
      [
         172.1055908203125,
         234.47840881347656
      ],
      [
         155.10568237304688,
         238.55001831054688
      ]
   ],
   "b1s": [
      1,
      0,
      1,
      0,
      0
   ],
   "b2s": [
      0,
      1,
      0,
      1,
      1
   ]
}