{
   "angles": [
      0.19746435436385834,
      0.15876246109315462
   ],
   "dists": [
      53.31113452663435,
      63.515114339541896
   ],
   "p1s": [
      [
         7.9914231300354,
         231.7982177734375
      ],
      [
         34.867244720458984,
         183.978759765625
      ]
   ],
   "p2s": [
      [
         34.96222686767578,
         96.99243927001953
      ],
      [
         16.291091918945312,
         300.0
      ]
   ],
   "b1s": [
      0,
      1
   ],
   "b2s": [
      1,
      0
   ]
}