{
   "angles": [
      -0.12291385965544102,
      -0.058184237020357306,
      0.059643781500694174
   ],
   "dists": [
      174.42274787583779,
      248.40208450486136,
      81.86561228206395
   ],
   "p1s": [
      [
         175.9958038330078,
         2.0005178451538086
      ],
      [
         255.2264862060547,
         109.92855834960938
      ],
      [
         73.06116485595703,
         149.88421630859375
      ]
   ],
   "p2s": [
      [
         190.97457885742188,
         123.25021362304688
      ],
      [
         249.23011779785156,
         6.986595153808594
      ],
      [
         81.7138900756836,
         4.982914924621582
      ]
   ],
   "b1s": [
      0,
      1,
      1
   ],
   "b2s": [
      1,
      0,
      0
   ]
}