{
   "angles": [
      -0.05492100618177103,
      -0.026980874788667317,
      0.20344183574771502,
      0.22453945950362847,
      0.2056713422711076,
      -0.03730134542261654
   ],
   "dists": [
      102.78632268459192,
      111.8691003341781,
      264.7608063275952,
      281.05111199155266,
      292.132445221533,
      101.6819487617809
   ],
   "p1s": [
      [
         109.698486328125,
         122.90662384033203
      ],
      [
         111.90989685058594,
         0.0024315593764185905
      ],
      [
         237.27438354492188,
         160.2628936767578
      ],
      [
         287.83966064453125,
         1.963381290435791
      ],
      [
         266.8400573730469,
         151.38388061523438
      ],
      [
         112.35491180419922,
         284.0987243652344
      ]
   ],
   "p2s": [
      [
         102.94171142578125,
         0.00320456107147038
      ],
      [
         118.33259582519531,
         237.99102783203125
      ],
      [
         270.3222351074219,
         0.06647872924804688
      ],
      [
         253.64344787597656,
         151.69017028808594
      ],
      [
         298.40435791015625,
         0.08435932546854019
      ],
      [
         106.7910385131836,
         135.00779724121094
      ]
   ],
   "b1s": [
      1,
      0,
      1,
      0,
      1,
      0
   ],
   "b2s": [
      0,
      1,
      0,
      1,
      0,
      1
   ]
}