{
   "angles": [
      1.411307474210205,
      1.4331093545943048,
      1.4321534403429939
   ],
   "dists": [
      253.2850594927919,
      243.65017341437957,
      263.52108518932147
   ],
   "p1s": [
      [
         0.08481535315513611,
         256.52728271484375
      ],
      [
         136.0181427001953,
         227.1309051513672
      ],
      [
         228.87954711914062,
         234.1367950439453
      ]
   ],
   "p2s": [
      [
         107.0516586303711,
         239.32113647460938
      ],
      [
         10.789800643920898,
         244.48301696777344
      ],
      [
         28.2966251373291,
         262.1257629394531
      ]
   ],
   "b1s": [
      0,
      1,
      1
   ],
   "b2s": [
      1,
      0,
      0
   ]
}