{
   "angles": [
      -0.2504428844346521,
      -0.24018707589661903,
      -0.16388584154147687,
      0.5376796713401154
   ],
   "dists": [
      251.99994523409873,
      262.1497714085025,
      185.8264340946447,
      210.99574393828902
   ],
   "p1s": [
      [
         260.6493835449219,
         2.089695930480957
      ],
      [
         299.7898254394531,
         122.05147552490234
      ],
      [
         211.35414123535156,
         139.10679626464844
      ],
      [
         141.49046325683594,
         174.69618225097656
      ]
   ],
   "p2s": [
      [
         288.1772766113281,
         109.69883728027344
      ],
      [
         269.90338134765625,
         0.023662319406867027
      ],
      [
         237.9608917236328,
         300.0
      ],
      [
         66.83351135253906,
         299.9007263183594
      ]
   ],
   "b1s": [
      0,
      0,
      1,
      1
   ],
   "b2s": [
      0,
      0,
      0,
      0
   ]
}