{
   "angles": [
      -1.52346907821389,
      0.7241180444173574
   ],
   "dists": [
      -116.05042397853502,
      328.36509263038715
   ],
   "p1s": [
      [
         132.97732543945312,
         122.47866821289062
      ],
      [
         299.2849426269531,
         157.25201416015625
      ]
   ],
   "p2s": [
      [
         299.9343566894531,
         130.38619995117188
      ],
      [
         203.93968200683594,
         265.0622863769531
      ]
   ],
   "b1s": [
      1,
      0
   ],
   "b2s": [
      0,
      1
   ]
}