{
   "angles": [
      -0.04586215567630985,
      -0.009849683368010204,
      -0.7464843436374696,
      -0.024662213675387644
   ],
   "dists": [
      97.51720487343069,
      99.88986075928639,
      77.48380033865371,
      103.83919927849078
   ],
   "p1s": [
      [
         104.54663848876953,
         150.9290313720703
      ],
      [
         102.84962463378906,
         299.99163818359375
      ],
      [
         248.04434204101562,
         154.037109375
      ],
      [
         103.91895294189453,
         1.9526675939559937
      ]
   ],
   "p2s": [
      [
         97.6198501586914,
         0.0
      ],
      [
         101.3918685913086,
         151.9961395263672
      ],
      [
         105.55213928222656,
         0.0
      ],
      [
         111.27095031738281,
         300.0
      ]
   ],
   "b1s": [
      1,
      0,
      1,
      0
   ],
   "b2s": [
      0,
      1,
      0,
      0
   ]
}