{
   "angles": [
      -1.2140437689715824,
      -1.476371865581302
   ],
   "dists": [
      18.00053763362693,
      -183.14454020494384
   ],
   "p1s": [
      [
         124.87650299072266,
         27.33136749267578
      ],
      [
         299.9647216796875,
         212.37252807617188
      ]
   ],
   "p2s": [
      [
         299.4764404296875,
         92.40474700927734
      ],
      [
         122.94246673583984,
         195.60745239257812
      ]
   ],
   "b1s": [
      0,
      0
   ],
   "b2s": [
      0,
      1
   ]
}