{
   "angles": [
      -0.2292866707133435,
      0.062356973390225515,
      -0.22048948389527911
   ],
   "dists": [
      -20.10088187293819,
      156.38913287175072,
      -27.16232372972543
   ],
   "p1s": [
      [
         0.8396281003952026,
         92.03742980957031
      ],
      [
         150.19935607910156,
         104.012451171875
      ],
      [
         39.38409423828125,
         299.91204833984375
      ]
   ],
   "p2s": [
      [
         30.838207244873047,
         220.57098388671875
      ],
      [
         137.9624481201172,
         299.9976501464844
      ],
      [
         0.0,
         124.19489288330078
      ]
   ],
   "b1s": [
      0,
      1,
      0
   ],
   "b2s": [
      1,
      0,
      0
   ]
}