{
   "angles": [
      1.4915378971427387,
      1.4780891790567083,
      -1.5508518757661998,
      -1.5206196120417261,
      -1.5279671914290633,
      -1.5660812028014828,
      1.5006400464191367,
      1.526562252308874,
      -1.5455250695562706
   ],
   "dists": [
      146.3464085997574,
      161.75841398575687,
      -162.28602040070038,
      -173.05688277507647,
      -186.24625019778316,
      -185.4133811334259,
      276.58105703978504,
      279.9169715436625,
      -273.4399166275771
   ],
   "p1s": [
      [
         0.0,
         146.80728149414062
      ],
      [
         293.1119689941406,
         135.204345703125
      ],
      [
         4.0120015144348145,
         162.39833068847656
      ],
      [
         146.9169921875,
         180.65296936035156
      ],
      [
         5.97115421295166,
         186.673095703125
      ],
      [
         298.99609375,
         186.82525634765625
      ],
      [
         64.05354309082031,
         272.761962890625
      ],
      [
         164.9950408935547,
         272.88787841796875
      ],
      [
         285.98089599609375,
         280.7558898925781
      ]
   ],
   "p2s": [
      [
         270.0285949707031,
         125.36032104492188
      ],
      [
         57.10660934448242,
         157.14663696289062
      ],
      [
         133.98023986816406,
         164.99082946777344
      ],
      [
         2.9786794185638428,
         173.424560546875
      ],
      [
         159.94549560546875,
         193.271728515625
      ],
      [
         184.99864196777344,
         186.28775024414062
      ],
      [
         217.99607849121094,
         261.9441833496094
      ],
      [
         56.03146743774414,
         277.7109375
      ],
      [
         129.00535583496094,
         276.7880859375
      ]
   ],
   "b1s": [
      0,
      0,
      0,
      1,
      0,
      0,
      0,
      0,
      0
   ],
   "b2s": [
      1,
      1,
      1,
      0,
      1,
      1,
      1,
      0,
      0
   ]
}