{
   "angles": [
      -0.24020275309605393,
      -0.23101135868123812
   ],
   "dists": [
      26.477420372501854,
      37.317268888849824
   ],
   "p1s": [
      [
         27.30194091796875,
         0.1709766387939453
      ],
      [
         82.97185516357422,
         189.7714080810547
      ]
   ],
   "p2s": [
      [
         68.49864196777344,
         168.36773681640625
      ],
      [
         38.37046813964844,
         0.14807291328907013
      ]
   ],
   "b1s": [
      0,
      1
   ],
   "b2s": [
      1,
      0
   ]
}