{
   "angles": [
      -1.3810756035754883,
      -1.384989626121078,
      -1.471109638930192,
      -1.5236065376484904,
      -1.3504512087377047,
      -1.4630129663590716,
      -1.5323045325767939,
      -1.4149550290934885
   ],
   "dists": [
      -13.923387401720376,
      -21.808539230649895,
      -20.93118227803176,
      -33.7470593034292,
      -16.32814700646206,
      -55.780263504257114,
      -69.43903481142485,
      -60.48595679514028
   ],
   "p1s": [
      [
         0.0,
         14.177780151367188
      ],
      [
         64.74434661865234,
         34.36080551147461
      ],
      [
         39.10533142089844,
         24.946861267089844
      ],
      [
         0.010146336629986763,
         33.78514862060547
      ],
      [
         72.98221588134766,
         33.07939910888672
      ],
      [
         27.985506057739258,
         59.13395309448242
      ],
      [
         6.010706424713135,
         69.72198486328125
      ],
      [
         61.0288200378418,
         70.81652069091797
      ]
   ],
   "p2s": [
      [
         49.85629653930664,
         23.751707077026367
      ],
      [
         0.0,
         22.190502166748047
      ],
      [
         94.8477554321289,
         30.52212905883789
      ],
      [
         35.02650451660156,
         35.43880081176758
      ],
      [
         99.97208404541016,
         39.12464904785156
      ],
      [
         0.09562888741493225,
         56.11620330810547
      ],
      [
         32.010658264160156,
         70.72327423095703
      ],
      [
         100.0,
         76.93949890136719
      ]
   ],
   "b1s": [
      0,
      1,
      1,
      0,
      1,
      1,
      0,
      1
   ],
   "b2s": [
      1,
      0,
      0,
      1,
      0,
      0,
      1,
      0
   ]
}