{
   "angles": [
      1.1616001110227345,
      1.0503894560660252,
      1.3936187787988745,
      1.12101525164158,
      1.0966462082949389,
      1.0062566047296,
      1.1203907578242518,
      -1.5667905109168694,
      1.5527618658165987,
      -1.538495764828009
   ],
   "dists": [
      44.724048889509895,
      47.72694257115259,
      27.605358600311238,
      55.76289166156958,
      69.26782469139918,
      78.45146350749445,
      81.8783148084924,
      -75.85849696252284,
      95.40418380635388,
      -93.22504797521216
   ],
   "p1s": [
      [
         89.42034149169922,
         9.969247817993164
      ],
      [
         54.458030700683594,
         23.79921531677246
      ],
      [
         44.99773025512695,
         19.98731803894043
      ],
      [
         14.063610076904297,
         55.13175582885742
      ],
      [
         62.42190933227539,
         45.822120666503906
      ],
      [
         98.62222290039062,
         30.403465270996094
      ],
      [
         56.732669830322266,
         63.51517105102539
      ],
      [
         100.0,
         76.25968933105469
      ],
      [
         0.0,
         95.4197006225586
      ],
      [
         39.015045166015625,
         94.53434753417969
      ]
   ],
   "p2s": [
      [
         55.69227981567383,
         24.59630584716797
      ],
      [
         9.798676490783691,
         49.39360046386719
      ],
      [
         22.987184524536133,
         23.928428649902344
      ],
      [
         68.81910705566406,
         28.69662857055664
      ],
      [
         96.23963165283203,
         28.46694564819336
      ],
      [
         76.5916748046875,
         44.35523986816406
      ],
      [
         99.84049987792969,
         42.67015838623047
      ],
      [
         0.0,
         75.85911560058594
      ],
      [
         37.99521255493164,
         94.73441314697266
      ],
      [
         95.02119445800781,
         96.3440170288086
      ]
   ],
   "b1s": [
      0,
      1,
      0,
      0,
      1,
      0,
      1,
      0,
      0,
      0
   ],
   "b2s": [
      1,
      0,
      1,
      1,
      0,
      1,
      0,
      0,
      0,
      0
   ]
}