{
   "angles": [
      0.974307443429707,
      1.0793582090075742,
      1.0593476889334075,
      1.0356445150608138,
      1.0496406685245474,
      1.3737559191794788,
      1.0100249098631917,
      0.9652539961735753,
      1.0498199028750912,
      1.0134556374749275,
      1.5589250759178996,
      -1.5580623652098848,
      1.5643188077085743
   ],
   "dists": [
      39.67578260288698,
      40.5712523656667,
      54.493136517580645,
      49.880005340017945,
      64.54058746918408,
      24.128016246047263,
      70.96604372126735,
      35.96774224334784,
      79.13556193285697,
      86.06954192211523,
      77.07376308806187,
      -75.83728721157314,
      96.58270338442223
   ],
   "p1s": [
      [
         50.003562927246094,
         14.005247116088867
      ],
      [
         69.03569793701172,
         9.066697120666504
      ],
      [
         95.07239532470703,
         9.128983497619629
      ],
      [
         2.790224313735962,
         56.33290481567383
      ],
      [
         16.96493148803711,
         64.68077850341797
      ],
      [
         23.964092254638672,
         19.820131301879883
      ],
      [
         97.66404724121094,
         22.465068817138672
      ],
      [
         0.0,
         43.74607849121094
      ],
      [
         46.795413970947266,
         64.38607788085938
      ],
      [
         99.3212890625,
         39.5155029296875
      ],
      [
         20.99798011779785,
         76.82991027832031
      ],
      [
         99.9985122680664,
         77.11688232421875
      ],
      [
         13.996723175048828,
         96.49406433105469
      ]
   ],
   "p2s": [
      [
         70.19880676269531,
         0.29279378056526184
      ],
      [
         4.725811958312988,
         43.48772430419922
      ],
      [
         9.613826751708984,
         57.09365463256836
      ],
      [
         73.31078338623047,
         14.524205207824707
      ],
      [
         99.5727767944336,
         17.255840301513672
      ],
      [
         3.1929819583892822,
         23.966691970825195
      ],
      [
         42.007102966308594,
         57.41901397705078
      ],
      [
         25.883764266967773,
         25.826648712158203
      ],
      [
         92.94438171386719,
         37.90308380126953
      ],
      [
         69.63440704345703,
         58.01789474487305
      ],
      [
         0.0009401665301993489,
         77.07919311523438
      ],
      [
         21.99842643737793,
         76.12358856201172
      ],
      [
         94.99980163574219,
         95.96936798095703
      ]
   ],
   "b1s": [
      0,
      0,
      0,
      0,
      0,
      0,
      0,
      0,
      1,
      0,
      1,
      0,
      0
   ],
   "b2s": [
      0,
      0,
      0,
      0,
      0,
      0,
      1,
      1,
      0,
      1,
      0,
      1,
      0
   ]
}