{
   "angles": [
      1.547491171103612,
      1.5698772050953913,
      1.5448152711165766,
      -1.4827378051806392,
      -1.4402291775876566,
      -1.4028480566834296,
      -1.369238365994566,
      -1.3593776424740474
   ],
   "dists": [
      32.83025097877795,
      46.68576073173267,
      67.85718501844985,
      -71.1031946868625,
      -76.68256677431462,
      -74.03163740864376,
      -79.48000994018669,
      -78.53959504957814
   ],
   "p1s": [
      [
         0.0,
         32.839168548583984
      ],
      [
         100.0,
         46.593868255615234
      ],
      [
         1.9695671796798706,
         67.82891082763672
      ],
      [
         36.12631607055664,
         74.56924438476562
      ],
      [
         34.1541862487793,
         81.8258056640625
      ],
      [
         48.934757232666016,
         83.38480377197266
      ],
      [
         32.26265335083008,
         87.71456909179688
      ],
      [
         67.26506042480469,
         94.76499938964844
      ]
   ],
   "p2s": [
      [
         97.98963165283203,
         30.55510139465332
      ],
      [
         57.00058364868164,
         46.633399963378906
      ],
      [
         96.9573974609375,
         65.36048126220703
      ],
      [
         15.025923728942871,
         72.70636749267578
      ],
      [
         12.993806838989258,
         79.04715728759766
      ],
      [
         70.81444549560547,
         87.09441375732422
      ],
      [
         11.123583793640137,
         83.39517974853516
      ],
      [
         45.958763122558594,
         90.19212341308594
      ]
   ],
   "b1s": [
      0,
      0,
      0,
      1,
      0,
      0,
      0,
      0
   ],
   "b2s": [
      0,
      1,
      0,
      0,
      0,
      0,
      0,
      0
   ]
}