{
   "angles": [
      1.173708140079133,
      1.3644751547038665,
      1.241361888380393,
      1.1421322625821166,
      1.3333332998418281,
      -1.5670273341223406,
      -1.568164260414939
   ],
   "dists": [
      20.41129382217503,
      37.488003818606046,
      60.4791000009731,
      78.46727843472819,
      62.07031163447501,
      -74.64534282396406,
      -94.11312309854193
   ],
   "p1s": [
      [
         28.139537811279297,
         10.33273696899414
      ],
      [
         91.05094146728516,
         19.243392944335938
      ],
      [
         93.0367660522461,
         32.10753631591797
      ],
      [
         85.9889144897461,
         46.975738525390625
      ],
      [
         6.322433948516846,
         62.332210540771484
      ],
      [
         99.99991607666016,
         75.02277374267578
      ],
      [
         0.0,
         94.11344909667969
      ]
   ],
   "p2s": [
      [
         0.4042513370513916,
         21.963958740234375
      ],
      [
         67.8131103515625,
         24.10706901550293
      ],
      [
         67.89820098876953,
         40.702247619628906
      ],
      [
         64.45855712890625,
         56.81523132324219
      ],
      [
         32.971527099609375,
         55.882354736328125
      ],
      [
         4.997494697570801,
         74.66471862792969
      ],
      [
         98.00165557861328,
         94.37140655517578
      ]
   ],
   "b1s": [
      0,
      0,
      0,
      0,
      0,
      0,
      0
   ],
   "b2s": [
      0,
      1,
      1,
      1,
      1,
      0,
      0
   ]
}