{
   "angles": [
      -1.1871850828750363,
      -0.2349512430344121,
      -0.22461633465485958,
      -0.12407457925173151,
      1.5633725504372922
   ],
   "dists": [
      2.8226329622688477,
      11.58846998391433,
      5.4416215452536925,
      72.96412107334973,
      69.07891954463075
   ],
   "p1s": [
      [
         7.935797214508057,
         0.15907272696495056
      ],
      [
         15.7053861618042,
         15.83115005493164
      ],
      [
         18.1900577545166,
         55.1850471496582
      ],
      [
         78.52536010742188,
         40.0591926574707
      ],
      [
         5.000324249267578,
         69.043701171875
      ]
   ],
   "p2s": [
      [
         33.5986442565918,
         10.516765594482422
      ],
      [
         23.437917709350586,
         48.13454818725586
      ],
      [
         9.709490776062012,
         18.066373825073242
      ],
      [
         81.64143371582031,
         65.04471588134766
      ],
      [
         27.99905776977539,
         68.87297058105469
      ]
   ],
   "b1s": [
      0,
      0,
      0,
      1,
      0
   ],
   "b2s": [
      0,
      1,
      0,
      0,
      1
   ]
}