{
   "angles": [
      1.3851730525250807,
      -1.4073269280802938,
      -1.4281315352734016,
      -1.5307009706387333
   ],
   "dists": [
      21.02474126265419,
      -25.02381077758856,
      -54.51283754956003,
      -68.9430779170445
   ],
   "p1s": [
      [
         40.15977096557617,
         13.850826263427734
      ],
      [
         99.86254119873047,
         41.833370208740234
      ],
      [
         80.06141662597656,
         66.5724105834961
      ],
      [
         5.862248144694604e-05,
         68.99853515625
      ]
   ],
   "p2s": [
      [
         60.9886360168457,
         9.93948745727539
      ],
      [
         34.817771911621094,
         31.104816436767578
      ],
      [
         99.93858337402344,
         69.4275894165039
      ],
      [
         24.959888458251953,
         69.9998550415039
      ]
   ],
   "b1s": [
      0,
      0,
      1,
      0
   ],
   "b2s": [
      0,
      1,
      0,
      1
   ]
}