{
   "angles": [
      1.5435330336334032,
      1.570795942179512,
      1.557005668907628,
      -1.403648163549373,
      1.354651334456389,
      -1.4684837480505266,
      -1.5177779741018214,
      -1.5520042723908534,
      1.5097922430674875,
      -1.496172089749685,
      -1.281349457559001
   ],
   "dists": [
      33.672023254887804,
      31.000028461536175,
      37.34899648081235,
      -43.557408160414205,
      59.8832109976249,
      -60.16557797514925,
      -71.70898226113466,
      -70.60082757548332,
      86.68170770846369,
      -92.43839647055735,
      -67.98961138951759
   ],
   "p1s": [
      [
         0.01865352876484394,
         33.68403244018555
      ],
      [
         74.0,
         31.0
      ],
      [
         0.018650073558092117,
         37.352291107177734
      ],
      [
         99.99256896972656,
         61.04402160644531
      ],
      [
         36.08485794067383,
         53.3864631652832
      ],
      [
         69.0440444946289,
         67.57068634033203
      ],
      [
         3.0545551776885986,
         71.97198486328125
      ],
      [
         22.999143600463867,
         71.04554748535156
      ],
      [
         88.90306854248047,
         81.4130630493164
      ],
      [
         55.08859634399414,
         96.81497192382812
      ],
      [
         57.941566467285156,
         88.19621276855469
      ]
   ],
   "p2s": [
      [
         72.99165344238281,
         31.69406509399414
      ],
      [
         100.0,
         31.0
      ],
      [
         98.00001525878906,
         36.0009880065918
      ],
      [
         40.176856994628906,
         50.9517822265625
      ],
      [
         12.350852966308594,
         58.597869873046875
      ],
      [
         100.0,
         70.74897766113281
      ],
      [
         35.017608642578125,
         73.668212890625
      ],
      [
         81.99710083007812,
         72.15438079833984
      ],
      [
         54.96859359741211,
         83.48578643798828
      ],
      [
         20.06009864807129,
         94.1961441040039
      ],
      [
         85.57536315917969,
         96.42585754394531
      ]
   ],
   "b1s": [
      0,
      1,
      0,
      0,
      1,
      1,
      0,
      1,
      0,
      0,
      0
   ],
   "b2s": [
      1,
      0,
      0,
      1,
      0,
      0,
      1,
      0,
      0,
      0,
      0
   ]
}