{
   "angles": [
      0.30314261804502596,
      1.3410872864103736,
      0.23046635084797132,
      -1.4908180992997526,
      0.390237903971467,
      0.4237717806355272,
      0.35764748519679024,
      0.29239895724175446,
      0.2809301263787946,
      0.3306219815571113
   ],
   "dists": [
      30.17637097765885,
      30.12119036683601,
      74.36778014636738,
      -17.36418491916754,
      95.7677958166058,
      108.84560796484335,
      75.33410594475556,
      39.80594655614223,
      63.40348906834155,
      95.3780378968089
   ],
   "p1s": [
      [
         23.638212203979492,
         25.512405395507812
      ],
      [
         38.95878601074219,
         21.82375144958496
      ],
      [
         76.36724853515625,
         0.08616948127746582
      ],
      [
         0.0,
         17.41986846923828
      ],
      [
         77.05007934570312,
         64.43193054199219
      ],
      [
         89.32190704345703,
         66.69410705566406
      ],
      [
         54.68095779418945,
         68.88076782226562
      ],
      [
         18.7178897857666,
         75.91507720947266
      ],
      [
         37.13428497314453,
         100.0
      ],
      [
         66.56829833984375,
         99.8518295288086
      ]
   ],
   "p2s": [
      [
         31.5629825592041,
         0.17609114944934845
      ],
      [
         61.87492752075195,
         16.465131759643555
      ],
      [
         71.16154479980469,
         22.272539138793945
      ],
      [
         24.886777877807617,
         19.414533615112305
      ],
      [
         84.6850357055664,
         45.870445251464844
      ],
      [
         74.58535766601562,
         99.36184692382812
      ],
      [
         43.167388916015625,
         99.68883514404297
      ],
      [
         11.511903762817383,
         99.85307312011719
      ],
      [
         43.78876495361328,
         76.93914794921875
      ],
      [
         75.0876235961914,
         75.03007507324219
      ]
   ],
   "b1s": [
      1,
      1,
      0,
      0,
      1,
      0,
      1,
      0,
      0,
      0
   ],
   "b2s": [
      0,
      0,
      1,
      0,
      0,
      0,
      0,
      0,
      1,
      1
   ]
}