{
   "angles": [
      -0.17491881841499618,
      -0.2110668775828463,
      -0.15215342399460507,
      -0.15490028935229497,
      -0.1596277790099907,
      -0.10069503177043367,
      -0.08999583832248093,
      -1.2711582258844234,
      -1.373333145003659
   ],
   "dists": [
      13.476809134825634,
      21.442297260979586,
      45.92573977560463,
      57.0282195180493,
      61.74329365329833,
      84.23867502418418,
      88.48120274866595,
      -63.699808060049925,
      -65.8718816394825
   ],
   "p1s": [
      [
         18.413082122802734,
         26.750272750854492
      ],
      [
         21.932064056396484,
         0.0145557951182127
      ],
      [
         50.26629638671875,
         24.806379318237305
      ],
      [
         57.72597885131836,
         0.042788803577423096
      ],
      [
         62.5500373840332,
         0.07244299352169037
      ],
      [
         87.0813980102539,
         23.89073944091797
      ],
      [
         88.8420181274414,
         0.014255914837121964
      ],
      [
         28.19156837463379,
         75.37991333007812
      ],
      [
         96.69525909423828,
         86.52316284179688
      ]
   ],
   "p2s": [
      [
         13.695161819458008,
         0.05387261137366295
      ],
      [
         27.77035903930664,
         27.263460159301758
      ],
      [
         46.462520599365234,
         0.0
      ],
      [
         62.289390563964844,
         29.267114639282227
      ],
      [
         66.44268035888672,
         24.25072479248047
      ],
      [
         84.67091369628906,
         0.03324945643544197
      ],
      [
         90.92499542236328,
         23.097007751464844
      ],
      [
         7.959968090057373,
         69.12957763671875
      ],
      [
         74.96487426757812,
         82.17556762695312
      ]
   ],
   "b1s": [
      0,
      0,
      1,
      0,
      0,
      0,
      0,
      1,
      0
   ],
   "b2s": [
      0,
      1,
      0,
      1,
      1,
      0,
      0,
      0,
      0
   ]
}