{
   "angles": [
      1.5375680334463702,
      1.5444145633488064,
      1.5597681125670602,
      -1.4829755820344492,
      -1.5707959267948965,
      -1.4920217149707087,
      -1.3880182424044032
   ],
   "dists": [
      30.671846975097807,
      35.75931800530072,
      48.58616558616933,
      -49.09009472739805,
      -49.99996199999599,
      -55.29151077823717,
      -51.420714547323875
   ],
   "p1s": [
      [
         0.0,
         30.68878746032715
      ],
      [
         0.020351072773337364,
         35.7712287902832
      ],
      [
         99.99433135986328,
         47.4863166809082
      ],
      [
         36.04808044433594,
         52.453941345214844
      ],
      [
         95.0,
         50.0
      ],
      [
         5.011124134063721,
         55.85907745361328
      ],
      [
         74.97236633300781,
         66.14973449707031
      ]
   ],
   "p2s": [
      [
         93.98553466796875,
         27.564668655395508
      ],
      [
         96.00628662109375,
         33.238372802734375
      ],
      [
         73.99749755859375,
         47.77303695678711
      ],
      [
         0.06290438771247864,
         49.28555679321289
      ],
      [
         70.0,
         50.0
      ],
      [
         37.12675476074219,
         58.394229888916016
      ],
      [
         100.0,
         70.77587890625
      ]
   ],
   "b1s": [
      0,
      0,
      0,
      1,
      0,
      0,
      1
   ],
   "b2s": [
      0,
      0,
      1,
      0,
      1,
      1,
      0
   ]
}