{
   "angles": [
      -0.07979470304422037,
      -0.05852132859065437,
      0.031568035306908264,
      -1.4111805950169014,
      -1.4116009064042672
   ],
   "dists": [
      20.69755625671942,
      24.086878706523464,
      55.413387520697476,
      -12.253266880254872,
      -85.65060515423816
   ],
   "p1s": [
      [
         22.611684799194336,
         23.11101531982422
      ],
      [
         24.128183364868164,
         0.0
      ],
      [
         54.58680725097656,
         27.05010986328125
      ],
      [
         57.882598876953125,
         21.729272842407227
      ],
      [
         61.89014434814453,
         96.6842269897461
      ]
   ],
   "p2s": [
      [
         20.765125274658203,
         0.01878158561885357
      ],
      [
         25.298921585083008,
         19.982492446899414
      ],
      [
         55.44057083129883,
         0.013912585563957691
      ],
      [
         81.7470703125,
         25.571109771728516
      ],
      [
         1.8327388763427734,
         87.04177856445312
      ]
   ],
   "b1s": [
      1,
      0,
      1,
      1,
      0
   ],
   "b2s": [
      0,
      0,
      0,
      0,
      0
   ]
}