{
   "angles": [
      1.2124466261382791,
      -1.5256230196320197,
      -1.4531473904096712
   ],
   "dists": [
      30.1270121765486,
      -66.7501506603981,
      -56.97518849144353
   ],
   "p1s": [
      [
         57.27029800415039,
         10.721720695495605
      ],
      [
         0.05330866947770119,
         66.82072448730469
      ],
      [
         60.93219757080078,
         64.57364654541016
      ]
   ],
   "p2s": [
      [
         33.594966888427734,
         19.588613510131836
      ],
      [
         27.043359756469727,
         68.0407943725586
      ],
      [
         84.83467102050781,
         67.3988037109375
      ]
   ],
   "b1s": [
      0,
      0,
      1
   ],
   "b2s": [
      0,
      1,
      0
   ]
}