{
   "angles": [
      1.2010402681536803,
      0.997831150828198,
      0.993680739413227,
      1.0062255280990453,
      1.0012792280487515,
      1.037793037429594,
      0.9897704070711124,
      0.9740268582872293,
      0.9365087856535128,
      1.0168645686446427,
      1.5688510114076726,
      -1.5520420617389863,
      1.5634030861517152,
      -1.5593978576720247
   ],
   "dists": [
      10.816079310458337,
      19.446851907758592,
      43.76184715674292,
      48.86832377700952,
      59.19584594967351,
      32.65798613746973,
      64.8485816289805,
      76.94151027714993,
      83.96805343523019,
      92.15377938283387,
      76.03419380125392,
      -74.35937838726099,
      96.12800355798586,
      -95.08894314613278
   ],
   "p1s": [
      [
         2.4734325408935547,
         10.641404151916504
      ],
      [
         34.09447479248047,
         1.1464381217956543
      ],
      [
         0.5575103759765625,
         51.856319427490234
      ],
      [
         89.92975616455078,
         0.8890832662582397
      ],
      [
         10.856003761291504,
         63.339412689208984
      ],
      [
         40.444454193115234,
         14.057202339172363
      ],
      [
         98.58493041992188,
         12.84496784210205
      ],
      [
         53.934776306152344,
         56.37587356567383
      ],
      [
         96.29439544677734,
         33.4001579284668
      ],
      [
         72.81564331054688,
         63.31869125366211
      ],
      [
         53.99986267089844,
         75.92929077148438
      ],
      [
         99.99534606933594,
         76.24801635742188
      ],
      [
         9.000473976135254,
         96.0640869140625
      ],
      [
         36.994110107421875,
         95.51681518554688
      ]
   ],
   "p2s": [
      [
         24.969844818115234,
         1.9221974611282349
      ],
      [
         2.8439090251922607,
         21.308061599731445
      ],
      [
         78.90217590332031,
         0.8497471809387207
      ],
      [
         0.8338839411735535,
         57.316654205322266
      ],
      [
         100.0,
         6.26163911819458
      ],
      [
         0.0,
         37.91775894165039
      ],
      [
         32.041263580322266,
         56.5399284362793
      ],
      [
         97.0544662475586,
         27.080163955688477
      ],
      [
         61.99516677856445,
         58.634185791015625
      ],
      [
         96.4377670288086,
         48.70775604248047
      ],
      [
         6.682304956484586e-05,
         76.03434753417969
      ],
      [
         54.99242401123047,
         75.4039306640625
      ],
      [
         35.99899673461914,
         95.86448669433594
      ],
      [
         94.99797058105469,
         96.17800903320312
      ]
   ],
   "b1s": [
      0,
      0,
      0,
      0,
      0,
      0,
      0,
      1,
      0,
      1,
      1,
      0,
      0,
      0
   ],
   "b2s": [
      0,
      0,
      0,
      0,
      0,
      0,
      1,
      0,
      1,
      0,
      0,
      1,
      0,
      0
   ]
}