{
   "angles": [
      0.4529355547212465,
      0.4065630429197284,
      0.37758325240108676,
      1.2533175166190822,
      -1.272269625705338,
      -1.4076053909735697
   ],
   "dists": [
      67.41736201905029,
      89.03555531980197,
      93.16502587890574,
      36.39564497475134,
      -38.08150924667753,
      -60.07929850231531
   ],
   "p1s": [
      [
         74.79041290283203,
         0.38468021154403687
      ],
      [
         79.75984191894531,
         39.89659881591797
      ],
      [
         93.41702270507812,
         17.165395736694336
      ],
      [
         0.3885610103607178,
         38.182498931884766
      ],
      [
         68.34606170654297,
         60.87540054321289
      ],
      [
         12.182090759277344,
         62.89411163330078
      ]
   ],
   "p2s": [
      [
         60.11347579956055,
         30.541906356811523
      ],
      [
         89.52135467529297,
         17.224472045898438
      ],
      [
         85.13285064697266,
         38.05269241333008
      ],
      [
         22.024059295654297,
         31.07322120666504
      ],
      [
         88.9350357055664,
         67.21110534667969
      ],
      [
         36.029518127441406,
         66.82072448730469
      ]
   ],
   "b1s": [
      0,
      1,
      0,
      0,
      1,
      0
   ],
   "b2s": [
      1,
      0,
      0,
      1,
      0,
      1
   ]
}