{
   "angles": [
      -1.2853515246621885,
      -1.4725638959942,
      0.29879956339571645,
      -1.2826616858740105
   ],
   "dists": [
      7.617567168125776,
      -14.458313855410958,
      107.57805022141298,
      -74.43403252766944
   ],
   "p1s": [
      [
         27.924875259399414,
         0.25599735975265503
      ],
      [
         99.96258544921875,
         24.379629135131836
      ],
      [
         90.44124603271484,
         71.82789611816406
      ],
      [
         15.89739990234375,
         82.34617614746094
      ]
   ],
   "p2s": [
      [
         50.72235107421875,
         6.9461236000061035
      ],
      [
         76.98860931396484,
         22.115562438964844
      ],
      [
         83.73206329345703,
         93.60945129394531
      ],
      [
         43.54356384277344,
         90.54002380371094
      ]
   ],
   "b1s": [
      0,
      0,
      0,
      0
   ],
   "b2s": [
      0,
      1,
      0,
      0
   ]
}