{
   "angles": [
      0.28225741529391635,
      -1.0147402613411054,
      -1.3847991850758863,
      -0.5822829517431525,
      -0.667526117396753,
      -1.226990489228112,
      -1.163164885188672,
      0.0,
      1.4884827628342165,
      0.8680123157047686,
      -0.473956501105605,
      -0.3723182084330111,
      -0.9114862740809377,
      -0.42821667530616975,
      -0.908904299888578,
      -0.3707618969157639,
      -0.197395944466005,
      -0.3051608317799986,
      -0.8523903814185563,
      1.0158005813979454,
      -0.63578919468542,
      -1.3447279150570675,
      0.03524987729842258,
      -0.5621867326250634
   ],
   "dists": [],
   "p1s": [
      [
         200.0,
         400.0
      ],
      [
         46.0,
         0.0
      ],
      [
         186.0,
         400.0
      ],
      [
         0.0,
         157.0
      ],
      [
         0.0,
         315.0
      ],
      [
         372.0,
         87.0
      ],
      [
         268.0,
         0.0
      ],
      [
         0.0,
         0.0
      ],
      [
         400.0,
         309.0
      ],
      [
         85.0,
         0.0
      ],
      [
         400.0,
         193.0
      ],
      [
         400.0,
         169.0
      ],
      [
         0.0,
         69.0
      ],
      [
         400.0,
         379.0
      ],
      [
         0.0,
         246.0
      ],
      [
         163.0,
         373.0
      ],
      [
         344.0,
         0.0
      ],
      [
         204.0,
         0.0
      ],
      [
         167.0,
         400.0
      ],
      [
         0.0,
         368.0
      ],
      [
         169.0,
         0.0
      ],
      [
         400.0,
         313.0
      ],
      [
         96.0,
         0.0
      ],
      [
         325.0,
         400.0
      ]
   ],
   "p2s": [
      [
         316.0,
         0.0
      ],
      [
         400.0,
         220.0
      ],
      [
         0.0,
         365.0
      ],
      [
         160.0,
         400.0
      ],
      [
         67.0,
         400.0
      ],
      [
         129.0,
         0.0
      ],
      [
         400.0,
         57.0
      ],
      [
         0.0,
         0.0
      ],
      [
         0.0,
         342.0
      ],
      [
         0.0,
         72.0
      ],
      [
         301.0,
         0.0
      ],
      [
         334.0,
         0.0
      ],
      [
         400.0,
         379.0
      ],
      [
         227.0,
         0.0
      ],
      [
         163.0,
         373.0
      ],
      [
         18.0,
         0.0
      ],
      [
         345.0,
         5.0
      ],
      [
         330.0,
         400.0
      ],
      [
         0.0,
         254.0
      ],
      [
         400.0,
         120.0
      ],
      [
         400.0,
         313.0
      ],
      [
         0.0,
         221.0
      ],
      [
         82.0,
         397.0
      ],
      [
         73.0,
         0.0
      ]
   ],
   "b1s": [],
   "b2s": [],
   "colors": [
      [
         0.0,
         0.0,
         0.0
      ],
      [
         0.0,
         0.0,
         0.0
      ],
      [
         0.0,
         0.0,
         0.0
      ],
      [
         0.0,
         0.0,
         0.0
      ],
      [
         0.0,
         0.0,
         0.0
      ],
      [
         0.0,
         0.0,
         0.0
      ],
      [
         0.0,
         0.0,
         0.0
      ],
      [
         0.0,
         0.0,
         0.0
      ],
      [
         0.0,
         0.0,
         0.0
      ],
      [
         0.0,
         0.0,
         0.0
      ],
      [
         0.0,
         0.0,
         0.0
      ],
      [
         0.0,
         0.0,
         0.0
      ],
      [
         0.0,
         0.0,
         0.0
      ],
      [
         0.0,
         0.0,
         0.0
      ],
      [
         0.0,
         0.0,
         0.0
      ],
      [
         0.0,
         0.0,
         0.0
      ],
      [
         0.0,
         0.0,
         0.0
      ],
      [
         0.0,
         0.0,
         0.0
      ],
      [
         0.0,
         0.0,
         0.0
      ],
      [
         0.0,
         0.0,
         0.0
      ],
      [
         0.0,
         0.0,
         0.0
      ],
      [
         0.0,
         0.0,
         0.0
      ],
      [
         0.0,
         0.0,
         0.0
      ],
      [
         0.0,
         0.0,
         0.0
      ]
   ],
   "categories": [
      0.0,
      0.0,
      0.0,
      0.0,
      0.0,
      0.0,
      0.0,
      0.0,
      0.0,
      0.0,
      0.0,
      0.0,
      0.0,
      0.0,
      0.0,
      0.0,
      0.0,
      0.0,
      0.0,
      0.0,
      0.0,
      0.0,
      0.0,
      0.0
   ]
}