{
   "angles": [
      -0.4470171056262623,
      -1.3902828820945308,
      -0.47308127218459534,
      0.6031430005083342,
      0.4393608776605438,
      -1.2555817252928003,
      -0.3058788902965409,
      0.8032080108525,
      1.06506826920631,
      0.8850668431163337,
      -0.6348433292996659,
      -0.5619215494111152,
      -0.7730191669724871
   ],
   "dists": [],
   "p1s": [
      [
         400.0,
         194.0
      ],
      [
         400.0,
         387.0
      ],
      [
         400.0,
         211.0
      ],
      [
         239.0,
         0.0
      ],
      [
         120.0,
         400.0
      ],
      [
         308.0,
         0.0
      ],
      [
         352.0,
         0.0
      ],
      [
         400.0,
         207.0
      ],
      [
         214.0,
         250.0
      ],
      [
         400.0,
         220.0
      ],
      [
         0.0,
         28.0
      ],
      [
         221.0,
         400.0
      ],
      [
         0.0,
         32.0
      ]
   ],
   "p2s": [
      [
         307.0,
         0.0
      ],
      [
         0.0,
         314.0
      ],
      [
         292.0,
         0.0
      ],
      [
         0.0,
         347.0
      ],
      [
         308.0,
         0.0
      ],
      [
         400.0,
         30.0
      ],
      [
         400.0,
         152.0
      ],
      [
         200.0,
         400.0
      ],
      [
         400.0,
         147.0
      ],
      [
         180.0,
         400.0
      ],
      [
         274.0,
         400.0
      ],
      [
         0.0,
         49.0
      ],
      [
         359.0,
         400.0
      ]
   ],
   "b1s": [],
   "b2s": [],
   "colors": [
      [
         0.0,
         0.0,
         0.0
      ],
      [
         0.0,
         0.0,
         0.0
      ],
      [
         0.0,
         0.0,
         0.0
      ],
      [
         0.0,
         0.0,
         0.0
      ],
      [
         0.0,
         0.0,
         0.0
      ],
      [
         0.0,
         0.0,
         0.0
      ],
      [
         0.0,
         0.0,
         0.0
      ],
      [
         0.0,
         0.0,
         0.0
      ],
      [
         0.0,
         0.0,
         0.0
      ],
      [
         0.0,
         0.0,
         0.0
      ],
      [
         0.0,
         0.0,
         0.0
      ],
      [
         0.0,
         0.0,
         0.0
      ],
      [
         0.0,
         0.0,
         0.0
      ]
   ],
   "categories": [
      0.0,
      0.0,
      0.0,
      0.0,
      0.0,
      0.0,
      0.0,
      0.0,
      0.0,
      0.0,
      0.0,
      0.0,
      0.0
   ]
}