{
   "angles": [
      0.2819393061479071,
      -1.0240076445263544,
      -0.44663830220972583,
      1.0567933926165185,
      -1.2282634766959353,
      -1.1654543244152855,
      0.866302248038891,
      -1.3904078952563572,
      0.8677801268710437,
      -0.4716155577440833,
      0.27043611240834886,
      -0.37185606538577437,
      -0.42616514921661963,
      -0.37298764802958306,
      -0.23081196597020068,
      -0.3051608317799986,
      1.0341080589998521,
      0.579497364831133,
      0.7526230585906897,
      -0.6357711360480265,
      1.2917548800810077,
      0.03302102687514655,
      -0.5616928474338545,
      -0.7730965166216535,
      1.1520746309249472
   ],
   "dists": [],
   "p1s": [
      [
         316.0,
         400.0
      ],
      [
         0.0,
         372.0
      ],
      [
         258.0,
         332.0
      ],
      [
         0.0,
         83.0
      ],
      [
         129.0,
         400.0
      ],
      [
         0.0,
         285.0
      ],
      [
         0.0,
         400.0
      ],
      [
         400.0,
         60.0
      ],
      [
         262.0,
         250.0
      ],
      [
         301.0,
         400.0
      ],
      [
         0.0,
         202.0
      ],
      [
         334.0,
         400.0
      ],
      [
         227.0,
         400.0
      ],
      [
         18.0,
         400.0
      ],
      [
         250.0,
         0.0
      ],
      [
         78.0,
         0.0
      ],
      [
         0.0,
         103.0
      ],
      [
         125.0,
         0.0
      ],
      [
         118.0,
         0.0
      ],
      [
         0.0,
         171.0
      ],
      [
         178.0,
         307.0
      ],
      [
         107.0,
         67.0
      ],
      [
         73.0,
         400.0
      ],
      [
         0.0,
         42.0
      ],
      [
         373.0,
         128.0
      ]
   ],
   "p2s": [
      [
         400.0,
         110.0
      ],
      [
         46.0,
         400.0
      ],
      [
         99.0,
         0.0
      ],
      [
         147.0,
         0.0
      ],
      [
         0.0,
         354.0
      ],
      [
         268.0,
         400.0
      ],
      [
         400.0,
         60.0
      ],
      [
         71.0,
         0.0
      ],
      [
         85.0,
         400.0
      ],
      [
         97.0,
         0.0
      ],
      [
         56.0,
         0.0
      ],
      [
         178.0,
         0.0
      ],
      [
         153.0,
         237.0
      ],
      [
         0.0,
         354.0
      ],
      [
         344.0,
         400.0
      ],
      [
         204.0,
         400.0
      ],
      [
         79.0,
         56.0
      ],
      [
         0.0,
         191.0
      ],
      [
         0.0,
         126.0
      ],
      [
         169.0,
         400.0
      ],
      [
         0.0,
         358.0
      ],
      [
         96.0,
         400.0
      ],
      [
         0.0,
         284.0
      ],
      [
         281.0,
         330.0
      ],
      [
         0.0,
         294.0
      ]
   ],
   "b1s": [],
   "b2s": [],
   "colors": [
      [
         0.0,
         0.0,
         0.0
      ],
      [
         0.0,
         0.0,
         0.0
      ],
      [
         0.0,
         0.0,
         0.0
      ],
      [
         0.0,
         0.0,
         0.0
      ],
      [
         0.0,
         0.0,
         0.0
      ],
      [
         0.0,
         0.0,
         0.0
      ],
      [
         0.0,
         0.0,
         0.0
      ],
      [
         0.0,
         0.0,
         0.0
      ],
      [
         0.0,
         0.0,
         0.0
      ],
      [
         0.0,
         0.0,
         0.0
      ],
      [
         0.0,
         0.0,
         0.0
      ],
      [
         0.0,
         0.0,
         0.0
      ],
      [
         0.0,
         0.0,
         0.0
      ],
      [
         0.0,
         0.0,
         0.0
      ],
      [
         0.0,
         0.0,
         0.0
      ],
      [
         0.0,
         0.0,
         0.0
      ],
      [
         0.0,
         0.0,
         0.0
      ],
      [
         0.0,
         0.0,
         0.0
      ],
      [
         0.0,
         0.0,
         0.0
      ],
      [
         0.0,
         0.0,
         0.0
      ],
      [
         0.0,
         0.0,
         0.0
      ],
      [
         0.0,
         0.0,
         0.0
      ],
      [
         0.0,
         0.0,
         0.0
      ],
      [
         0.0,
         0.0,
         0.0
      ],
      [
         0.0,
         0.0,
         0.0
      ]
   ],
   "categories": [
      0.0,
      0.0,
      0.0,
      0.0,
      0.0,
      0.0,
      0.0,
      0.0,
      0.0,
      0.0,
      0.0,
      0.0,
      0.0,
      0.0,
      0.0,
      0.0,
      0.0,
      0.0,
      0.0,
      0.0,
      0.0,
      0.0,
      0.0,
      0.0,
      0.0
   ]
}