{
   "angles": [
      -1.3854483526482586,
      1.059013139640563,
      1.417020051088855,
      0.8621699723142909,
      1.4889606085284859,
      1.2053718381819982,
      0.6059540332313932,
      0.4393608776605438,
      0.0,
      0.8048943284953911,
      1.0373142522900225,
      0.888066273162179,
      0.7519378731454028,
      -1.3419973514681947,
      0.8207265152409537,
      1.2918767484566749
   ],
   "dists": [],
   "p1s": [
      [
         400.0,
         291.0
      ],
      [
         0.0,
         132.0
      ],
      [
         400.0,
         183.0
      ],
      [
         330.0,
         400.0
      ],
      [
         400.0,
         374.0
      ],
      [
         400.0,
         219.0
      ],
      [
         88.0,
         0.0
      ],
      [
         144.0,
         400.0
      ],
      [
         142.0,
         0.0
      ],
      [
         183.0,
         0.0
      ],
      [
         0.0,
         176.0
      ],
      [
         91.0,
         0.0
      ],
      [
         400.0,
         153.0
      ],
      [
         400.0,
         130.0
      ],
      [
         249.0,
         0.0
      ],
      [
         400.0,
         72.0
      ]
   ],
   "p2s": [
      [
         0.0,
         216.0
      ],
      [
         235.0,
         0.0
      ],
      [
         0.0,
         245.0
      ],
      [
         400.0,
         340.0
      ],
      [
         83.0,
         400.0
      ],
      [
         285.0,
         263.0
      ],
      [
         0.0,
         127.0
      ],
      [
         332.0,
         0.0
      ],
      [
         142.0,
         400.0
      ],
      [
         0.0,
         176.0
      ],
      [
         298.0,
         0.0
      ],
      [
         0.0,
         74.0
      ],
      [
         169.0,
         400.0
      ],
      [
         327.0,
         113.0
      ],
      [
         0.0,
         232.0
      ],
      [
         187.0,
         133.0
      ]
   ],
   "b1s": [],
   "b2s": [],
   "colors": [
      [
         0.0,
         0.0,
         0.0
      ],
      [
         0.0,
         0.0,
         0.0
      ],
      [
         0.0,
         0.0,
         0.0
      ],
      [
         0.0,
         0.0,
         0.0
      ],
      [
         0.0,
         0.0,
         0.0
      ],
      [
         0.0,
         0.0,
         0.0
      ],
      [
         0.0,
         0.0,
         0.0
      ],
      [
         0.0,
         0.0,
         0.0
      ],
      [
         0.0,
         0.0,
         0.0
      ],
      [
         0.0,
         0.0,
         0.0
      ],
      [
         0.0,
         0.0,
         0.0
      ],
      [
         0.0,
         0.0,
         0.0
      ],
      [
         0.0,
         0.0,
         0.0
      ],
      [
         0.0,
         0.0,
         0.0
      ],
      [
         0.0,
         0.0,
         0.0
      ],
      [
         0.0,
         0.0,
         0.0
      ]
   ],
   "categories": [
      0.0,
      0.0,
      0.0,
      0.0,
      0.0,
      0.0,
      0.0,
      0.0,
      0.0,
      0.0,
      0.0,
      0.0,
      0.0,
      0.0,
      0.0,
      0.0
   ]
}