{
   "angles": [
      -1.387864536387353,
      -0.5787150059647871,
      -0.6649870726693169,
      -0.80948982516562,
      1.4187530851965537,
      0.866302248038891,
      1.4909663659236767,
      1.2003039928984138,
      0.868539619423863,
      -0.9113108592614557,
      -0.909315157527484,
      -0.4414065757337501,
      0.578881811469035,
      0.75510443609845,
      -0.8531840372179473,
      -0.7729506940140413,
      1.019141204781383,
      -1.347103602482135,
      1.2924967044774167
   ],
   "dists": [],
   "p1s": [
      [
         400.0,
         365.0
      ],
      [
         351.0,
         82.0
      ],
      [
         153.0,
         0.0
      ],
      [
         363.0,
         81.0
      ],
      [
         372.0,
         126.0
      ],
      [
         0.0,
         340.0
      ],
      [
         400.0,
         342.0
      ],
      [
         121.0,
         172.0
      ],
      [
         400.0,
         72.0
      ],
      [
         311.0,
         0.0
      ],
      [
         84.0,
         0.0
      ],
      [
         302.0,
         400.0
      ],
      [
         264.0,
         0.0
      ],
      [
         144.0,
         0.0
      ],
      [
         400.0,
         254.0
      ],
      [
         33.0,
         0.0
      ],
      [
         348.0,
         400.0
      ],
      [
         400.0,
         221.0
      ],
      [
         252.0,
         0.0
      ]
   ],
   "p2s": [
      [
         0.0,
         291.0
      ],
      [
         400.0,
         157.0
      ],
      [
         400.0,
         315.0
      ],
      [
         278.0,
         0.0
      ],
      [
         0.0,
         183.0
      ],
      [
         400.0,
         0.0
      ],
      [
         0.0,
         374.0
      ],
      [
         0.0,
         219.0
      ],
      [
         374.0,
         94.0
      ],
      [
         400.0,
         69.0
      ],
      [
         400.0,
         246.0
      ],
      [
         113.0,
         0.0
      ],
      [
         81.0,
         280.0
      ],
      [
         0.0,
         153.0
      ],
      [
         109.0,
         0.0
      ],
      [
         271.0,
         244.0
      ],
      [
         400.0,
         368.0
      ],
      [
         0.0,
         130.0
      ],
      [
         0.0,
         72.0
      ]
   ],
   "b1s": [],
   "b2s": [],
   "colors": [
      [
         0.0,
         0.0,
         0.0
      ],
      [
         0.0,
         0.0,
         0.0
      ],
      [
         0.0,
         0.0,
         0.0
      ],
      [
         0.0,
         0.0,
         0.0
      ],
      [
         0.0,
         0.0,
         0.0
      ],
      [
         0.0,
         0.0,
         0.0
      ],
      [
         0.0,
         0.0,
         0.0
      ],
      [
         0.0,
         0.0,
         0.0
      ],
      [
         0.0,
         0.0,
         0.0
      ],
      [
         0.0,
         0.0,
         0.0
      ],
      [
         0.0,
         0.0,
         0.0
      ],
      [
         0.0,
         0.0,
         0.0
      ],
      [
         0.0,
         0.0,
         0.0
      ],
      [
         0.0,
         0.0,
         0.0
      ],
      [
         0.0,
         0.0,
         0.0
      ],
      [
         0.0,
         0.0,
         0.0
      ],
      [
         0.0,
         0.0,
         0.0
      ],
      [
         0.0,
         0.0,
         0.0
      ],
      [
         0.0,
         0.0,
         0.0
      ]
   ],
   "categories": [
      0.0,
      0.0,
      0.0,
      0.0,
      0.0,
      0.0,
      0.0,
      0.0,
      0.0,
      0.0,
      0.0,
      0.0,
      0.0,
      0.0,
      0.0,
      0.0,
      0.0,
      0.0,
      0.0
   ]
}