{
   "angles": [
      -0.4479932916067835,
      1.0593456269886226,
      -1.3897035339872899,
      -0.4741735145390691,
      0.26836620451427423,
      -0.37185606538577437,
      -1.2520715044885864,
      -0.23085246804830734,
      -0.30472058230507715,
      0.80667157355424,
      1.0659349263369835,
      -0.2363038094850031,
      0.8852693082969024,
      0.5770207507605646,
      0.7528196592572317
   ],
   "dists": [],
   "p1s": [
      [
         99.0,
         400.0
      ],
      [
         147.0,
         400.0
      ],
      [
         71.0,
         400.0
      ],
      [
         97.0,
         400.0
      ],
      [
         56.0,
         400.0
      ],
      [
         178.0,
         400.0
      ],
      [
         0.0,
         30.0
      ],
      [
         195.0,
         166.0
      ],
      [
         0.0,
         152.0
      ],
      [
         216.0,
         0.0
      ],
      [
         0.0,
         147.0
      ],
      [
         266.0,
         0.0
      ],
      [
         269.0,
         0.0
      ],
      [
         373.0,
         19.0
      ],
      [
         400.0,
         99.0
      ]
   ],
   "p2s": [
      [
         0.0,
         194.0
      ],
      [
         400.0,
         258.0
      ],
      [
         0.0,
         387.0
      ],
      [
         0.0,
         211.0
      ],
      [
         166.0,
         0.0
      ],
      [
         22.0,
         0.0
      ],
      [
         397.0,
         161.0
      ],
      [
         250.0,
         400.0
      ],
      [
         78.0,
         400.0
      ],
      [
         0.0,
         207.0
      ],
      [
         266.0,
         0.0
      ],
      [
         338.0,
         299.0
      ],
      [
         0.0,
         220.0
      ],
      [
         125.0,
         400.0
      ],
      [
         118.0,
         400.0
      ]
   ],
   "b1s": [],
   "b2s": [],
   "colors": [
      [
         0.0,
         0.0,
         0.0
      ],
      [
         0.0,
         0.0,
         0.0
      ],
      [
         0.0,
         0.0,
         0.0
      ],
      [
         0.0,
         0.0,
         0.0
      ],
      [
         0.0,
         0.0,
         0.0
      ],
      [
         0.0,
         0.0,
         0.0
      ],
      [
         0.0,
         0.0,
         0.0
      ],
      [
         0.0,
         0.0,
         0.0
      ],
      [
         0.0,
         0.0,
         0.0
      ],
      [
         0.0,
         0.0,
         0.0
      ],
      [
         0.0,
         0.0,
         0.0
      ],
      [
         0.0,
         0.0,
         0.0
      ],
      [
         0.0,
         0.0,
         0.0
      ],
      [
         0.0,
         0.0,
         0.0
      ],
      [
         0.0,
         0.0,
         0.0
      ]
   ],
   "categories": [
      0.0,
      0.0,
      0.0,
      0.0,
      0.0,
      0.0,
      0.0,
      0.0,
      0.0,
      0.0,
      0.0,
      0.0,
      0.0,
      0.0,
      0.0
   ]
}