{
   "angles": [
      0.42511529938510123,
      -1.0171811479091808,
      -0.6657537902740265,
      -0.8104824698633658,
      1.0575440079343235,
      -1.1654422520481227,
      0.6022873578060519,
      -0.9111054526218086,
      -0.9100813791411453,
      0.4385132117895958,
      -0.0024999948541858086,
      0.8065714933747044,
      1.0318197547533643,
      -0.4410383729174407,
      0.8847144744599718,
      -0.8525752006432664,
      -0.7715486470992677,
      0.8231808973490415
   ],
   "dists": [],
   "p1s": [
      [
         158.0,
         0.0
      ],
      [
         201.0,
         0.0
      ],
      [
         239.0,
         0.0
      ],
      [
         400.0,
         136.0
      ],
      [
         235.0,
         400.0
      ],
      [
         139.0,
         0.0
      ],
      [
         363.0,
         0.0
      ],
      [
         195.0,
         0.0
      ],
      [
         189.0,
         170.0
      ],
      [
         332.0,
         400.0
      ],
      [
         141.0,
         0.0
      ],
      [
         400.0,
         192.0
      ],
      [
         298.0,
         400.0
      ],
      [
         400.0,
         161.0
      ],
      [
         400.0,
         147.0
      ],
      [
         400.0,
         305.0
      ],
      [
         44.0,
         0.0
      ],
      [
         400.0,
         260.0
      ]
   ],
   "p2s": [
      [
         0.0,
         349.0
      ],
      [
         400.0,
         123.0
      ],
      [
         400.0,
         205.0
      ],
      [
         257.0,
         0.0
      ],
      [
         400.0,
         307.0
      ],
      [
         400.0,
         112.0
      ],
      [
         88.0,
         400.0
      ],
      [
         400.0,
         159.0
      ],
      [
         400.0,
         334.0
      ],
      [
         400.0,
         255.0
      ],
      [
         142.0,
         400.0
      ],
      [
         183.0,
         400.0
      ],
      [
         400.0,
         339.0
      ],
      [
         324.0,
         0.0
      ],
      [
         91.0,
         400.0
      ],
      [
         51.0,
         0.0
      ],
      [
         400.0,
         366.0
      ],
      [
         249.0,
         400.0
      ]
   ],
   "b1s": [],
   "b2s": [],
   "colors": [
      [
         0.0,
         0.0,
         0.0
      ],
      [
         0.0,
         0.0,
         0.0
      ],
      [
         0.0,
         0.0,
         0.0
      ],
      [
         0.0,
         0.0,
         0.0
      ],
      [
         0.0,
         0.0,
         0.0
      ],
      [
         0.0,
         0.0,
         0.0
      ],
      [
         0.0,
         0.0,
         0.0
      ],
      [
         0.0,
         0.0,
         0.0
      ],
      [
         0.0,
         0.0,
         0.0
      ],
      [
         0.0,
         0.0,
         0.0
      ],
      [
         0.0,
         0.0,
         0.0
      ],
      [
         0.0,
         0.0,
         0.0
      ],
      [
         0.0,
         0.0,
         0.0
      ],
      [
         0.0,
         0.0,
         0.0
      ],
      [
         0.0,
         0.0,
         0.0
      ],
      [
         0.0,
         0.0,
         0.0
      ],
      [
         0.0,
         0.0,
         0.0
      ],
      [
         0.0,
         0.0,
         0.0
      ]
   ],
   "categories": [
      0.0,
      0.0,
      0.0,
      0.0,
      0.0,
      0.0,
      0.0,
      0.0,
      0.0,
      0.0,
      0.0,
      0.0,
      0.0,
      0.0,
      0.0,
      0.0,
      0.0,
      0.0
   ]
}