{
   "angles": [
      -1.0139968025541253,
      -0.665289452735312,
      -0.8112226604157445,
      1.0603079858464524,
      -1.2277722596773664,
      -1.1625903224245966,
      0.26984913771587443,
      -0.9115365020467272,
      -0.9048271630225208,
      -0.37032339001069314,
      0.43984256770714364,
      0.8058035201039704,
      1.0377621980727885,
      -0.4416545235934022,
      0.8859751141800759,
      0.576879613638671,
      0.7514489661823922,
      -0.8539181268180038,
      -0.7704740454007041,
      -0.6350267633177036,
      0.820050980417248,
      1.294282442709112,
      -0.562388356161289,
      -0.7733506725563393,
      1.154172897696498
   ],
   "dists": [],
   "p1s": [
      [
         0.0,
         123.0
      ],
      [
         0.0,
         205.0
      ],
      [
         278.0,
         400.0
      ],
      [
         0.0,
         307.0
      ],
      [
         400.0,
         354.0
      ],
      [
         0.0,
         112.0
      ],
      [
         361.0,
         343.0
      ],
      [
         0.0,
         159.0
      ],
      [
         0.0,
         334.0
      ],
      [
         400.0,
         354.0
      ],
      [
         0.0,
         255.0
      ],
      [
         200.0,
         0.0
      ],
      [
         0.0,
         339.0
      ],
      [
         113.0,
         400.0
      ],
      [
         180.0,
         0.0
      ],
      [
         400.0,
         191.0
      ],
      [
         400.0,
         126.0
      ],
      [
         109.0,
         400.0
      ],
      [
         0.0,
         366.0
      ],
      [
         274.0,
         0.0
      ],
      [
         194.0,
         79.0
      ],
      [
         400.0,
         358.0
      ],
      [
         400.0,
         284.0
      ],
      [
         359.0,
         0.0
      ],
      [
         400.0,
         294.0
      ]
   ],
   "p2s": [
      [
         400.0,
         372.0
      ],
      [
         153.0,
         400.0
      ],
      [
         0.0,
         136.0
      ],
      [
         400.0,
         83.0
      ],
      [
         330.0,
         329.0
      ],
      [
         400.0,
         285.0
      ],
      [
         400.0,
         202.0
      ],
      [
         311.0,
         400.0
      ],
      [
         84.0,
         400.0
      ],
      [
         367.0,
         269.0
      ],
      [
         120.0,
         0.0
      ],
      [
         0.0,
         192.0
      ],
      [
         400.0,
         103.0
      ],
      [
         0.0,
         161.0
      ],
      [
         0.0,
         147.0
      ],
      [
         264.0,
         400.0
      ],
      [
         144.0,
         400.0
      ],
      [
         0.0,
         305.0
      ],
      [
         33.0,
         400.0
      ],
      [
         400.0,
         171.0
      ],
      [
         0.0,
         260.0
      ],
      [
         252.0,
         400.0
      ],
      [
         221.0,
         0.0
      ],
      [
         400.0,
         42.0
      ],
      [
         226.0,
         371.0
      ]
   ],
   "b1s": [],
   "b2s": [],
   "colors": [
      [
         0.0,
         0.0,
         0.0
      ],
      [
         0.0,
         0.0,
         0.0
      ],
      [
         0.0,
         0.0,
         0.0
      ],
      [
         0.0,
         0.0,
         0.0
      ],
      [
         0.0,
         0.0,
         0.0
      ],
      [
         0.0,
         0.0,
         0.0
      ],
      [
         0.0,
         0.0,
         0.0
      ],
      [
         0.0,
         0.0,
         0.0
      ],
      [
         0.0,
         0.0,
         0.0
      ],
      [
         0.0,
         0.0,
         0.0
      ],
      [
         0.0,
         0.0,
         0.0
      ],
      [
         0.0,
         0.0,
         0.0
      ],
      [
         0.0,
         0.0,
         0.0
      ],
      [
         0.0,
         0.0,
         0.0
      ],
      [
         0.0,
         0.0,
         0.0
      ],
      [
         0.0,
         0.0,
         0.0
      ],
      [
         0.0,
         0.0,
         0.0
      ],
      [
         0.0,
         0.0,
         0.0
      ],
      [
         0.0,
         0.0,
         0.0
      ],
      [
         0.0,
         0.0,
         0.0
      ],
      [
         0.0,
         0.0,
         0.0
      ],
      [
         0.0,
         0.0,
         0.0
      ],
      [
         0.0,
         0.0,
         0.0
      ],
      [
         0.0,
         0.0,
         0.0
      ],
      [
         0.0,
         0.0,
         0.0
      ]
   ],
   "categories": [
      0.0,
      0.0,
      0.0,
      0.0,
      0.0,
      0.0,
      0.0,
      0.0,
      0.0,
      0.0,
      0.0,
      0.0,
      0.0,
      0.0,
      0.0,
      0.0,
      0.0,
      0.0,
      0.0,
      0.0,
      0.0,
      0.0,
      0.0,
      0.0,
      0.0
   ]
}