{
   "angles": [
      0.42529712802562847,
      -1.014436183755559,
      -0.6646647171475726,
      -0.8092979738996944,
      -1.1633026989585291,
      0.6094586265040509,
      -0.9118868994248346,
      0.0,
      -0.4414065757337501,
      -0.8478168631469831,
      -0.774162792222558,
      -0.643501280221895,
      -0.9091859940573769,
      -0.5640836288426507,
      -0.7695266365769681
   ],
   "dists": [],
   "p1s": [
      [
         312.0,
         60.0
      ],
      [
         0.0,
         275.0
      ],
      [
         0.0,
         95.0
      ],
      [
         257.0,
         400.0
      ],
      [
         0.0,
         340.0
      ],
      [
         400.0,
         347.0
      ],
      [
         0.0,
         249.0
      ],
      [
         141.0,
         0.0
      ],
      [
         324.0,
         400.0
      ],
      [
         51.0,
         400.0
      ],
      [
         0.0,
         355.0
      ],
      [
         379.0,
         0.0
      ],
      [
         11.0,
         238.0
      ],
      [
         400.0,
         49.0
      ],
      [
         369.0,
         0.0
      ]
   ],
   "p2s": [
      [
         158.0,
         400.0
      ],
      [
         201.0,
         400.0
      ],
      [
         239.0,
         400.0
      ],
      [
         0.0,
         155.0
      ],
      [
         139.0,
         400.0
      ],
      [
         363.0,
         400.0
      ],
      [
         195.0,
         400.0
      ],
      [
         141.0,
         400.0
      ],
      [
         135.0,
         0.0
      ],
      [
         0.0,
         355.0
      ],
      [
         44.0,
         400.0
      ],
      [
         400.0,
         28.0
      ],
      [
         133.0,
         333.0
      ],
      [
         369.0,
         0.0
      ],
      [
         400.0,
         32.0
      ]
   ],
   "b1s": [],
   "b2s": [],
   "colors": [
      [
         0.0,
         0.0,
         0.0
      ],
      [
         0.0,
         0.0,
         0.0
      ],
      [
         0.0,
         0.0,
         0.0
      ],
      [
         0.0,
         0.0,
         0.0
      ],
      [
         0.0,
         0.0,
         0.0
      ],
      [
         0.0,
         0.0,
         0.0
      ],
      [
         0.0,
         0.0,
         0.0
      ],
      [
         0.0,
         0.0,
         0.0
      ],
      [
         0.0,
         0.0,
         0.0
      ],
      [
         0.0,
         0.0,
         0.0
      ],
      [
         0.0,
         0.0,
         0.0
      ],
      [
         0.0,
         0.0,
         0.0
      ],
      [
         0.0,
         0.0,
         0.0
      ],
      [
         0.0,
         0.0,
         0.0
      ],
      [
         0.0,
         0.0,
         0.0
      ]
   ],
   "categories": [
      0.0,
      0.0,
      0.0,
      0.0,
      0.0,
      0.0,
      0.0,
      0.0,
      0.0,
      0.0,
      0.0,
      0.0,
      0.0,
      0.0,
      0.0
   ]
}