{
   "angles": [
      -0.008775399243771222,
      0.008775397703658101
   ],
   "dists": [
      138.00000000000006,
      140.00000000000003
   ]
}