{
   "angles": [
      1.570786326794897,
      -1.5532555267692345
   ],
   "dists": [
      146.99999999265,
      -144.99999999275454
   ]
}