{
   "angles": [
      -0.02632620235022999,
      -0.04387701160813387,
      -0.008775399243771288,
      -0.026326202350230032,
      0.008775397703658027,
      -0.008775399243771268,
      0.008775397703658008
   ],
   "dists": [
      121.00000000000006,
      124.00000000000003,
      124.00000000000001,
      126.00000000000007,
      126.00000000000003,
      128.00000000000003,
      130.00000000000003
   ]
}