{
   "angles": [
      1.570786326794897,
      -1.5357047205874002,
      1.553235532929212
   ],
   "dists": [
      150.99999999245,
      -138.99999999306712,
      152.99999999235476
   ]
}